root,compressed_script,encryption,crypt_aes,crypt_blowfish,transaction_control,txc_mvlocks,txc_mvcc,txc_locks,table_type,memory_tables,cached_tables,small_cache,large_cache,logging,detailed_logging,no_write_delay,small_log,$<performance
1,0,0,0,0,1,0,0,1,1,1,0,0,0,0,0,0,0,248.6
1,0,1,1,0,1,0,0,1,1,1,0,0,0,0,0,0,0,249.8
1,0,1,1,0,1,0,0,1,1,1,0,0,0,1,0,0,0,250.6
1,0,1,1,0,1,0,0,1,1,1,0,0,0,1,0,1,0,250
1,0,1,1,0,1,0,0,1,1,1,0,0,0,1,0,1,1,251.4
1,0,1,1,0,1,0,0,1,1,1,0,0,0,1,0,0,1,251.4
1,0,1,1,0,1,0,0,1,1,1,0,0,0,1,1,0,0,250.2
1,0,1,1,0,1,0,0,1,1,1,0,0,0,1,1,1,0,250
1,0,1,1,0,1,0,0,1,1,1,0,0,0,1,1,1,1,251.4
1,0,1,1,0,1,0,0,1,1,1,0,0,0,1,1,0,1,251.6
1,0,1,1,0,1,0,1,0,1,1,0,0,0,0,0,0,0,250.2
1,0,1,1,0,1,0,1,0,1,1,0,0,0,1,0,0,0,250
1,0,1,1,0,1,0,1,0,1,1,0,0,0,1,0,1,0,249.6
1,0,1,1,0,1,0,1,0,1,1,0,0,0,1,0,1,1,251.2
1,0,1,1,0,1,0,1,0,1,1,0,0,0,1,0,0,1,251.2
1,0,1,1,0,1,0,1,0,1,1,0,0,0,1,1,0,0,250
1,0,1,1,0,1,0,1,0,1,1,0,0,0,1,1,1,0,250
1,0,1,1,0,1,0,1,0,1,1,0,0,0,1,1,1,1,251.4
1,0,1,1,0,1,0,1,0,1,1,0,0,0,1,1,0,1,251.4
1,0,1,1,0,1,0,1,0,1,1,0,0,0,0,0,1,0,249.6
1,0,1,1,0,1,0,1,0,1,1,0,0,0,0,0,1,1,251.4
1,0,1,1,0,1,0,1,0,1,1,0,0,0,0,0,0,1,251.2
1,0,1,1,0,1,1,0,0,1,1,0,0,0,0,0,0,0,249.8
1,0,1,1,0,1,1,0,0,1,1,0,0,0,1,0,0,0,249.4
1,0,1,1,0,1,1,0,0,1,1,0,0,0,1,0,1,0,249.6
1,0,1,1,0,1,1,0,0,1,1,0,0,0,1,0,1,1,251.4
1,0,1,1,0,1,1,0,0,1,1,0,0,0,1,0,0,1,251
1,0,1,1,0,1,1,0,0,1,1,0,0,0,1,1,0,0,249.6
1,0,1,1,0,1,1,0,0,1,1,0,0,0,1,1,1,0,249.4
1,0,1,1,0,1,1,0,0,1,1,0,0,0,1,1,1,1,251.4
1,0,1,1,0,1,1,0,0,1,1,0,0,0,1,1,0,1,251.4
1,0,1,1,0,1,1,0,0,1,1,0,0,0,0,0,1,0,249.4
1,0,1,1,0,1,1,0,0,1,1,0,0,0,0,0,1,1,251.2
1,0,1,1,0,1,1,0,0,1,1,0,0,0,0,0,0,1,251.2
1,0,1,1,0,1,0,0,1,1,1,0,0,0,0,0,1,0,250
1,0,1,1,0,1,0,0,1,1,1,0,0,0,0,0,1,1,251
1,0,1,1,0,1,0,0,1,1,1,0,0,0,0,0,0,1,251.4
1,0,1,0,1,1,0,0,1,1,1,0,0,0,0,0,0,0,320.6
1,0,1,0,1,1,0,0,1,1,1,0,0,0,1,0,0,0,321.2
1,0,1,0,1,1,0,0,1,1,1,0,0,0,1,0,1,0,321.2
1,0,1,0,1,1,0,0,1,1,1,0,0,0,1,0,1,1,322
1,0,1,0,1,1,0,0,1,1,1,0,0,0,1,0,0,1,321.8
1,0,1,0,1,1,0,0,1,1,1,0,0,0,1,1,0,0,320.8
1,0,1,0,1,1,0,0,1,1,1,0,0,0,1,1,1,0,320.8
1,0,1,0,1,1,0,0,1,1,1,0,0,0,1,1,1,1,322.2
1,0,1,0,1,1,0,0,1,1,1,0,0,0,1,1,0,1,322.4
1,0,1,0,1,1,0,1,0,1,1,0,0,0,0,0,0,0,320.4
1,0,1,0,1,1,0,1,0,1,1,0,0,0,1,0,0,0,320.8
1,0,1,0,1,1,0,1,0,1,1,0,0,0,1,0,1,0,321.2
1,0,1,0,1,1,0,1,0,1,1,0,0,0,1,0,1,1,321.8
1,0,1,0,1,1,0,1,0,1,1,0,0,0,1,0,0,1,321.8
1,0,1,0,1,1,0,1,0,1,1,0,0,0,1,1,0,0,320.2
1,0,1,0,1,1,0,1,0,1,1,0,0,0,1,1,1,0,320.6
1,0,1,0,1,1,0,1,0,1,1,0,0,0,1,1,1,1,321.8
1,0,1,0,1,1,0,1,0,1,1,0,0,0,1,1,0,1,321.4
1,0,1,0,1,1,0,1,0,1,1,0,0,0,0,0,1,0,320.4
1,0,1,0,1,1,0,1,0,1,1,0,0,0,0,0,1,1,321.6
1,0,1,0,1,1,0,1,0,1,1,0,0,0,0,0,0,1,321.8
1,0,1,0,1,1,1,0,0,1,1,0,0,0,0,0,0,0,320.2
1,0,1,0,1,1,1,0,0,1,1,0,0,0,1,0,0,0,320.2
1,0,1,0,1,1,1,0,0,1,1,0,0,0,1,0,1,0,320
1,0,1,0,1,1,1,0,0,1,1,0,0,0,1,0,1,1,321.8
1,0,1,0,1,1,1,0,0,1,1,0,0,0,1,0,0,1,322
1,0,1,0,1,1,1,0,0,1,1,0,0,0,1,1,0,0,320
1,0,1,0,1,1,1,0,0,1,1,0,0,0,1,1,1,0,320.2
1,0,1,0,1,1,1,0,0,1,1,0,0,0,1,1,1,1,322
1,0,1,0,1,1,1,0,0,1,1,0,0,0,1,1,0,1,248.4
1,0,1,0,1,1,1,0,0,1,1,0,0,0,0,0,1,0,320.4
1,0,1,0,1,1,1,0,0,1,1,0,0,0,0,0,1,1,321.8
1,0,1,0,1,1,1,0,0,1,1,0,0,0,0,0,0,1,322
1,0,1,0,1,1,0,0,1,1,1,0,0,0,0,0,1,0,321
1,0,1,0,1,1,0,0,1,1,1,0,0,0,0,0,1,1,249.2
1,0,1,0,1,1,0,0,1,1,1,0,0,0,0,0,0,1,322.4
1,0,0,0,0,1,0,0,1,1,0,1,0,0,0,0,0,0,262.6
1,0,1,1,0,1,0,0,1,1,0,1,0,0,0,0,0,0,262.4
1,0,1,1,0,1,0,0,1,1,0,1,0,0,1,0,0,0,262.2
1,0,1,1,0,1,0,0,1,1,0,1,0,0,1,0,1,0,261.8
1,0,1,1,0,1,0,0,1,1,0,1,0,0,1,0,1,1,264
1,0,1,1,0,1,0,0,1,1,0,1,0,0,1,0,0,1,264
1,0,1,1,0,1,0,0,1,1,0,1,0,0,1,1,0,0,262.4
1,0,1,1,0,1,0,0,1,1,0,1,0,0,1,1,1,0,262.4
1,0,1,1,0,1,0,0,1,1,0,1,0,0,1,1,1,1,264
1,0,1,1,0,1,0,0,1,1,0,1,0,0,1,1,0,1,264
1,0,1,1,0,1,0,1,0,1,0,1,0,0,0,0,0,0,262.6
1,0,1,1,0,1,0,1,0,1,0,1,0,0,1,0,0,0,262.8
1,0,1,1,0,1,0,1,0,1,0,1,0,0,1,0,1,0,262.8
1,0,1,1,0,1,0,1,0,1,0,1,0,0,1,0,1,1,264
1,0,1,1,0,1,0,1,0,1,0,1,0,0,1,0,0,1,264.2
1,0,1,1,0,1,0,1,0,1,0,1,0,0,1,1,0,0,262.6
1,0,1,1,0,1,0,1,0,1,0,1,0,0,1,1,1,0,262.4
1,0,1,1,0,1,0,1,0,1,0,1,0,0,1,1,1,1,264
1,0,1,1,0,1,0,1,0,1,0,1,0,0,1,1,0,1,263.8
1,0,1,1,0,1,0,1,0,1,0,1,0,0,0,0,1,0,262.6
1,0,1,1,0,1,0,1,0,1,0,1,0,0,0,0,1,1,264.4
1,0,1,1,0,1,0,1,0,1,0,1,0,0,0,0,0,1,264.2
1,0,1,1,0,1,1,0,0,1,0,1,0,0,0,0,0,0,262.6
1,0,1,1,0,1,1,0,0,1,0,1,0,0,1,0,0,0,263
1,0,1,1,0,1,1,0,0,1,0,1,0,0,1,0,1,0,262.6
1,0,1,1,0,1,1,0,0,1,0,1,0,0,1,0,1,1,264
1,0,1,1,0,1,1,0,0,1,0,1,0,0,1,0,0,1,264
1,0,1,1,0,1,1,0,0,1,0,1,0,0,1,1,0,0,262.6
1,0,1,1,0,1,1,0,0,1,0,1,0,0,1,1,1,0,262.6
1,0,1,1,0,1,1,0,0,1,0,1,0,0,1,1,1,1,264
1,0,1,1,0,1,1,0,0,1,0,1,0,0,1,1,0,1,264.2
1,0,1,1,0,1,1,0,0,1,0,1,0,0,0,0,1,0,263
1,0,1,1,0,1,1,0,0,1,0,1,0,0,0,0,1,1,263.8
1,0,1,1,0,1,1,0,0,1,0,1,0,0,0,0,0,1,264
1,0,1,1,0,1,0,0,1,1,0,1,0,0,0,0,1,0,262
1,0,1,1,0,1,0,0,1,1,0,1,0,0,0,0,1,1,264
1,0,1,1,0,1,0,0,1,1,0,1,0,0,0,0,0,1,263.6
1,0,1,0,1,1,0,0,1,1,0,1,0,0,0,0,0,0,477.4
1,0,1,0,1,1,0,0,1,1,0,1,0,0,1,0,0,0,478.8
1,0,1,0,1,1,0,0,1,1,0,1,0,0,1,0,1,0,478.4
1,0,1,0,1,1,0,0,1,1,0,1,0,0,1,0,1,1,479
1,0,1,0,1,1,0,0,1,1,0,1,0,0,1,0,0,1,478.8
1,0,1,0,1,1,0,0,1,1,0,1,0,0,1,1,0,0,478.4
1,0,1,0,1,1,0,0,1,1,0,1,0,0,1,1,1,0,477.8
1,0,1,0,1,1,0,0,1,1,0,1,0,0,1,1,1,1,479
1,0,1,0,1,1,0,0,1,1,0,1,0,0,1,1,0,1,479.4
1,0,1,0,1,1,0,1,0,1,0,1,0,0,0,0,0,0,510.4
1,0,1,0,1,1,0,1,0,1,0,1,0,0,1,0,0,0,511
1,0,1,0,1,1,0,1,0,1,0,1,0,0,1,0,1,0,511.4
1,0,1,0,1,1,0,1,0,1,0,1,0,0,1,0,1,1,511.2
1,0,1,0,1,1,0,1,0,1,0,1,0,0,1,0,0,1,511
1,0,1,0,1,1,0,1,0,1,0,1,0,0,1,1,0,0,511
1,0,1,0,1,1,0,1,0,1,0,1,0,0,1,1,1,0,511
1,0,1,0,1,1,0,1,0,1,0,1,0,0,1,1,1,1,511.6
1,0,1,0,1,1,0,1,0,1,0,1,0,0,1,1,0,1,510.8
1,0,1,0,1,1,0,1,0,1,0,1,0,0,0,0,1,0,510.6
1,0,1,0,1,1,0,1,0,1,0,1,0,0,0,0,1,1,511.4
1,0,1,0,1,1,0,1,0,1,0,1,0,0,0,0,0,1,511.6
1,0,1,0,1,1,1,0,0,1,0,1,0,0,0,0,0,0,511.8
1,0,1,0,1,1,1,0,0,1,0,1,0,0,1,0,0,0,511.6
1,0,1,0,1,1,1,0,0,1,0,1,0,0,1,0,1,0,510.2
1,0,1,0,1,1,1,0,0,1,0,1,0,0,1,0,1,1,511.4
1,0,1,0,1,1,1,0,0,1,0,1,0,0,1,0,0,1,511.2
1,0,1,0,1,1,1,0,0,1,0,1,0,0,1,1,0,0,510.4
1,0,1,0,1,1,1,0,0,1,0,1,0,0,1,1,1,0,510.6
1,0,1,0,1,1,1,0,0,1,0,1,0,0,1,1,1,1,511.4
1,0,1,0,1,1,1,0,0,1,0,1,0,0,1,1,0,1,511.4
1,0,1,0,1,1,1,0,0,1,0,1,0,0,0,0,1,0,511.2
1,0,1,0,1,1,1,0,0,1,0,1,0,0,0,0,1,1,511.2
1,0,1,0,1,1,1,0,0,1,0,1,0,0,0,0,0,1,510.8
1,0,1,0,1,1,0,0,1,1,0,1,0,0,0,0,1,0,478.4
1,0,1,0,1,1,0,0,1,1,0,1,0,0,0,0,1,1,478.8
1,0,1,0,1,1,0,0,1,1,0,1,0,0,0,0,0,1,479.8
1,1,0,0,0,1,0,0,1,1,0,1,0,0,0,0,0,0,262.2
1,1,1,1,0,1,0,0,1,1,0,1,0,0,0,0,0,0,262.4
1,1,1,1,0,1,0,0,1,1,0,1,0,0,1,0,0,0,262.6
1,1,1,1,0,1,0,0,1,1,0,1,0,0,1,0,1,0,262.8
1,1,1,1,0,1,0,0,1,1,0,1,0,0,1,0,1,1,264
1,1,1,1,0,1,0,0,1,1,0,1,0,0,1,0,0,1,263.4
1,1,1,1,0,1,0,0,1,1,0,1,0,0,1,1,0,0,262.8
1,1,1,1,0,1,0,0,1,1,0,1,0,0,1,1,1,0,262.4
1,1,1,1,0,1,0,0,1,1,0,1,0,0,1,1,1,1,263.6
1,1,1,1,0,1,0,0,1,1,0,1,0,0,1,1,0,1,263.8
1,1,1,1,0,1,0,1,0,1,0,1,0,0,0,0,0,0,262.4
1,1,1,1,0,1,0,1,0,1,0,1,0,0,1,0,0,0,262.8
1,1,1,1,0,1,0,1,0,1,0,1,0,0,1,0,1,0,262.2
1,1,1,1,0,1,0,1,0,1,0,1,0,0,1,0,1,1,264
1,1,1,1,0,1,0,1,0,1,0,1,0,0,1,0,0,1,264.2
1,1,1,1,0,1,0,1,0,1,0,1,0,0,1,1,0,0,262.2
1,1,1,1,0,1,0,1,0,1,0,1,0,0,1,1,1,0,262.6
1,1,1,1,0,1,0,1,0,1,0,1,0,0,1,1,1,1,264
1,1,1,1,0,1,0,1,0,1,0,1,0,0,1,1,0,1,264
1,1,1,1,0,1,0,1,0,1,0,1,0,0,0,0,1,0,262
1,1,1,1,0,1,0,1,0,1,0,1,0,0,0,0,1,1,263.8
1,1,1,1,0,1,0,1,0,1,0,1,0,0,0,0,0,1,263.6
1,1,1,1,0,1,1,0,0,1,0,1,0,0,0,0,0,0,263
1,1,1,1,0,1,1,0,0,1,0,1,0,0,1,0,0,0,263.2
1,1,1,1,0,1,1,0,0,1,0,1,0,0,1,0,1,0,262.6
1,1,1,1,0,1,1,0,0,1,0,1,0,0,1,0,1,1,264
1,1,1,1,0,1,1,0,0,1,0,1,0,0,1,0,0,1,264
1,1,1,1,0,1,1,0,0,1,0,1,0,0,1,1,0,0,263
1,1,1,1,0,1,1,0,0,1,0,1,0,0,1,1,1,0,263
1,1,1,1,0,1,1,0,0,1,0,1,0,0,1,1,1,1,263.4
1,1,1,1,0,1,1,0,0,1,0,1,0,0,1,1,0,1,264.2
1,1,1,1,0,1,1,0,0,1,0,1,0,0,0,0,1,0,262.6
1,1,1,1,0,1,1,0,0,1,0,1,0,0,0,0,1,1,263.6
1,1,1,1,0,1,1,0,0,1,0,1,0,0,0,0,0,1,264
1,1,1,1,0,1,0,0,1,1,0,1,0,0,0,0,1,0,262.2
1,1,1,1,0,1,0,0,1,1,0,1,0,0,0,0,1,1,263.8
1,1,1,1,0,1,0,0,1,1,0,1,0,0,0,0,0,1,264
1,1,1,0,1,1,0,0,1,1,0,1,0,0,0,0,0,0,477.4
1,1,1,0,1,1,0,0,1,1,0,1,0,0,1,0,0,0,476.8
1,1,1,0,1,1,0,0,1,1,0,1,0,0,1,0,1,0,477.8
1,1,1,0,1,1,0,0,1,1,0,1,0,0,1,0,1,1,480.4
1,1,1,0,1,1,0,0,1,1,0,1,0,0,1,0,0,1,478.4
1,1,1,0,1,1,0,0,1,1,0,1,0,0,1,1,0,0,477.4
1,1,1,0,1,1,0,0,1,1,0,1,0,0,1,1,1,0,478.6
1,1,1,0,1,1,0,0,1,1,0,1,0,0,1,1,1,1,480.4
1,1,1,0,1,1,0,0,1,1,0,1,0,0,1,1,0,1,478.6
1,1,1,0,1,1,0,1,0,1,0,1,0,0,0,0,0,0,510.6
1,1,1,0,1,1,0,1,0,1,0,1,0,0,1,0,0,0,512
1,1,1,0,1,1,0,1,0,1,0,1,0,0,1,0,1,0,510
1,1,1,0,1,1,0,1,0,1,0,1,0,0,1,0,1,1,511.8
1,1,1,0,1,1,0,1,0,1,0,1,0,0,1,0,0,1,511
1,1,1,0,1,1,0,1,0,1,0,1,0,0,1,1,0,0,510.2
1,1,1,0,1,1,0,1,0,1,0,1,0,0,1,1,1,0,511.4
1,1,1,0,1,1,0,1,0,1,0,1,0,0,1,1,1,1,511.2
1,1,1,0,1,1,0,1,0,1,0,1,0,0,1,1,0,1,510.6
1,1,1,0,1,1,0,1,0,1,0,1,0,0,0,0,1,0,511.2
1,1,1,0,1,1,0,1,0,1,0,1,0,0,0,0,1,1,511.2
1,1,1,0,1,1,0,1,0,1,0,1,0,0,0,0,0,1,512.8
1,1,1,0,1,1,1,0,0,1,0,1,0,0,0,0,0,0,509.8
1,1,1,0,1,1,1,0,0,1,0,1,0,0,1,0,0,0,510
1,1,1,0,1,1,1,0,0,1,0,1,0,0,1,0,1,0,510.8
1,1,1,0,1,1,1,0,0,1,0,1,0,0,1,0,1,1,512.8
1,1,1,0,1,1,1,0,0,1,0,1,0,0,1,0,0,1,510.4
1,1,1,0,1,1,1,0,0,1,0,1,0,0,1,1,0,0,509.8
1,1,1,0,1,1,1,0,0,1,0,1,0,0,1,1,1,0,512.4
1,1,1,0,1,1,1,0,0,1,0,1,0,0,1,1,1,1,512.4
1,1,1,0,1,1,1,0,0,1,0,1,0,0,1,1,0,1,510.4
1,1,1,0,1,1,1,0,0,1,0,1,0,0,0,0,1,0,510.4
1,1,1,0,1,1,1,0,0,1,0,1,0,0,0,0,1,1,513
1,1,1,0,1,1,1,0,0,1,0,1,0,0,0,0,0,1,510.8
1,1,1,0,1,1,0,0,1,1,0,1,0,0,0,0,1,0,477.8
1,1,1,0,1,1,0,0,1,1,0,1,0,0,0,0,1,1,480.6
1,1,1,0,1,1,0,0,1,1,0,1,0,0,0,0,0,1,478.6
1,1,0,0,0,1,0,0,1,1,0,1,0,0,1,0,0,0,262
1,1,0,0,0,1,0,0,1,1,0,1,0,0,1,0,1,0,262.2
1,1,0,0,0,1,0,0,1,1,0,1,0,0,1,0,1,1,264
1,1,0,0,0,1,0,0,1,1,0,1,0,0,1,0,0,1,263.4
1,1,0,0,0,1,0,0,1,1,0,1,0,0,1,1,0,0,262.4
1,1,0,0,0,1,0,0,1,1,0,1,0,0,1,1,1,0,262
1,1,0,0,0,1,0,0,1,1,0,1,0,0,1,1,1,1,263.4
1,1,0,0,0,1,0,0,1,1,0,1,0,0,1,1,0,1,263.6
1,1,0,0,0,1,0,1,0,1,0,1,0,0,0,0,0,0,262.2
1,1,0,0,0,1,0,1,0,1,0,1,0,0,1,0,0,0,262.4
1,1,0,0,0,1,0,1,0,1,0,1,0,0,1,0,1,0,262.4
1,1,0,0,0,1,0,1,0,1,0,1,0,0,1,0,1,1,263.4
1,1,0,0,0,1,0,1,0,1,0,1,0,0,1,0,0,1,263
1,1,0,0,0,1,0,1,0,1,0,1,0,0,1,1,0,0,262.4
1,1,0,0,0,1,0,1,0,1,0,1,0,0,1,1,1,0,262.4
1,1,0,0,0,1,0,1,0,1,0,1,0,0,1,1,1,1,263.4
1,1,0,0,0,1,0,1,0,1,0,1,0,0,1,1,0,1,263.6
1,1,0,0,0,1,0,1,0,1,0,1,0,0,0,0,1,0,262.4
1,1,0,0,0,1,0,1,0,1,0,1,0,0,0,0,1,1,263.4
1,1,0,0,0,1,0,1,0,1,0,1,0,0,0,0,0,1,263.6
1,1,0,0,0,1,1,0,0,1,0,1,0,0,0,0,0,0,261.8
1,1,0,0,0,1,1,0,0,1,0,1,0,0,1,0,0,0,262.4
1,1,0,0,0,1,1,0,0,1,0,1,0,0,1,0,1,0,262.2
1,1,0,0,0,1,1,0,0,1,0,1,0,0,1,0,1,1,263.4
1,1,0,0,0,1,1,0,0,1,0,1,0,0,1,0,0,1,263.4
1,1,0,0,0,1,1,0,0,1,0,1,0,0,1,1,0,0,262
1,1,0,0,0,1,1,0,0,1,0,1,0,0,1,1,1,0,261.8
1,1,0,0,0,1,1,0,0,1,0,1,0,0,1,1,1,1,263.8
1,1,0,0,0,1,1,0,0,1,0,1,0,0,1,1,0,1,263
1,1,0,0,0,1,1,0,0,1,0,1,0,0,0,0,1,0,262.2
1,1,0,0,0,1,1,0,0,1,0,1,0,0,0,0,1,1,263.6
1,1,0,0,0,1,1,0,0,1,0,1,0,0,0,0,0,1,263.2
1,1,0,0,0,1,0,0,1,1,0,1,0,0,0,0,1,0,262.2
1,1,0,0,0,1,0,0,1,1,0,1,0,0,0,0,1,1,263.8
1,1,0,0,0,1,0,0,1,1,0,1,0,0,0,0,0,1,263.8
1,0,0,0,0,1,0,0,1,1,0,1,0,0,1,0,0,0,262.4
1,0,0,0,0,1,0,0,1,1,0,1,0,0,1,0,1,0,262.4
1,0,0,0,0,1,0,0,1,1,0,1,0,0,1,0,1,1,263.4
1,0,0,0,0,1,0,0,1,1,0,1,0,0,1,0,0,1,263.6
1,0,0,0,0,1,0,0,1,1,0,1,0,0,1,1,0,0,262.2
1,0,0,0,0,1,0,0,1,1,0,1,0,0,1,1,1,0,264.8
1,0,0,0,0,1,0,0,1,1,0,1,0,0,1,1,1,1,263.6
1,0,0,0,0,1,0,0,1,1,0,1,0,0,1,1,0,1,264
1,0,0,0,0,1,0,1,0,1,0,1,0,0,0,0,0,0,262.4
1,0,0,0,0,1,0,1,0,1,0,1,0,0,1,0,0,0,264.6
1,0,0,0,0,1,0,1,0,1,0,1,0,0,1,0,1,0,262.2
1,0,0,0,0,1,0,1,0,1,0,1,0,0,1,0,1,1,263.6
1,0,0,0,0,1,0,1,0,1,0,1,0,0,1,0,0,1,263.2
1,0,0,0,0,1,0,1,0,1,0,1,0,0,1,1,0,0,248.8
1,0,0,0,0,1,0,1,0,1,0,1,0,0,1,1,1,0,262.2
1,0,0,0,0,1,0,1,0,1,0,1,0,0,1,1,1,1,263.2
1,0,0,0,0,1,0,1,0,1,0,1,0,0,1,1,0,1,263.2
1,0,0,0,0,1,0,1,0,1,0,1,0,0,0,0,1,0,262
1,0,0,0,0,1,0,1,0,1,0,1,0,0,0,0,1,1,265.6
1,0,0,0,0,1,0,1,0,1,0,1,0,0,0,0,0,1,263.8
1,0,0,0,0,1,1,0,0,1,0,1,0,0,0,0,0,0,264.8
1,0,0,0,0,1,1,0,0,1,0,1,0,0,1,0,0,0,264.6
1,0,0,0,0,1,1,0,0,1,0,1,0,0,1,0,1,0,264.8
1,0,0,0,0,1,1,0,0,1,0,1,0,0,1,0,1,1,266
1,0,0,0,0,1,1,0,0,1,0,1,0,0,1,0,0,1,266
1,0,0,0,0,1,1,0,0,1,0,1,0,0,1,1,0,0,262.2
1,0,0,0,0,1,1,0,0,1,0,1,0,0,1,1,1,0,264.2
1,0,0,0,0,1,1,0,0,1,0,1,0,0,1,1,1,1,263.2
1,0,0,0,0,1,1,0,0,1,0,1,0,0,1,1,0,1,265.8
1,0,0,0,0,1,1,0,0,1,0,1,0,0,0,0,1,0,264.4
1,0,0,0,0,1,1,0,0,1,0,1,0,0,0,0,1,1,263.4
1,0,0,0,0,1,1,0,0,1,0,1,0,0,0,0,0,1,263.4
1,0,0,0,0,1,0,0,1,1,0,1,0,0,0,0,1,0,262.6
1,0,0,0,0,1,0,0,1,1,0,1,0,0,0,0,1,1,263.8
1,0,0,0,0,1,0,0,1,1,0,1,0,0,0,0,0,1,263.6
1,1,0,0,0,1,0,0,1,1,1,0,0,0,0,0,0,0,249.8
1,1,1,1,0,1,0,0,1,1,1,0,0,0,0,0,0,0,250
1,1,1,1,0,1,0,0,1,1,1,0,0,0,1,0,0,0,250.6
1,1,1,1,0,1,0,0,1,1,1,0,0,0,1,0,1,0,250.2
1,1,1,1,0,1,0,0,1,1,1,0,0,0,1,0,1,1,251.6
1,1,1,1,0,1,0,0,1,1,1,0,0,0,1,0,0,1,251.4
1,1,1,1,0,1,0,0,1,1,1,0,0,0,1,1,0,0,249.6
1,1,1,1,0,1,0,0,1,1,1,0,0,0,1,1,1,0,249.8
1,1,1,1,0,1,0,0,1,1,1,0,0,0,1,1,1,1,251.4
1,1,1,1,0,1,0,0,1,1,1,0,0,0,1,1,0,1,251.6
1,1,1,1,0,1,0,1,0,1,1,0,0,0,0,0,0,0,249.8
1,1,1,1,0,1,0,1,0,1,1,0,0,0,1,0,0,0,249.6
1,1,1,1,0,1,0,1,0,1,1,0,0,0,1,0,1,0,249.4
1,1,1,1,0,1,0,1,0,1,1,0,0,0,1,0,1,1,251.2
1,1,1,1,0,1,0,1,0,1,1,0,0,0,1,0,0,1,251.4
1,1,1,1,0,1,0,1,0,1,1,0,0,0,1,1,0,0,249.8
1,1,1,1,0,1,0,1,0,1,1,0,0,0,1,1,1,0,250
1,1,1,1,0,1,0,1,0,1,1,0,0,0,1,1,1,1,251.4
1,1,1,1,0,1,0,1,0,1,1,0,0,0,1,1,0,1,251.6
1,1,1,1,0,1,0,1,0,1,1,0,0,0,0,0,1,0,249.8
1,1,1,1,0,1,0,1,0,1,1,0,0,0,0,0,1,1,251.6
1,1,1,1,0,1,0,1,0,1,1,0,0,0,0,0,0,1,251.4
1,1,1,1,0,1,1,0,0,1,1,0,0,0,0,0,0,0,249.8
1,1,1,1,0,1,1,0,0,1,1,0,0,0,1,0,0,0,249.6
1,1,1,1,0,1,1,0,0,1,1,0,0,0,1,0,1,0,249.8
1,1,1,1,0,1,1,0,0,1,1,0,0,0,1,0,1,1,251.2
1,1,1,1,0,1,1,0,0,1,1,0,0,0,1,0,0,1,251.4
1,1,1,1,0,1,1,0,0,1,1,0,0,0,1,1,0,0,249.6
1,1,1,1,0,1,1,0,0,1,1,0,0,0,1,1,1,0,250
1,1,1,1,0,1,1,0,0,1,1,0,0,0,1,1,1,1,251.6
1,1,1,1,0,1,1,0,0,1,1,0,0,0,1,1,0,1,251.4
1,1,1,1,0,1,1,0,0,1,1,0,0,0,0,0,1,0,250
1,1,1,1,0,1,1,0,0,1,1,0,0,0,0,0,1,1,251.2
1,1,1,1,0,1,1,0,0,1,1,0,0,0,0,0,0,1,251.2
1,1,1,1,0,1,0,0,1,1,1,0,0,0,0,0,1,0,250.2
1,1,1,1,0,1,0,0,1,1,1,0,0,0,0,0,1,1,251.2
1,1,1,1,0,1,0,0,1,1,1,0,0,0,0,0,0,1,251.8
1,1,1,0,1,1,0,0,1,1,1,0,0,0,0,0,0,0,321
1,1,1,0,1,1,0,0,1,1,1,0,0,0,1,0,0,0,321.2
1,1,1,0,1,1,0,0,1,1,1,0,0,0,1,0,1,0,321.2
1,1,1,0,1,1,0,0,1,1,1,0,0,0,1,0,1,1,322.4
1,1,1,0,1,1,0,0,1,1,1,0,0,0,1,0,0,1,322
1,1,1,0,1,1,0,0,1,1,1,0,0,0,1,1,0,0,320.2
1,1,1,0,1,1,0,0,1,1,1,0,0,0,1,1,1,0,320.2
1,1,1,0,1,1,0,0,1,1,1,0,0,0,1,1,1,1,323
1,1,1,0,1,1,0,0,1,1,1,0,0,0,1,1,0,1,322.2
1,1,1,0,1,1,0,1,0,1,1,0,0,0,0,0,0,0,320.2
1,1,1,0,1,1,0,1,0,1,1,0,0,0,1,0,0,0,320.2
1,1,1,0,1,1,0,1,0,1,1,0,0,0,1,0,1,0,320.4
1,1,1,0,1,1,0,1,0,1,1,0,0,0,1,0,1,1,322
1,1,1,0,1,1,0,1,0,1,1,0,0,0,1,0,0,1,322
1,1,1,0,1,1,0,1,0,1,1,0,0,0,1,1,0,0,320.4
1,1,1,0,1,1,0,1,0,1,1,0,0,0,1,1,1,0,320.8
1,1,1,0,1,1,0,1,0,1,1,0,0,0,1,1,1,1,322
1,1,1,0,1,1,0,1,0,1,1,0,0,0,1,1,0,1,321.8
1,1,1,0,1,1,0,1,0,1,1,0,0,0,0,0,1,0,320.2
1,1,1,0,1,1,0,1,0,1,1,0,0,0,0,0,1,1,321.8
1,1,1,0,1,1,0,1,0,1,1,0,0,0,0,0,0,1,321.8
1,1,1,0,1,1,1,0,0,1,1,0,0,0,0,0,0,0,319.8
1,1,1,0,1,1,1,0,0,1,1,0,0,0,1,0,0,0,320
1,1,1,0,1,1,1,0,0,1,1,0,0,0,1,0,1,0,320.2
1,1,1,0,1,1,1,0,0,1,1,0,0,0,1,0,1,1,322
1,1,1,0,1,1,1,0,0,1,1,0,0,0,1,0,0,1,321.8
1,1,1,0,1,1,1,0,0,1,1,0,0,0,1,1,0,0,320.2
1,1,1,0,1,1,1,0,0,1,1,0,0,0,1,1,1,0,320.2
1,1,1,0,1,1,1,0,0,1,1,0,0,0,1,1,1,1,322
1,1,1,0,1,1,1,0,0,1,1,0,0,0,1,1,0,1,321.6
1,1,1,0,1,1,1,0,0,1,1,0,0,0,0,0,1,0,320.4
1,1,1,0,1,1,1,0,0,1,1,0,0,0,0,0,1,1,322
1,1,1,0,1,1,1,0,0,1,1,0,0,0,0,0,0,1,322
1,1,1,0,1,1,0,0,1,1,1,0,0,0,0,0,1,0,320.8
1,1,1,0,1,1,0,0,1,1,1,0,0,0,0,0,1,1,321.8
1,1,1,0,1,1,0,0,1,1,1,0,0,0,0,0,0,1,321.8
1,1,0,0,0,1,0,0,1,1,1,0,0,0,1,0,0,0,249
1,1,0,0,0,1,0,0,1,1,1,0,0,0,1,0,1,0,249.6
1,1,0,0,0,1,0,0,1,1,1,0,0,0,1,0,1,1,251.6
1,1,0,0,0,1,0,0,1,1,1,0,0,0,1,0,0,1,251
1,1,0,0,0,1,0,0,1,1,1,0,0,0,1,1,0,0,249.6
1,1,0,0,0,1,0,0,1,1,1,0,0,0,1,1,1,0,249.8
1,1,0,0,0,1,0,0,1,1,1,0,0,0,1,1,1,1,251.4
1,1,0,0,0,1,0,0,1,1,1,0,0,0,1,1,0,1,251.4
1,1,0,0,0,1,0,1,0,1,1,0,0,0,0,0,0,0,249.8
1,1,0,0,0,1,0,1,0,1,1,0,0,0,1,0,0,0,249.8
1,1,0,0,0,1,0,1,0,1,1,0,0,0,1,0,1,0,249.2
1,1,0,0,0,1,0,1,0,1,1,0,0,0,1,0,1,1,251
1,1,0,0,0,1,0,1,0,1,1,0,0,0,1,0,0,1,251
1,1,0,0,0,1,0,1,0,1,1,0,0,0,1,1,0,0,250
1,1,0,0,0,1,0,1,0,1,1,0,0,0,1,1,1,0,249.8
1,1,0,0,0,1,0,1,0,1,1,0,0,0,1,1,1,1,251.2
1,1,0,0,0,1,0,1,0,1,1,0,0,0,1,1,0,1,251.2
1,1,0,0,0,1,0,1,0,1,1,0,0,0,0,0,1,0,249.6
1,1,0,0,0,1,0,1,0,1,1,0,0,0,0,0,1,1,251.2
1,1,0,0,0,1,0,1,0,1,1,0,0,0,0,0,0,1,252.2
1,1,0,0,0,1,1,0,0,1,1,0,0,0,0,0,0,0,249.4
1,1,0,0,0,1,1,0,0,1,1,0,0,0,1,0,0,0,249.2
1,1,0,0,0,1,1,0,0,1,1,0,0,0,1,0,1,0,249.6
1,1,0,0,0,1,1,0,0,1,1,0,0,0,1,0,1,1,255.2
1,1,0,0,0,1,1,0,0,1,1,0,0,0,1,0,0,1,251.2
1,1,0,0,0,1,1,0,0,1,1,0,0,0,1,1,0,0,249.8
1,1,0,0,0,1,1,0,0,1,1,0,0,0,1,1,1,0,249.2
1,1,0,0,0,1,1,0,0,1,1,0,0,0,1,1,1,1,251.2
1,1,0,0,0,1,1,0,0,1,1,0,0,0,1,1,0,1,251
1,1,0,0,0,1,1,0,0,1,1,0,0,0,0,0,1,0,249.8
1,1,0,0,0,1,1,0,0,1,1,0,0,0,0,0,1,1,250.8
1,1,0,0,0,1,1,0,0,1,1,0,0,0,0,0,0,1,251
1,1,0,0,0,1,0,0,1,1,1,0,0,0,0,0,1,0,250
1,1,0,0,0,1,0,0,1,1,1,0,0,0,0,0,1,1,251.4
1,1,0,0,0,1,0,0,1,1,1,0,0,0,0,0,0,1,251.2
1,0,0,0,0,1,0,0,1,1,0,1,0,1,0,0,0,0,262
1,0,1,1,0,1,0,0,1,1,0,1,0,1,0,0,0,0,262
1,0,1,1,0,1,0,0,1,1,0,1,0,1,1,0,0,0,262
1,0,1,1,0,1,0,0,1,1,0,1,0,1,1,0,1,0,262.6
1,0,1,1,0,1,0,0,1,1,0,1,0,1,1,0,1,1,263.6
1,0,1,1,0,1,0,0,1,1,0,1,0,1,1,0,0,1,263.6
1,0,1,1,0,1,0,0,1,1,0,1,0,1,1,1,0,0,262
1,0,1,1,0,1,0,0,1,1,0,1,0,1,1,1,1,0,262.8
1,0,1,1,0,1,0,0,1,1,0,1,0,1,1,1,1,1,263.8
1,0,1,1,0,1,0,0,1,1,0,1,0,1,1,1,0,1,263.2
1,0,1,1,0,1,0,1,0,1,0,1,0,1,0,0,0,0,263.6
1,0,1,1,0,1,0,1,0,1,0,1,0,1,1,0,0,0,263
1,0,1,1,0,1,0,1,0,1,0,1,0,1,1,0,1,0,262.8
1,0,1,1,0,1,0,1,0,1,0,1,0,1,1,0,1,1,264.4
1,0,1,1,0,1,0,1,0,1,0,1,0,1,1,0,0,1,263.8
1,0,1,1,0,1,0,1,0,1,0,1,0,1,1,1,0,0,263.4
1,0,1,1,0,1,0,1,0,1,0,1,0,1,1,1,1,0,263.2
1,0,1,1,0,1,0,1,0,1,0,1,0,1,1,1,1,1,263.8
1,0,1,1,0,1,0,1,0,1,0,1,0,1,1,1,0,1,263.8
1,0,1,1,0,1,0,1,0,1,0,1,0,1,0,0,1,0,263
1,0,1,1,0,1,0,1,0,1,0,1,0,1,0,0,1,1,263.4
1,0,1,1,0,1,0,1,0,1,0,1,0,1,0,0,0,1,263.8
1,0,1,1,0,1,1,0,0,1,0,1,0,1,0,0,0,0,262.4
1,0,1,1,0,1,1,0,0,1,0,1,0,1,1,0,0,0,263
1,0,1,1,0,1,1,0,0,1,0,1,0,1,1,0,1,0,262.8
1,0,1,1,0,1,1,0,0,1,0,1,0,1,1,0,1,1,263.6
1,0,1,1,0,1,1,0,0,1,0,1,0,1,1,0,0,1,264
1,0,1,1,0,1,1,0,0,1,0,1,0,1,1,1,0,0,263.2
1,0,1,1,0,1,1,0,0,1,0,1,0,1,1,1,1,0,263
1,0,1,1,0,1,1,0,0,1,0,1,0,1,1,1,1,1,263.2
1,0,1,1,0,1,1,0,0,1,0,1,0,1,1,1,0,1,263.8
1,0,1,1,0,1,1,0,0,1,0,1,0,1,0,0,1,0,262.6
1,0,1,1,0,1,1,0,0,1,0,1,0,1,0,0,1,1,263.6
1,0,1,1,0,1,1,0,0,1,0,1,0,1,0,0,0,1,264
1,0,1,1,0,1,0,0,1,1,0,1,0,1,0,0,1,0,262.8
1,0,1,1,0,1,0,0,1,1,0,1,0,1,0,0,1,1,263.6
1,0,1,1,0,1,0,0,1,1,0,1,0,1,0,0,0,1,263.8
1,0,1,0,1,1,0,0,1,1,0,1,0,1,0,0,0,0,477.6
1,0,1,0,1,1,0,0,1,1,0,1,0,1,1,0,0,0,476.6
1,0,1,0,1,1,0,0,1,1,0,1,0,1,1,0,1,0,477.2
1,0,1,0,1,1,0,0,1,1,0,1,0,1,1,0,1,1,478.4
1,0,1,0,1,1,0,0,1,1,0,1,0,1,1,0,0,1,478
1,0,1,0,1,1,0,0,1,1,0,1,0,1,1,1,0,0,477.6
1,0,1,0,1,1,0,0,1,1,0,1,0,1,1,1,1,0,477.2
1,0,1,0,1,1,0,0,1,1,0,1,0,1,1,1,1,1,478.6
1,0,1,0,1,1,0,0,1,1,0,1,0,1,1,1,0,1,478.6
1,0,1,0,1,1,0,1,0,1,0,1,0,1,0,0,0,0,511.8
1,0,1,0,1,1,0,1,0,1,0,1,0,1,1,0,0,0,509.8
1,0,1,0,1,1,0,1,0,1,0,1,0,1,1,0,1,0,511.4
1,0,1,0,1,1,0,1,0,1,0,1,0,1,1,0,1,1,511.4
1,0,1,0,1,1,0,1,0,1,0,1,0,1,1,0,0,1,510.2
1,0,1,0,1,1,0,1,0,1,0,1,0,1,1,1,0,0,512.2
1,0,1,0,1,1,0,1,0,1,0,1,0,1,1,1,1,0,509.6
1,0,1,0,1,1,0,1,0,1,0,1,0,1,1,1,1,1,511.4
1,0,1,0,1,1,0,1,0,1,0,1,0,1,1,1,0,1,511.4
1,0,1,0,1,1,0,1,0,1,0,1,0,1,0,0,1,0,511.2
1,0,1,0,1,1,0,1,0,1,0,1,0,1,0,0,1,1,249.4
1,0,1,0,1,1,0,1,0,1,0,1,0,1,0,0,0,1,510.6
1,0,1,0,1,1,1,0,0,1,0,1,0,1,0,0,0,0,509.6
1,0,1,0,1,1,1,0,0,1,0,1,0,1,1,0,0,0,509.8
1,0,1,0,1,1,1,0,0,1,0,1,0,1,1,0,1,0,509.4
1,0,1,0,1,1,1,0,0,1,0,1,0,1,1,0,1,1,510.4
1,0,1,0,1,1,1,0,0,1,0,1,0,1,1,0,0,1,511
1,0,1,0,1,1,1,0,0,1,0,1,0,1,1,1,0,0,509.8
1,0,1,0,1,1,1,0,0,1,0,1,0,1,1,1,1,0,510.2
1,0,1,0,1,1,1,0,0,1,0,1,0,1,1,1,1,1,510.4
1,0,1,0,1,1,1,0,0,1,0,1,0,1,1,1,0,1,510.4
1,0,1,0,1,1,1,0,0,1,0,1,0,1,0,0,1,0,509.8
1,0,1,0,1,1,1,0,0,1,0,1,0,1,0,0,1,1,511.4
1,0,1,0,1,1,1,0,0,1,0,1,0,1,0,0,0,1,510.6
1,0,1,0,1,1,0,0,1,1,0,1,0,1,0,0,1,0,477.2
1,0,1,0,1,1,0,0,1,1,0,1,0,1,0,0,1,1,478.2
1,0,1,0,1,1,0,0,1,1,0,1,0,1,0,0,0,1,478.4
1,1,0,0,0,1,0,0,1,1,0,1,0,1,0,0,0,0,262.4
1,1,1,1,0,1,0,0,1,1,0,1,0,1,0,0,0,0,264.8
1,1,1,1,0,1,0,0,1,1,0,1,0,1,1,0,0,0,265.2
1,1,1,1,0,1,0,0,1,1,0,1,0,1,1,0,1,0,261.8
1,1,1,1,0,1,0,0,1,1,0,1,0,1,1,0,1,1,266.6
1,1,1,1,0,1,0,0,1,1,0,1,0,1,1,0,0,1,263.8
1,1,1,1,0,1,0,0,1,1,0,1,0,1,1,1,0,0,262.8
1,1,1,1,0,1,0,0,1,1,0,1,0,1,1,1,1,0,261.6
1,1,1,1,0,1,0,0,1,1,0,1,0,1,1,1,1,1,266.6
1,1,1,1,0,1,0,0,1,1,0,1,0,1,1,1,0,1,263.6
1,1,1,1,0,1,0,1,0,1,0,1,0,1,0,0,0,0,263
1,1,1,1,0,1,0,1,0,1,0,1,0,1,1,0,0,0,263.2
1,1,1,1,0,1,0,1,0,1,0,1,0,1,1,0,1,0,262.6
1,1,1,1,0,1,0,1,0,1,0,1,0,1,1,0,1,1,266.2
1,1,1,1,0,1,0,1,0,1,0,1,0,1,1,0,0,1,263.8
1,1,1,1,0,1,0,1,0,1,0,1,0,1,1,1,0,0,263.4
1,1,1,1,0,1,0,1,0,1,0,1,0,1,1,1,1,0,262.6
1,1,1,1,0,1,0,1,0,1,0,1,0,1,1,1,1,1,266.2
1,1,1,1,0,1,0,1,0,1,0,1,0,1,1,1,0,1,264
1,1,1,1,0,1,0,1,0,1,0,1,0,1,0,0,1,0,263
1,1,1,1,0,1,0,1,0,1,0,1,0,1,0,0,1,1,266.6
1,1,1,1,0,1,0,1,0,1,0,1,0,1,0,0,0,1,264
1,1,1,1,0,1,1,0,0,1,0,1,0,1,0,0,0,0,249.2
1,1,1,1,0,1,1,0,0,1,0,1,0,1,1,0,0,0,263
1,1,1,1,0,1,1,0,0,1,0,1,0,1,1,0,1,0,262
1,1,1,1,0,1,1,0,0,1,0,1,0,1,1,0,1,1,249.4
1,1,1,1,0,1,1,0,0,1,0,1,0,1,1,0,0,1,263.2
1,1,1,1,0,1,1,0,0,1,0,1,0,1,1,1,0,0,262.4
1,1,1,1,0,1,1,0,0,1,0,1,0,1,1,1,1,0,262.2
1,1,1,1,0,1,1,0,0,1,0,1,0,1,1,1,1,1,266.8
1,1,1,1,0,1,1,0,0,1,0,1,0,1,1,1,0,1,264
1,1,1,1,0,1,1,0,0,1,0,1,0,1,0,0,1,0,262.2
1,1,1,1,0,1,1,0,0,1,0,1,0,1,0,0,1,1,266.6
1,1,1,1,0,1,1,0,0,1,0,1,0,1,0,0,0,1,263.4
1,1,1,1,0,1,0,0,1,1,0,1,0,1,0,0,1,0,261.4
1,1,1,1,0,1,0,0,1,1,0,1,0,1,0,0,1,1,264.2
1,1,1,1,0,1,0,0,1,1,0,1,0,1,0,0,0,1,263.8
1,1,1,0,1,1,0,0,1,1,0,1,0,1,0,0,0,0,479.2
1,1,1,0,1,1,0,0,1,1,0,1,0,1,1,0,0,0,479.6
1,1,1,0,1,1,0,0,1,1,0,1,0,1,1,0,1,0,480.6
1,1,1,0,1,1,0,0,1,1,0,1,0,1,1,0,1,1,480.6
1,1,1,0,1,1,0,0,1,1,0,1,0,1,1,0,0,1,479.4
1,1,1,0,1,1,0,0,1,1,0,1,0,1,1,1,0,0,477.4
1,1,1,0,1,1,0,0,1,1,0,1,0,1,1,1,1,0,478.2
1,1,1,0,1,1,0,0,1,1,0,1,0,1,1,1,1,1,478.8
1,1,1,0,1,1,0,0,1,1,0,1,0,1,1,1,0,1,481.2
1,1,1,0,1,1,0,1,0,1,0,1,0,1,0,0,0,0,512
1,1,1,0,1,1,0,1,0,1,0,1,0,1,1,0,0,0,512
1,1,1,0,1,1,0,1,0,1,0,1,0,1,1,0,1,0,510
1,1,1,0,1,1,0,1,0,1,0,1,0,1,1,0,1,1,512
1,1,1,0,1,1,0,1,0,1,0,1,0,1,1,0,0,1,511.6
1,1,1,0,1,1,0,1,0,1,0,1,0,1,1,1,0,0,512
1,1,1,0,1,1,0,1,0,1,0,1,0,1,1,1,1,0,510
1,1,1,0,1,1,0,1,0,1,0,1,0,1,1,1,1,1,511.4
1,1,1,0,1,1,0,1,0,1,0,1,0,1,1,1,0,1,511.8
1,1,1,0,1,1,0,1,0,1,0,1,0,1,0,0,1,0,509.6
1,1,1,0,1,1,0,1,0,1,0,1,0,1,0,0,1,1,511.4
1,1,1,0,1,1,0,1,0,1,0,1,0,1,0,0,0,1,510.8
1,1,1,0,1,1,1,0,0,1,0,1,0,1,0,0,0,0,510.6
1,1,1,0,1,1,1,0,0,1,0,1,0,1,1,0,0,0,510.6
1,1,1,0,1,1,1,0,0,1,0,1,0,1,1,0,1,0,511.6
1,1,1,0,1,1,1,0,0,1,0,1,0,1,1,0,1,1,511
1,1,1,0,1,1,1,0,0,1,0,1,0,1,1,0,0,1,511.4
1,1,1,0,1,1,1,0,0,1,0,1,0,1,1,1,0,0,512.4
1,1,1,0,1,1,1,0,0,1,0,1,0,1,1,1,1,0,510.2
1,1,1,0,1,1,1,0,0,1,0,1,0,1,1,1,1,1,511.2
1,1,1,0,1,1,1,0,0,1,0,1,0,1,1,1,0,1,510.8
1,1,1,0,1,1,1,0,0,1,0,1,0,1,0,0,1,0,510.6
1,1,1,0,1,1,1,0,0,1,0,1,0,1,0,0,1,1,510.8
1,1,1,0,1,1,1,0,0,1,0,1,0,1,0,0,0,1,511.6
1,1,1,0,1,1,0,0,1,1,0,1,0,1,0,0,1,0,480.6
1,1,1,0,1,1,0,0,1,1,0,1,0,1,0,0,1,1,478.6
1,1,1,0,1,1,0,0,1,1,0,1,0,1,0,0,0,1,480.2
1,1,0,0,0,1,0,0,1,1,0,1,0,1,1,0,0,0,262
1,1,0,0,0,1,0,0,1,1,0,1,0,1,1,0,1,0,262
1,1,0,0,0,1,0,0,1,1,0,1,0,1,1,0,1,1,263.8
1,1,0,0,0,1,0,0,1,1,0,1,0,1,1,0,0,1,264
1,1,0,0,0,1,0,0,1,1,0,1,0,1,1,1,0,0,264.8
1,1,0,0,0,1,0,0,1,1,0,1,0,1,1,1,1,0,262.4
1,1,0,0,0,1,0,0,1,1,0,1,0,1,1,1,1,1,264
1,1,0,0,0,1,0,0,1,1,0,1,0,1,1,1,0,1,263.6
1,1,0,0,0,1,0,1,0,1,0,1,0,1,0,0,0,0,264.4
1,1,0,0,0,1,0,1,0,1,0,1,0,1,1,0,0,0,264.4
1,1,0,0,0,1,0,1,0,1,0,1,0,1,1,0,1,0,262
1,1,0,0,0,1,0,1,0,1,0,1,0,1,1,0,1,1,263.6
1,1,0,0,0,1,0,1,0,1,0,1,0,1,1,0,0,1,262.8
1,1,0,0,0,1,0,1,0,1,0,1,0,1,1,1,0,0,264.6
1,1,0,0,0,1,0,1,0,1,0,1,0,1,1,1,1,0,262
1,1,0,0,0,1,0,1,0,1,0,1,0,1,1,1,1,1,263.4
1,1,0,0,0,1,0,1,0,1,0,1,0,1,1,1,0,1,263
1,1,0,0,0,1,0,1,0,1,0,1,0,1,0,0,1,0,262
1,1,0,0,0,1,0,1,0,1,0,1,0,1,0,0,1,1,263.4
1,1,0,0,0,1,0,1,0,1,0,1,0,1,0,0,0,1,263.2
1,1,0,0,0,1,1,0,0,1,0,1,0,1,0,0,0,0,264.8
1,1,0,0,0,1,1,0,0,1,0,1,0,1,1,0,0,0,262.2
1,1,0,0,0,1,1,0,0,1,0,1,0,1,1,0,1,0,262
1,1,0,0,0,1,1,0,0,1,0,1,0,1,1,0,1,1,263.2
1,1,0,0,0,1,1,0,0,1,0,1,0,1,1,0,0,1,263.2
1,1,0,0,0,1,1,0,0,1,0,1,0,1,1,1,0,0,249.4
1,1,0,0,0,1,1,0,0,1,0,1,0,1,1,1,1,0,261.8
1,1,0,0,0,1,1,0,0,1,0,1,0,1,1,1,1,1,263.6
1,1,0,0,0,1,1,0,0,1,0,1,0,1,1,1,0,1,265.6
1,1,0,0,0,1,1,0,0,1,0,1,0,1,0,0,1,0,261.6
1,1,0,0,0,1,1,0,0,1,0,1,0,1,0,0,1,1,266
1,1,0,0,0,1,1,0,0,1,0,1,0,1,0,0,0,1,263.2
1,1,0,0,0,1,0,0,1,1,0,1,0,1,0,0,1,0,262.6
1,1,0,0,0,1,0,0,1,1,0,1,0,1,0,0,1,1,265.6
1,1,0,0,0,1,0,0,1,1,0,1,0,1,0,0,0,1,263.2
1,0,0,0,0,1,0,0,1,1,0,1,0,1,1,0,0,0,261.6
1,0,0,0,0,1,0,0,1,1,0,1,0,1,1,0,1,0,262
1,0,0,0,0,1,0,0,1,1,0,1,0,1,1,0,1,1,264
1,0,0,0,0,1,0,0,1,1,0,1,0,1,1,0,0,1,264
1,0,0,0,0,1,0,0,1,1,0,1,0,1,1,1,0,0,262
1,0,0,0,0,1,0,0,1,1,0,1,0,1,1,1,1,0,264.4
1,0,0,0,0,1,0,0,1,1,0,1,0,1,1,1,1,1,266.2
1,0,0,0,0,1,0,0,1,1,0,1,0,1,1,1,0,1,263.4
1,0,0,0,0,1,0,1,0,1,0,1,0,1,0,0,0,0,262.2
1,0,0,0,0,1,0,1,0,1,0,1,0,1,1,0,0,0,262.4
1,0,0,0,0,1,0,1,0,1,0,1,0,1,1,0,1,0,262.2
1,0,0,0,0,1,0,1,0,1,0,1,0,1,1,0,1,1,263.6
1,0,0,0,0,1,0,1,0,1,0,1,0,1,1,0,0,1,263
1,0,0,0,0,1,0,1,0,1,0,1,0,1,1,1,0,0,262
1,0,0,0,0,1,0,1,0,1,0,1,0,1,1,1,1,0,262
1,0,0,0,0,1,0,1,0,1,0,1,0,1,1,1,1,1,263.4
1,0,0,0,0,1,0,1,0,1,0,1,0,1,1,1,0,1,265.2
1,0,0,0,0,1,0,1,0,1,0,1,0,1,0,0,1,0,262.2
1,0,0,0,0,1,0,1,0,1,0,1,0,1,0,0,1,1,263
1,0,0,0,0,1,0,1,0,1,0,1,0,1,0,0,0,1,263.2
1,0,0,0,0,1,1,0,0,1,0,1,0,1,0,0,0,0,265
1,0,0,0,0,1,1,0,0,1,0,1,0,1,1,0,0,0,261.8
1,0,0,0,0,1,1,0,0,1,0,1,0,1,1,0,1,0,262.2
1,0,0,0,0,1,1,0,0,1,0,1,0,1,1,0,1,1,263.4
1,0,0,0,0,1,1,0,0,1,0,1,0,1,1,0,0,1,263
1,0,0,0,0,1,1,0,0,1,0,1,0,1,1,1,0,0,262
1,0,0,0,0,1,1,0,0,1,0,1,0,1,1,1,1,0,262.4
1,0,0,0,0,1,1,0,0,1,0,1,0,1,1,1,1,1,263
1,0,0,0,0,1,1,0,0,1,0,1,0,1,1,1,0,1,263.4
1,0,0,0,0,1,1,0,0,1,0,1,0,1,0,0,1,0,262.4
1,0,0,0,0,1,1,0,0,1,0,1,0,1,0,0,1,1,263.6
1,0,0,0,0,1,1,0,0,1,0,1,0,1,0,0,0,1,262.6
1,0,0,0,0,1,0,0,1,1,0,1,0,1,0,0,1,0,262.4
1,0,0,0,0,1,0,0,1,1,0,1,0,1,0,0,1,1,263.2
1,0,0,0,0,1,0,0,1,1,0,1,0,1,0,0,0,1,263.6
1,0,0,0,0,1,0,0,1,1,1,0,0,0,1,0,0,0,249.2
1,0,0,0,0,1,0,0,1,1,1,0,0,0,1,0,1,0,249.2
1,0,0,0,0,1,0,0,1,1,1,0,0,0,1,0,1,1,249.4
1,0,0,0,0,1,0,0,1,1,1,0,0,0,1,0,0,1,249.6
1,0,0,0,0,1,0,0,1,1,1,0,0,0,1,1,0,0,248.6
1,0,0,0,0,1,0,0,1,1,1,0,0,0,1,1,1,0,249.2
1,0,0,0,0,1,0,0,1,1,1,0,0,0,1,1,1,1,249.2
1,0,0,0,0,1,0,0,1,1,1,0,0,0,1,1,0,1,250.4
1,0,0,0,0,1,0,1,0,1,1,0,0,0,0,0,0,0,248.6
1,0,0,0,0,1,0,1,0,1,1,0,0,0,1,0,0,0,248.8
1,0,0,0,0,1,0,1,0,1,1,0,0,0,1,0,1,0,248.8
1,0,0,0,0,1,0,1,0,1,1,0,0,0,1,0,1,1,249.6
1,0,0,0,0,1,0,1,0,1,1,0,0,0,1,0,0,1,249.2
1,0,0,0,0,1,0,1,0,1,1,0,0,0,1,1,0,0,248.6
1,0,0,0,0,1,0,1,0,1,1,0,0,0,1,1,1,0,248.4
1,0,0,0,0,1,0,1,0,1,1,0,0,0,1,1,1,1,249.4
1,0,0,0,0,1,0,1,0,1,1,0,0,0,1,1,0,1,249.6
1,0,0,0,0,1,0,1,0,1,1,0,0,0,0,0,1,0,248.6
1,0,0,0,0,1,0,1,0,1,1,0,0,0,0,0,1,1,249.6
1,0,0,0,0,1,0,1,0,1,1,0,0,0,0,0,0,1,249
1,0,0,0,0,1,1,0,0,1,1,0,0,0,0,0,0,0,248.2
1,0,0,0,0,1,1,0,0,1,1,0,0,0,1,0,0,0,248.8
1,0,0,0,0,1,1,0,0,1,1,0,0,0,1,0,1,0,248.4
1,0,0,0,0,1,1,0,0,1,1,0,0,0,1,0,1,1,249.4
1,0,0,0,0,1,1,0,0,1,1,0,0,0,1,0,0,1,249.4
1,0,0,0,0,1,1,0,0,1,1,0,0,0,1,1,0,0,249
1,0,0,0,0,1,1,0,0,1,1,0,0,0,1,1,1,0,248.6
1,0,0,0,0,1,1,0,0,1,1,0,0,0,1,1,1,1,249.4
1,0,0,0,0,1,1,0,0,1,1,0,0,0,1,1,0,1,249.4
1,0,0,0,0,1,1,0,0,1,1,0,0,0,0,0,1,0,249
1,0,0,0,0,1,1,0,0,1,1,0,0,0,0,0,1,1,248.8
1,0,0,0,0,1,1,0,0,1,1,0,0,0,0,0,0,1,249.2
1,0,0,0,0,1,0,0,1,1,1,0,0,0,0,0,1,0,248.8
1,0,0,0,0,1,0,0,1,1,1,0,0,0,0,0,1,1,249.6
1,0,0,0,0,1,0,0,1,1,0,1,1,0,0,0,0,0,261.8
1,0,1,1,0,1,0,0,1,1,0,1,1,0,0,0,0,0,262
1,0,1,1,0,1,0,0,1,1,0,1,1,0,1,0,0,0,261.8
1,0,1,1,0,1,0,0,1,1,0,1,1,0,1,0,1,0,262
1,0,1,1,0,1,0,0,1,1,0,1,1,0,1,0,1,1,265.4
1,0,1,1,0,1,0,0,1,1,0,1,1,0,1,0,0,1,265
1,0,1,1,0,1,0,0,1,1,0,1,1,0,1,1,0,0,262.6
1,0,1,1,0,1,0,0,1,1,0,1,1,0,1,1,1,0,262.2
1,0,1,1,0,1,0,0,1,1,0,1,1,0,1,1,1,1,265.4
1,0,1,1,0,1,0,0,1,1,0,1,1,0,1,1,0,1,265.2
1,0,1,1,0,1,0,1,0,1,0,1,1,0,0,0,0,0,262.6
1,0,1,1,0,1,0,1,0,1,0,1,1,0,1,0,0,0,262.8
1,0,1,1,0,1,0,1,0,1,0,1,1,0,1,0,1,0,263.4
1,0,1,1,0,1,0,1,0,1,0,1,1,0,1,0,1,1,265
1,0,1,1,0,1,0,1,0,1,0,1,1,0,1,0,0,1,265
1,0,1,1,0,1,0,1,0,1,0,1,1,0,1,1,0,0,263.2
1,0,1,1,0,1,0,1,0,1,0,1,1,0,1,1,1,0,262.8
1,0,1,1,0,1,0,1,0,1,0,1,1,0,1,1,1,1,264.6
1,0,1,1,0,1,0,1,0,1,0,1,1,0,1,1,0,1,264.6
1,0,1,1,0,1,0,1,0,1,0,1,1,0,0,0,1,0,262.8
1,0,1,1,0,1,0,1,0,1,0,1,1,0,0,0,1,1,265
1,0,1,1,0,1,0,1,0,1,0,1,1,0,0,0,0,1,264.8
1,0,1,1,0,1,1,0,0,1,0,1,1,0,0,0,0,0,262.6
1,0,1,1,0,1,1,0,0,1,0,1,1,0,1,0,0,0,263
1,0,1,1,0,1,1,0,0,1,0,1,1,0,1,0,1,0,263
1,0,1,1,0,1,1,0,0,1,0,1,1,0,1,0,1,1,264.8
1,0,1,1,0,1,1,0,0,1,0,1,1,0,1,0,0,1,264.4
1,0,1,1,0,1,1,0,0,1,0,1,1,0,1,1,0,0,262
1,0,1,1,0,1,1,0,0,1,0,1,1,0,1,1,1,0,262.6
1,0,1,1,0,1,1,0,0,1,0,1,1,0,1,1,1,1,265
1,0,1,1,0,1,1,0,0,1,0,1,1,0,1,1,0,1,265
1,0,1,1,0,1,1,0,0,1,0,1,1,0,0,0,1,0,262.6
1,0,1,1,0,1,1,0,0,1,0,1,1,0,0,0,1,1,265
1,0,1,1,0,1,1,0,0,1,0,1,1,0,0,0,0,1,264.4
1,0,1,1,0,1,0,0,1,1,0,1,1,0,0,0,1,0,262.2
1,0,1,1,0,1,0,0,1,1,0,1,1,0,0,0,1,1,265
1,0,1,1,0,1,0,0,1,1,0,1,1,0,0,0,0,1,265.4
1,0,1,0,1,1,0,0,1,1,0,1,1,0,0,0,0,0,481.8
1,0,1,0,1,1,0,0,1,1,0,1,1,0,1,0,0,0,482
1,0,1,0,1,1,0,0,1,1,0,1,1,0,1,0,1,0,482
1,0,1,0,1,1,0,0,1,1,0,1,1,0,1,0,1,1,484.6
1,0,1,0,1,1,0,0,1,1,0,1,1,0,1,0,0,1,484
1,0,1,0,1,1,0,0,1,1,0,1,1,0,1,1,0,0,481.6
1,0,1,0,1,1,0,0,1,1,0,1,1,0,1,1,1,0,482.4
1,0,1,0,1,1,0,0,1,1,0,1,1,0,1,1,1,1,484.4
1,0,1,0,1,1,0,0,1,1,0,1,1,0,1,1,0,1,484.2
1,0,1,0,1,1,0,1,0,1,0,1,1,0,0,0,0,0,517
1,0,1,0,1,1,0,1,0,1,0,1,1,0,1,0,0,0,517
1,0,1,0,1,1,0,1,0,1,0,1,1,0,1,0,1,0,517.8
1,0,1,0,1,1,0,1,0,1,0,1,1,0,1,0,1,1,519.6
1,0,1,0,1,1,0,1,0,1,0,1,1,0,1,0,0,1,519.4
1,0,1,0,1,1,0,1,0,1,0,1,1,0,1,1,0,0,517.2
1,0,1,0,1,1,0,1,0,1,0,1,1,0,1,1,1,0,518
1,0,1,0,1,1,0,1,0,1,0,1,1,0,1,1,1,1,519.8
1,0,1,0,1,1,0,1,0,1,0,1,1,0,1,1,0,1,519.6
1,0,1,0,1,1,0,1,0,1,0,1,1,0,0,0,1,0,518.2
1,0,1,0,1,1,0,1,0,1,0,1,1,0,0,0,1,1,519
1,0,1,0,1,1,0,1,0,1,0,1,1,0,0,0,0,1,519.2
1,0,1,0,1,1,1,0,0,1,0,1,1,0,0,0,0,0,517.4
1,0,1,0,1,1,1,0,0,1,0,1,1,0,1,0,0,0,517.2
1,0,1,0,1,1,1,0,0,1,0,1,1,0,1,0,1,0,517
1,0,1,0,1,1,1,0,0,1,0,1,1,0,1,0,1,1,520.2
1,0,1,0,1,1,1,0,0,1,0,1,1,0,1,0,0,1,519.2
1,0,1,0,1,1,1,0,0,1,0,1,1,0,1,1,0,0,517.8
1,0,1,0,1,1,1,0,0,1,0,1,1,0,1,1,1,0,517.6
1,0,1,0,1,1,1,0,0,1,0,1,1,0,1,1,1,1,520.2
1,0,1,0,1,1,1,0,0,1,0,1,1,0,1,1,0,1,519.6
1,0,1,0,1,1,1,0,0,1,0,1,1,0,0,0,1,0,517.6
1,0,1,0,1,1,1,0,0,1,0,1,1,0,0,0,1,1,520.2
1,0,1,0,1,1,1,0,0,1,0,1,1,0,0,0,0,1,519.8
1,0,1,0,1,1,0,0,1,1,0,1,1,0,0,0,1,0,482.4
1,0,1,0,1,1,0,0,1,1,0,1,1,0,0,0,1,1,484.8
1,0,1,0,1,1,0,0,1,1,0,1,1,0,0,0,0,1,485
1,1,0,0,0,1,0,0,1,1,0,1,1,0,0,0,0,0,261.8
1,1,1,1,0,1,0,0,1,1,0,1,1,0,0,0,0,0,261.8
1,1,1,1,0,1,0,0,1,1,0,1,1,0,1,0,0,0,261.6
1,1,1,1,0,1,0,0,1,1,0,1,1,0,1,0,1,0,262.4
1,1,1,1,0,1,0,0,1,1,0,1,1,0,1,0,1,1,265.2
1,1,1,1,0,1,0,0,1,1,0,1,1,0,1,0,0,1,265.4
1,1,1,1,0,1,0,0,1,1,0,1,1,0,1,1,0,0,262.2
1,1,1,1,0,1,0,0,1,1,0,1,1,0,1,1,1,0,262.2
1,1,1,1,0,1,0,0,1,1,0,1,1,0,1,1,1,1,265.2
1,1,1,1,0,1,0,0,1,1,0,1,1,0,1,1,0,1,265.4
1,1,1,1,0,1,0,1,0,1,0,1,1,0,0,0,0,0,262.6
1,1,1,1,0,1,0,1,0,1,0,1,1,0,1,0,0,0,263
1,1,1,1,0,1,0,1,0,1,0,1,1,0,1,0,1,0,263
1,1,1,1,0,1,0,1,0,1,0,1,1,0,1,0,1,1,265
1,1,1,1,0,1,0,1,0,1,0,1,1,0,1,0,0,1,264.2
1,1,1,1,0,1,0,1,0,1,0,1,1,0,1,1,0,0,263.2
1,1,1,1,0,1,0,1,0,1,0,1,1,0,1,1,1,0,262.8
1,1,1,1,0,1,0,1,0,1,0,1,1,0,1,1,1,1,264.4
1,1,1,1,0,1,0,1,0,1,0,1,1,0,1,1,0,1,264.6
1,1,1,1,0,1,0,1,0,1,0,1,1,0,0,0,1,0,262.6
1,1,1,1,0,1,0,1,0,1,0,1,1,0,0,0,1,1,264.4
1,1,1,1,0,1,0,1,0,1,0,1,1,0,0,0,0,1,265
1,1,1,1,0,1,1,0,0,1,0,1,1,0,0,0,0,0,262.2
1,1,1,1,0,1,1,0,0,1,0,1,1,0,1,0,0,0,262.8
1,1,1,1,0,1,1,0,0,1,0,1,1,0,1,0,1,0,262.8
1,1,1,1,0,1,1,0,0,1,0,1,1,0,1,0,1,1,264.6
1,1,1,1,0,1,1,0,0,1,0,1,1,0,1,0,0,1,264.8
1,1,1,1,0,1,1,0,0,1,0,1,1,0,1,1,0,0,262.6
1,1,1,1,0,1,1,0,0,1,0,1,1,0,1,1,1,0,262.6
1,1,1,1,0,1,1,0,0,1,0,1,1,0,1,1,1,1,264.4
1,1,1,1,0,1,1,0,0,1,0,1,1,0,1,1,0,1,264.2
1,1,1,1,0,1,1,0,0,1,0,1,1,0,0,0,1,0,262.6
1,1,1,1,0,1,1,0,0,1,0,1,1,0,0,0,1,1,264.8
1,1,1,1,0,1,1,0,0,1,0,1,1,0,0,0,0,1,264.6
1,1,1,1,0,1,0,0,1,1,0,1,1,0,0,0,1,0,262.4
1,1,1,1,0,1,0,0,1,1,0,1,1,0,0,0,1,1,265.2
1,1,1,1,0,1,0,0,1,1,0,1,1,0,0,0,0,1,265.2
1,1,1,0,1,1,0,0,1,1,0,1,1,0,0,0,0,0,481.4
1,1,1,0,1,1,0,0,1,1,0,1,1,0,1,0,0,0,481.2
1,1,1,0,1,1,0,0,1,1,0,1,1,0,1,0,1,0,481.4
1,1,1,0,1,1,0,0,1,1,0,1,1,0,1,0,1,1,485.4
1,1,1,0,1,1,0,0,1,1,0,1,1,0,1,0,0,1,485.2
1,1,1,0,1,1,0,0,1,1,0,1,1,0,1,1,0,0,480.8
1,1,1,0,1,1,0,0,1,1,0,1,1,0,1,1,1,0,482
1,1,1,0,1,1,0,0,1,1,0,1,1,0,1,1,1,1,484.2
1,1,1,0,1,1,0,0,1,1,0,1,1,0,1,1,0,1,484.8
1,1,1,0,1,1,0,1,0,1,0,1,1,0,0,0,0,0,516.8
1,1,1,0,1,1,0,1,0,1,0,1,1,0,1,0,0,0,517.2
1,1,1,0,1,1,0,1,0,1,0,1,1,0,1,0,1,0,517.8
1,1,1,0,1,1,0,1,0,1,0,1,1,0,1,0,1,1,519.6
1,1,1,0,1,1,0,1,0,1,0,1,1,0,1,0,0,1,518.8
1,1,1,0,1,1,0,1,0,1,0,1,1,0,1,1,0,0,517.2
1,1,1,0,1,1,0,1,0,1,0,1,1,0,1,1,1,0,517.8
1,1,1,0,1,1,0,1,0,1,0,1,1,0,1,1,1,1,520.2
1,1,1,0,1,1,0,1,0,1,0,1,1,0,1,1,0,1,519.4
1,1,1,0,1,1,0,1,0,1,0,1,1,0,0,0,1,0,517.4
1,1,1,0,1,1,0,1,0,1,0,1,1,0,0,0,1,1,519.2
1,1,1,0,1,1,0,1,0,1,0,1,1,0,0,0,0,1,518.4
1,1,1,0,1,1,1,0,0,1,0,1,1,0,0,0,0,0,517.6
1,1,1,0,1,1,1,0,0,1,0,1,1,0,1,0,0,0,516.4
1,1,1,0,1,1,1,0,0,1,0,1,1,0,1,0,1,0,518.2
1,1,1,0,1,1,1,0,0,1,0,1,1,0,1,0,1,1,519
1,1,1,0,1,1,1,0,0,1,0,1,1,0,1,0,0,1,519.4
1,1,1,0,1,1,1,0,0,1,0,1,1,0,1,1,0,0,517.2
1,1,1,0,1,1,1,0,0,1,0,1,1,0,1,1,1,0,518
1,1,1,0,1,1,1,0,0,1,0,1,1,0,1,1,1,1,519
1,1,1,0,1,1,1,0,0,1,0,1,1,0,1,1,0,1,518.6
1,1,1,0,1,1,1,0,0,1,0,1,1,0,0,0,1,0,517.8
1,1,1,0,1,1,1,0,0,1,0,1,1,0,0,0,1,1,519.4
1,1,1,0,1,1,1,0,0,1,0,1,1,0,0,0,0,1,519
1,1,1,0,1,1,0,0,1,1,0,1,1,0,0,0,1,0,481.8
1,1,1,0,1,1,0,0,1,1,0,1,1,0,0,0,1,1,484.8
1,1,1,0,1,1,0,0,1,1,0,1,1,0,0,0,0,1,483.8
1,1,0,0,0,1,0,0,1,1,0,1,1,0,1,0,0,0,262.2
1,1,0,0,0,1,0,0,1,1,0,1,1,0,1,0,1,0,261.8
1,1,0,0,0,1,0,0,1,1,0,1,1,0,1,0,1,1,264.6
1,1,0,0,0,1,0,0,1,1,0,1,1,0,1,0,0,1,265.2
1,1,0,0,0,1,0,0,1,1,0,1,1,0,1,1,0,0,262
1,1,0,0,0,1,0,0,1,1,0,1,1,0,1,1,1,0,261.6
1,1,0,0,0,1,0,0,1,1,0,1,1,0,1,1,1,1,265.6
1,1,0,0,0,1,0,0,1,1,0,1,1,0,1,1,0,1,265
1,1,0,0,0,1,0,1,0,1,0,1,1,0,0,0,0,0,263
1,1,0,0,0,1,0,1,0,1,0,1,1,0,1,0,0,0,262.8
1,1,0,0,0,1,0,1,0,1,0,1,1,0,1,0,1,0,263
1,1,0,0,0,1,0,1,0,1,0,1,1,0,1,0,1,1,264.4
1,1,0,0,0,1,0,1,0,1,0,1,1,0,1,0,0,1,264.4
1,1,0,0,0,1,0,1,0,1,0,1,1,0,1,1,0,0,262.8
1,1,0,0,0,1,0,1,0,1,0,1,1,0,1,1,1,0,263.2
1,1,0,0,0,1,0,1,0,1,0,1,1,0,1,1,1,1,264.4
1,1,0,0,0,1,0,1,0,1,0,1,1,0,1,1,0,1,264.6
1,1,0,0,0,1,0,1,0,1,0,1,1,0,0,0,1,0,263
1,1,0,0,0,1,0,1,0,1,0,1,1,0,0,0,1,1,264.4
1,1,0,0,0,1,0,1,0,1,0,1,1,0,0,0,0,1,263.6
1,1,0,0,0,1,1,0,0,1,0,1,1,0,0,0,0,0,262.6
1,1,0,0,0,1,1,0,0,1,0,1,1,0,1,0,0,0,262.4
1,1,0,0,0,1,1,0,0,1,0,1,1,0,1,0,1,0,262.6
1,1,0,0,0,1,1,0,0,1,0,1,1,0,1,0,1,1,264.2
1,1,0,0,0,1,1,0,0,1,0,1,1,0,1,0,0,1,264.2
1,1,0,0,0,1,1,0,0,1,0,1,1,0,1,1,0,0,262.6
1,1,0,0,0,1,1,0,0,1,0,1,1,0,1,1,1,0,262.4
1,1,0,0,0,1,1,0,0,1,0,1,1,0,1,1,1,1,264.6
1,1,0,0,0,1,1,0,0,1,0,1,1,0,1,1,0,1,263.8
1,1,0,0,0,1,1,0,0,1,0,1,1,0,0,0,1,0,263
1,1,0,0,0,1,1,0,0,1,0,1,1,0,0,0,1,1,264.6
1,1,0,0,0,1,1,0,0,1,0,1,1,0,0,0,0,1,264.6
1,1,0,0,0,1,0,0,1,1,0,1,1,0,0,0,1,0,262.2
1,1,0,0,0,1,0,0,1,1,0,1,1,0,0,0,1,1,264.8
1,1,0,0,0,1,0,0,1,1,0,1,1,0,0,0,0,1,265.2
1,0,0,0,0,1,0,0,1,1,0,1,1,0,1,0,0,0,261.8
1,0,0,0,0,1,0,0,1,1,0,1,1,0,1,0,1,0,262
1,0,0,0,0,1,0,0,1,1,0,1,1,0,1,0,1,1,265.2
1,0,0,0,0,1,0,0,1,1,0,1,1,0,1,0,0,1,265.2
1,0,0,0,0,1,0,0,1,1,0,1,1,0,1,1,0,0,262.2
1,0,0,0,0,1,0,0,1,1,0,1,1,0,1,1,1,0,262.6
1,0,0,0,0,1,0,0,1,1,0,1,1,0,1,1,1,1,265.2
1,0,0,0,0,1,0,0,1,1,0,1,1,0,1,1,0,1,264.6
1,0,0,0,0,1,0,1,0,1,0,1,1,0,0,0,0,0,262.6
1,0,0,0,0,1,0,1,0,1,0,1,1,0,1,0,0,0,262.8
1,0,0,0,0,1,0,1,0,1,0,1,1,0,1,0,1,0,262.6
1,0,0,0,0,1,0,1,0,1,0,1,1,0,1,0,1,1,264.6
1,0,0,0,0,1,0,1,0,1,0,1,1,0,1,0,0,1,264.2
1,0,0,0,0,1,0,1,0,1,0,1,1,0,1,1,0,0,262.8
1,0,0,0,0,1,0,1,0,1,0,1,1,0,1,1,1,0,263
1,0,0,0,0,1,0,1,0,1,0,1,1,0,1,1,1,1,264.4
1,0,0,0,0,1,0,1,0,1,0,1,1,0,1,1,0,1,264.6
1,0,0,0,0,1,0,1,0,1,0,1,1,0,0,0,1,0,263
1,0,0,0,0,1,0,1,0,1,0,1,1,0,0,0,1,1,264.4
1,0,0,0,0,1,0,1,0,1,0,1,1,0,0,0,0,1,264.6
1,0,0,0,0,1,1,0,0,1,0,1,1,0,0,0,0,0,262.4
1,0,0,0,0,1,1,0,0,1,0,1,1,0,1,0,0,0,262.6
1,0,0,0,0,1,1,0,0,1,0,1,1,0,1,0,1,0,262.6
1,0,0,0,0,1,1,0,0,1,0,1,1,0,1,0,1,1,264.6
1,0,0,0,0,1,1,0,0,1,0,1,1,0,1,0,0,1,264.2
1,0,0,0,0,1,1,0,0,1,0,1,1,0,1,1,0,0,262.8
1,0,0,0,0,1,1,0,0,1,0,1,1,0,1,1,1,0,262.8
1,0,0,0,0,1,1,0,0,1,0,1,1,0,1,1,1,1,264
1,0,0,0,0,1,1,0,0,1,0,1,1,0,1,1,0,1,264.4
1,0,0,0,0,1,1,0,0,1,0,1,1,0,0,0,1,0,262.8
1,0,0,0,0,1,1,0,0,1,0,1,1,0,0,0,1,1,264.4
1,0,0,0,0,1,1,0,0,1,0,1,1,0,0,0,0,1,264.4
1,0,0,0,0,1,0,0,1,1,0,1,1,0,0,0,1,0,262.2
1,0,0,0,0,1,0,0,1,1,0,1,1,0,0,0,1,1,264.8
1,0,0,0,0,1,0,0,1,1,0,1,1,0,0,0,0,1,264.6
1,0,0,0,0,1,0,0,1,1,1,0,0,0,0,0,0,1,249.4
