delayedInnodbLogFlush,delayedInnodbLogWrite,innodbFlushMethod,fsyncFlush,dsyncFlush,directFlush,binaryLog,innodbDoubleWrite,tempTableSize,innodbBufferPoolSize,innodbLogBufferSize,$<performance
0,0,1,0,0,1,0,0,256,8,1,152.73918
0,0,1,0,0,1,0,0,4096,8,1,156.03908
0,0,1,0,0,1,0,0,65536,8,1,147.44916
0,0,1,0,0,1,0,0,256,64,1,126.19916
0,0,1,0,0,1,0,0,4096,64,1,122.43356
0,0,1,0,0,1,0,0,65536,64,1,125.59792
0,0,1,0,0,1,0,0,256,512,1,121.4958
0,0,1,0,0,1,0,0,4096,512,1,124.5854
0,0,1,0,0,1,0,0,65536,512,1,124.92472
0,0,1,0,0,1,0,0,256,8,8,154.80596
0,0,1,0,0,1,0,0,4096,8,8,156.3613
0,0,1,0,0,1,0,0,65536,8,8,153.44792
0,0,1,0,0,1,0,0,256,64,8,127.65364
0,0,1,0,0,1,0,0,4096,64,8,126.46388
0,0,1,0,0,1,0,0,65536,64,8,121.13962
0,0,1,0,0,1,0,0,256,512,8,131.43594
0,0,1,0,0,1,0,0,4096,512,8,124.03382
0,0,1,0,0,1,0,0,65536,512,8,132.51554
0,0,1,0,0,1,0,0,256,8,64,144.89046
0,0,1,0,0,1,0,0,4096,8,64,157.60522
0,0,1,0,0,1,0,0,65536,8,64,145.1357
0,0,1,0,0,1,0,0,256,64,64,123.74794
0,0,1,0,0,1,0,0,4096,64,64,124.50118
0,0,1,0,0,1,0,0,65536,64,64,137.18522
0,0,1,0,0,1,0,0,256,512,64,123.31718
0,0,1,0,0,1,0,0,4096,512,64,129.99348
0,0,1,0,0,1,0,0,65536,512,64,123.12918
0,0,1,0,0,1,0,1,256,8,1,144.10294
0,0,1,0,0,1,0,1,4096,8,1,156.76458
0,0,1,0,0,1,0,1,65536,8,1,166.58138
0,0,1,0,0,1,0,1,256,64,1,130.06446
0,0,1,0,0,1,0,1,4096,64,1,123.9514
0,0,1,0,0,1,0,1,65536,64,1,127.50434
0,0,1,0,0,1,0,1,256,512,1,127.73696
0,0,1,0,0,1,0,1,4096,512,1,122.79732
0,0,1,0,0,1,0,1,65536,512,1,124.71252
0,0,1,0,0,1,0,1,256,8,8,158.39724
0,0,1,0,0,1,0,1,4096,8,8,146.89084
0,0,1,0,0,1,0,1,65536,8,8,158.41652
0,0,1,0,0,1,0,1,256,64,8,134.70682
0,0,1,0,0,1,0,1,4096,64,8,128.24036
0,0,1,0,0,1,0,1,65536,64,8,126.05994
0,0,1,0,0,1,0,1,256,512,8,127.35552
0,0,1,0,0,1,0,1,4096,512,8,123.98796
0,0,1,0,0,1,0,1,65536,512,8,121.53854
0,0,1,0,0,1,0,1,256,8,64,162.12026
0,0,1,0,0,1,0,1,4096,8,64,161.54806
0,0,1,0,0,1,0,1,65536,8,64,154.93498
0,0,1,0,0,1,0,1,256,64,64,126.68666
0,0,1,0,0,1,0,1,4096,64,64,132.82736
0,0,1,0,0,1,0,1,65536,64,64,126.07158
0,0,1,0,0,1,0,1,256,512,64,128.03164
0,0,1,0,0,1,0,1,4096,512,64,126.58534
0,0,1,0,0,1,0,1,65536,512,64,123.21752
0,0,1,0,0,1,1,0,256,8,1,155.27954
0,0,1,0,0,1,1,0,4096,8,1,150.15492
0,0,1,0,0,1,1,0,65536,8,1,151.12408
0,0,1,0,0,1,1,0,256,64,1,121.65688
0,0,1,0,0,1,1,0,4096,64,1,125.14584
0,0,1,0,0,1,1,0,65536,64,1,130.5549
0,0,1,0,0,1,1,0,256,512,1,123.03776
0,0,1,0,0,1,1,0,4096,512,1,127.9971
0,0,1,0,0,1,1,0,65536,512,1,120.80258
0,0,1,0,0,1,1,0,256,8,8,157.02718
0,0,1,0,0,1,1,0,4096,8,8,157.59948
0,0,1,0,0,1,1,0,65536,8,8,154.82452
0,0,1,0,0,1,1,0,256,64,8,124.88612
0,0,1,0,0,1,1,0,4096,64,8,122.51534
0,0,1,0,0,1,1,0,65536,64,8,129.98792
0,0,1,0,0,1,1,0,256,512,8,126.42628
0,0,1,0,0,1,1,0,4096,512,8,126.54116
0,0,1,0,0,1,1,0,65536,512,8,127.09406
0,0,1,0,0,1,1,0,256,8,64,151.09998
0,0,1,0,0,1,1,0,4096,8,64,150.9635
0,0,1,0,0,1,1,0,65536,8,64,154.80834
0,0,1,0,0,1,1,0,256,64,64,130.7902
0,0,1,0,0,1,1,0,4096,64,64,124.37072
0,0,1,0,0,1,1,0,65536,64,64,128.23782
0,0,1,0,0,1,1,0,256,512,64,123.42444
0,0,1,0,0,1,1,0,4096,512,64,130.41156
0,0,1,0,0,1,1,0,65536,512,64,130.63224
0,0,1,0,0,1,1,1,256,8,1,157.41666
0,0,1,0,0,1,1,1,4096,8,1,158.9126
0,0,1,0,0,1,1,1,65536,8,1,149.68294
0,0,1,0,0,1,1,1,256,64,1,132.66998
0,0,1,0,0,1,1,1,4096,64,1,119.60958
0,0,1,0,0,1,1,1,65536,64,1,122.40158
0,0,1,0,0,1,1,1,256,512,1,128.5144
0,0,1,0,0,1,1,1,4096,512,1,125.47892
0,0,1,0,0,1,1,1,65536,512,1,126.42044
0,0,1,0,0,1,1,1,256,8,8,156.3033
0,0,1,0,0,1,1,1,4096,8,8,160.3014
0,0,1,0,0,1,1,1,65536,8,8,157.0833
0,0,1,0,0,1,1,1,256,64,8,123.3531
0,0,1,0,0,1,1,1,4096,64,8,128.6533
0,0,1,0,0,1,1,1,65536,64,8,128.07834
0,0,1,0,0,1,1,1,256,512,8,127.2561
0,0,1,0,0,1,1,1,4096,512,8,127.03776
0,0,1,0,0,1,1,1,65536,512,8,127.933
0,0,1,0,0,1,1,1,256,8,64,161.1823
0,0,1,0,0,1,1,1,4096,8,64,156.44024
0,0,1,0,0,1,1,1,65536,8,64,158.61462
0,0,1,0,0,1,1,1,256,64,64,119.71472
0,0,1,0,0,1,1,1,4096,64,64,134.6838
0,0,1,0,0,1,1,1,65536,64,64,126.18942
0,0,1,0,0,1,1,1,256,512,64,132.45906
0,0,1,0,0,1,1,1,4096,512,64,125.4029
0,0,1,0,0,1,1,1,65536,512,64,132.96178
0,0,1,0,1,0,0,0,256,8,1,133.8734
0,0,1,0,1,0,0,0,4096,8,1,130.38654
0,0,1,0,1,0,0,0,65536,8,1,134.8711
0,0,1,0,1,0,0,0,256,64,1,125.8765
0,0,1,0,1,0,0,0,4096,64,1,122.5031
0,0,1,0,1,0,0,0,65536,64,1,126.95272
0,0,1,0,1,0,0,0,256,512,1,121.76812
0,0,1,0,1,0,0,0,4096,512,1,124.4384
0,0,1,0,1,0,0,0,65536,512,1,116.54328
0,0,1,0,1,0,0,0,256,8,8,141.5357
0,0,1,0,1,0,0,0,4096,8,8,130.19062
0,0,1,0,1,0,0,0,65536,8,8,143.47706
0,0,1,0,1,0,0,0,256,64,8,118.71272
0,0,1,0,1,0,0,0,4096,64,8,122.11334
0,0,1,0,1,0,0,0,65536,64,8,130.33546
0,0,1,0,1,0,0,0,256,512,8,120.04518
0,0,1,0,1,0,0,0,4096,512,8,128.82076
0,0,1,0,1,0,0,0,65536,512,8,123.5542
0,0,1,0,1,0,0,0,256,8,64,136.3216
0,0,1,0,1,0,0,0,4096,8,64,142.59304
0,0,1,0,1,0,0,0,65536,8,64,127.47296
0,0,1,0,1,0,0,0,256,64,64,125.147
0,0,1,0,1,0,0,0,4096,64,64,129.5978
0,0,1,0,1,0,0,0,65536,64,64,122.31586
0,0,1,0,1,0,0,0,256,512,64,123.74038
0,0,1,0,1,0,0,0,4096,512,64,122.58516
0,0,1,0,1,0,0,0,65536,512,64,119.98422
0,0,1,0,1,0,0,1,256,8,1,144.14208
0,0,1,0,1,0,0,1,4096,8,1,133.04866
0,0,1,0,1,0,0,1,65536,8,1,143.37686
0,0,1,0,1,0,0,1,256,64,1,119.4129
0,0,1,0,1,0,0,1,4096,64,1,126.88348
0,0,1,0,1,0,0,1,65536,64,1,128.19488
0,0,1,0,1,0,0,1,256,512,1,123.35668
0,0,1,0,1,0,0,1,4096,512,1,121.12112
0,0,1,0,1,0,0,1,65536,512,1,128.17996
0,0,1,0,1,0,0,1,256,8,8,138.82874
0,0,1,0,1,0,0,1,4096,8,8,141.44516
0,0,1,0,1,0,0,1,65536,8,8,137.57252
0,0,1,0,1,0,0,1,256,64,8,121.81652
0,0,1,0,1,0,0,1,4096,64,8,125.32428
0,0,1,0,1,0,0,1,65536,64,8,121.66166
0,0,1,0,1,0,0,1,256,512,8,129.32582
0,0,1,0,1,0,0,1,4096,512,8,119.49762
0,0,1,0,1,0,0,1,65536,512,8,124.18236
0,0,1,0,1,0,0,1,256,8,64,148.7905
0,0,1,0,1,0,0,1,4096,8,64,137.68756
0,0,1,0,1,0,0,1,65536,8,64,136.82162
0,0,1,0,1,0,0,1,256,64,64,130.206
0,0,1,0,1,0,0,1,4096,64,64,124.30566
0,0,1,0,1,0,0,1,65536,64,64,119.65122
0,0,1,0,1,0,0,1,256,512,64,126.58268
0,0,1,0,1,0,0,1,4096,512,64,120.55142
0,0,1,0,1,0,0,1,65536,512,64,127.48132
0,0,1,0,1,0,1,0,256,8,1,137.3268
0,0,1,0,1,0,1,0,4096,8,1,133.35806
0,0,1,0,1,0,1,0,65536,8,1,130.74398
0,0,1,0,1,0,1,0,256,64,1,124.93068
0,0,1,0,1,0,1,0,4096,64,1,122.34024
0,0,1,0,1,0,1,0,65536,64,1,117.1161
0,0,1,0,1,0,1,0,256,512,1,122.39848
0,0,1,0,1,0,1,0,4096,512,1,126.16168
0,0,1,0,1,0,1,0,65536,512,1,122.94006
0,0,1,0,1,0,1,0,256,8,8,129.6758
0,0,1,0,1,0,1,0,4096,8,8,138.4986
0,0,1,0,1,0,1,0,65536,8,8,132.15158
0,0,1,0,1,0,1,0,256,64,8,127.43578
0,0,1,0,1,0,1,0,4096,64,8,125.81428
0,0,1,0,1,0,1,0,65536,64,8,116.6673
0,0,1,0,1,0,1,0,256,512,8,128.44016
0,0,1,0,1,0,1,0,4096,512,8,120.16428
0,0,1,0,1,0,1,0,65536,512,8,124.34794
0,0,1,0,1,0,1,0,256,8,64,141.05542
0,0,1,0,1,0,1,0,4096,8,64,133.70762
0,0,1,0,1,0,1,0,65536,8,64,128.97906
0,0,1,0,1,0,1,0,256,64,64,132.12074
0,0,1,0,1,0,1,0,4096,64,64,118.49984
0,0,1,0,1,0,1,0,65536,64,64,123.32718
0,0,1,0,1,0,1,0,256,512,64,123.84286
0,0,1,0,1,0,1,0,4096,512,64,122.86904
0,0,1,0,1,0,1,0,65536,512,64,122.49424
0,0,1,0,1,0,1,1,256,8,1,152.217
0,0,1,0,1,0,1,1,4096,8,1,145.03374
0,0,1,0,1,0,1,1,65536,8,1,141.3474
0,0,1,0,1,0,1,1,256,64,1,121.5259
0,0,1,0,1,0,1,1,4096,64,1,122.40266
0,0,1,0,1,0,1,1,65536,64,1,123.2026
0,0,1,0,1,0,1,1,256,512,1,121.89858
0,0,1,0,1,0,1,1,4096,512,1,117.17612
0,0,1,0,1,0,1,1,65536,512,1,132.1251
0,0,1,0,1,0,1,1,256,8,8,141.39298
0,0,1,0,1,0,1,1,4096,8,8,137.38848
0,0,1,0,1,0,1,1,65536,8,8,143.58672
0,0,1,0,1,0,1,1,256,64,8,123.13778
0,0,1,0,1,0,1,1,4096,64,8,129.69056
0,0,1,0,1,0,1,1,65536,64,8,119.44074
0,0,1,0,1,0,1,1,256,512,8,125.4251
0,0,1,0,1,0,1,1,4096,512,8,127.32126
0,0,1,0,1,0,1,1,65536,512,8,123.79126
0,0,1,0,1,0,1,1,256,8,64,140.65262
0,0,1,0,1,0,1,1,4096,8,64,142.03192
0,0,1,0,1,0,1,1,65536,8,64,149.00528
0,0,1,0,1,0,1,1,256,64,64,120.3985
0,0,1,0,1,0,1,1,4096,64,64,127.76354
0,0,1,0,1,0,1,1,65536,64,64,120.87956
0,0,1,0,1,0,1,1,256,512,64,128.1722
0,0,1,0,1,0,1,1,4096,512,64,119.87162
0,0,1,0,1,0,1,1,65536,512,64,128.42286
0,0,1,1,0,0,0,0,256,8,1,134.159
0,0,1,1,0,0,0,0,4096,8,1,134.07314
0,0,1,1,0,0,0,0,65536,8,1,142.92294
0,0,1,1,0,0,0,0,256,64,1,128.05728
0,0,1,1,0,0,0,0,4096,64,1,127.08366
0,0,1,1,0,0,0,0,65536,64,1,132.8667
0,0,1,1,0,0,0,0,256,512,1,121.01138
0,0,1,1,0,0,0,0,4096,512,1,130.80306
0,0,1,1,0,0,0,0,65536,512,1,122.68394
0,0,1,1,0,0,0,0,256,8,8,141.8665
0,0,1,1,0,0,0,0,4096,8,8,133.94498
0,0,1,1,0,0,0,0,65536,8,8,130.92508
0,0,1,1,0,0,0,0,256,64,8,132.22466
0,0,1,1,0,0,0,0,4096,64,8,133.23082
0,0,1,1,0,0,0,0,65536,64,8,118.74762
0,0,1,1,0,0,0,0,256,512,8,132.97902
0,0,1,1,0,0,0,0,4096,512,8,122.03872
0,0,1,1,0,0,0,0,65536,512,8,125.83226
0,0,1,1,0,0,0,0,256,8,64,145.7535
0,0,1,1,0,0,0,0,4096,8,64,136.8618
0,0,1,1,0,0,0,0,65536,8,64,130.15928
0,0,1,1,0,0,0,0,256,64,64,123.8099
0,0,1,1,0,0,0,0,4096,64,64,120.69796
0,0,1,1,0,0,0,0,65536,64,64,132.61108
0,0,1,1,0,0,0,0,256,512,64,121.16048
0,0,1,1,0,0,0,0,4096,512,64,133.14894
0,0,1,1,0,0,0,0,65536,512,64,121.19756
0,0,1,1,0,0,0,1,256,8,1,144.50336
0,0,1,1,0,0,0,1,4096,8,1,153.89284
0,0,1,1,0,0,0,1,65536,8,1,140.5177
0,0,1,1,0,0,0,1,256,64,1,129.07092
0,0,1,1,0,0,0,1,4096,64,1,126.43004
0,0,1,1,0,0,0,1,65536,64,1,126.37066
0,0,1,1,0,0,0,1,256,512,1,124.15222
0,0,1,1,0,0,0,1,4096,512,1,130.82618
0,0,1,1,0,0,0,1,65536,512,1,128.19848
0,0,1,1,0,0,0,1,256,8,8,151.1579
0,0,1,1,0,0,0,1,4096,8,8,148.08202
0,0,1,1,0,0,0,1,65536,8,8,151.05694
0,0,1,1,0,0,0,1,256,64,8,125.81394
0,0,1,1,0,0,0,1,4096,64,8,132.5364
0,0,1,1,0,0,0,1,65536,64,8,123.03554
0,0,1,1,0,0,0,1,256,512,8,127.2568
0,0,1,1,0,0,0,1,4096,512,8,128.96538
0,0,1,1,0,0,0,1,65536,512,8,124.1885
0,0,1,1,0,0,0,1,256,8,64,148.80866
0,0,1,1,0,0,0,1,4096,8,64,148.83304
0,0,1,1,0,0,0,1,65536,8,64,137.99884
0,0,1,1,0,0,0,1,256,64,64,132.98276
0,0,1,1,0,0,0,1,4096,64,64,128.1323
0,0,1,1,0,0,0,1,65536,64,64,122.30182
0,0,1,1,0,0,0,1,256,512,64,133.24688
0,0,1,1,0,0,0,1,4096,512,64,122.01272
0,0,1,1,0,0,0,1,65536,512,64,128.86494
0,0,1,1,0,0,1,0,256,8,1,139.07924
0,0,1,1,0,0,1,0,4096,8,1,136.3501
0,0,1,1,0,0,1,0,65536,8,1,144.74576
0,0,1,1,0,0,1,0,256,64,1,122.84808
0,0,1,1,0,0,1,0,4096,64,1,134.19488
0,0,1,1,0,0,1,0,65536,64,1,123.75996
0,0,1,1,0,0,1,0,256,512,1,130.67152
0,0,1,1,0,0,1,0,4096,512,1,124.62308
0,0,1,1,0,0,1,0,65536,512,1,126.68664
0,0,1,1,0,0,1,0,256,8,8,138.83882
0,0,1,1,0,0,1,0,4096,8,8,137.61756
0,0,1,1,0,0,1,0,65536,8,8,142.7193
0,0,1,1,0,0,1,0,256,64,8,126.9735
0,0,1,1,0,0,1,0,4096,64,8,124.86756
0,0,1,1,0,0,1,0,65536,64,8,127.55812
0,0,1,1,0,0,1,0,256,512,8,127.84854
0,0,1,1,0,0,1,0,4096,512,8,123.19344
0,0,1,1,0,0,1,0,65536,512,8,126.48614
0,0,1,1,0,0,1,0,256,8,64,135.55848
0,0,1,1,0,0,1,0,4096,8,64,133.4588
0,0,1,1,0,0,1,0,65536,8,64,145.82314
0,0,1,1,0,0,1,0,256,64,64,123.0529
0,0,1,1,0,0,1,0,4096,64,64,124.1402
0,0,1,1,0,0,1,0,65536,64,64,127.22164
0,0,1,1,0,0,1,0,256,512,64,124.73216
0,0,1,1,0,0,1,0,4096,512,64,125.74888
0,0,1,1,0,0,1,0,65536,512,64,124.91988
0,0,1,1,0,0,1,1,256,8,1,153.34724
0,0,1,1,0,0,1,1,4096,8,1,145.38846
0,0,1,1,0,0,1,1,65536,8,1,143.50224
0,0,1,1,0,0,1,1,256,64,1,130.18698
0,0,1,1,0,0,1,1,4096,64,1,125.53138
0,0,1,1,0,0,1,1,65536,64,1,130.16412
0,0,1,1,0,0,1,1,256,512,1,125.1743
0,0,1,1,0,0,1,1,4096,512,1,122.16874
0,0,1,1,0,0,1,1,65536,512,1,126.69042
0,0,1,1,0,0,1,1,256,8,8,148.29248
0,0,1,1,0,0,1,1,4096,8,8,156.57734
0,0,1,1,0,0,1,1,65536,8,8,153.00598
0,0,1,1,0,0,1,1,256,64,8,122.72676
0,0,1,1,0,0,1,1,4096,64,8,125.00436
0,0,1,1,0,0,1,1,65536,64,8,128.36516
0,0,1,1,0,0,1,1,256,512,8,127.02076
0,0,1,1,0,0,1,1,4096,512,8,126.52104
0,0,1,1,0,0,1,1,65536,512,8,129.23546
0,0,1,1,0,0,1,1,256,8,64,138.19588
0,0,1,1,0,0,1,1,4096,8,64,148.77424
0,0,1,1,0,0,1,1,65536,8,64,141.86936
0,0,1,1,0,0,1,1,256,64,64,133.82132
0,0,1,1,0,0,1,1,4096,64,64,123.58968
0,0,1,1,0,0,1,1,65536,64,64,131.60388
0,0,1,1,0,0,1,1,256,512,64,123.58372
0,0,1,1,0,0,1,1,4096,512,64,128.14302
0,0,1,1,0,0,1,1,65536,512,64,130.5639
1,0,1,0,0,1,0,0,256,8,1,75.8466
1,0,1,0,0,1,0,0,4096,8,1,77.60244
1,0,1,0,0,1,0,0,65536,8,1,78.72336
1,0,1,0,0,1,0,0,256,64,1,62.38484
1,0,1,0,0,1,0,0,4096,64,1,68.59646
1,0,1,0,0,1,0,0,65536,64,1,60.23758
1,0,1,0,0,1,0,0,256,512,1,61.98094
1,0,1,0,0,1,0,0,4096,512,1,62.97342
1,0,1,0,0,1,0,0,65536,512,1,61.84758
1,0,1,0,0,1,0,0,256,8,8,84.33534
1,0,1,0,0,1,0,0,4096,8,8,79.64902
1,0,1,0,0,1,0,0,65536,8,8,73.71034
1,0,1,0,0,1,0,0,256,64,8,64.62572
1,0,1,0,0,1,0,0,4096,64,8,61.02256
1,0,1,0,0,1,0,0,65536,64,8,62.47892
1,0,1,0,0,1,0,0,256,512,8,70.28
1,0,1,0,0,1,0,0,4096,512,8,63.32776
1,0,1,0,0,1,0,0,65536,512,8,65.4326
1,0,1,0,0,1,0,0,256,8,64,83.01896
1,0,1,0,0,1,0,0,4096,8,64,81.96672
1,0,1,0,0,1,0,0,65536,8,64,72.72898
1,0,1,0,0,1,0,0,256,64,64,61.80882
1,0,1,0,0,1,0,0,4096,64,64,59.7906
1,0,1,0,0,1,0,0,65536,64,64,60.6387
1,0,1,0,0,1,0,0,256,512,64,61.56876
1,0,1,0,0,1,0,0,4096,512,64,62.67342
1,0,1,0,0,1,0,0,65536,512,64,59.52882
1,0,1,0,0,1,0,1,256,8,1,73.65844
1,0,1,0,0,1,0,1,4096,8,1,76.21606
1,0,1,0,0,1,0,1,65536,8,1,76.97608
1,0,1,0,0,1,0,1,256,64,1,61.28034
1,0,1,0,0,1,0,1,4096,64,1,61.89508
1,0,1,0,0,1,0,1,65536,64,1,66.48292
1,0,1,0,0,1,0,1,256,512,1,65.02724
1,0,1,0,0,1,0,1,4096,512,1,63.3468
1,0,1,0,0,1,0,1,65536,512,1,61.96262
1,0,1,0,0,1,0,1,256,8,8,76.3833
1,0,1,0,0,1,0,1,4096,8,8,84.21766
1,0,1,0,0,1,0,1,65536,8,8,73.36612
1,0,1,0,0,1,0,1,256,64,8,63.12984
1,0,1,0,0,1,0,1,4096,64,8,61.97414
1,0,1,0,0,1,0,1,65536,64,8,61.23984
1,0,1,0,0,1,0,1,256,512,8,67.56616
1,0,1,0,0,1,0,1,4096,512,8,59.5797
1,0,1,0,0,1,0,1,65536,512,8,61.49128
1,0,1,0,0,1,0,1,256,8,64,71.6068
1,0,1,0,0,1,0,1,4096,8,64,76.58684
1,0,1,0,0,1,0,1,65536,8,64,68.906
1,0,1,0,0,1,0,1,256,64,64,65.92006
1,0,1,0,0,1,0,1,4096,64,64,67.2427
1,0,1,0,0,1,0,1,65536,64,64,63.66458
1,0,1,0,0,1,0,1,256,512,64,67.19642
1,0,1,0,0,1,0,1,4096,512,64,61.26298
1,0,1,0,0,1,0,1,65536,512,64,62.73068
1,0,1,0,0,1,1,0,256,8,1,82.58612
1,0,1,0,0,1,1,0,4096,8,1,78.15874
1,0,1,0,0,1,1,0,65536,8,1,85.37784
1,0,1,0,0,1,1,0,256,64,1,58.70572
1,0,1,0,0,1,1,0,4096,64,1,62.1882
1,0,1,0,0,1,1,0,65536,64,1,66.08812
1,0,1,0,0,1,1,0,256,512,1,65.9521
1,0,1,0,0,1,1,0,4096,512,1,63.48608
1,0,1,0,0,1,1,0,65536,512,1,63.25352
1,0,1,0,0,1,1,0,256,8,8,82.16748
1,0,1,0,0,1,1,0,4096,8,8,76.8341
1,0,1,0,0,1,1,0,65536,8,8,81.78796
1,0,1,0,0,1,1,0,256,64,8,62.07534
1,0,1,0,0,1,1,0,4096,64,8,66.38948
1,0,1,0,0,1,1,0,65536,64,8,65.60718
1,0,1,0,0,1,1,0,256,512,8,61.99804
1,0,1,0,0,1,1,0,4096,512,8,61.58386
1,0,1,0,0,1,1,0,65536,512,8,64.27176
1,0,1,0,0,1,1,0,256,8,64,81.21746
1,0,1,0,0,1,1,0,4096,8,64,80.35662
1,0,1,0,0,1,1,0,65536,8,64,84.58386
1,0,1,0,0,1,1,0,256,64,64,63.64128
1,0,1,0,0,1,1,0,4096,64,64,65.6012
1,0,1,0,0,1,1,0,65536,64,64,64.16496
1,0,1,0,0,1,1,0,256,512,64,60.11624
1,0,1,0,0,1,1,0,4096,512,64,60.91276
1,0,1,0,0,1,1,0,65536,512,64,66.31668
1,0,1,0,0,1,1,1,256,8,1,73.80676
1,0,1,0,0,1,1,1,4096,8,1,77.55748
1,0,1,0,0,1,1,1,65536,8,1,85.36528
1,0,1,0,0,1,1,1,256,64,1,67.20746
1,0,1,0,0,1,1,1,4096,64,1,64.51092
1,0,1,0,0,1,1,1,65536,64,1,63.03016
1,0,1,0,0,1,1,1,256,512,1,67.62936
1,0,1,0,0,1,1,1,4096,512,1,67.87554
1,0,1,0,0,1,1,1,65536,512,1,71.07574
1,0,1,0,0,1,1,1,256,8,8,76.28194
1,0,1,0,0,1,1,1,4096,8,8,71.6295
1,0,1,0,0,1,1,1,65536,8,8,77.65294
1,0,1,0,0,1,1,1,256,64,8,65.7913
1,0,1,0,0,1,1,1,4096,64,8,63.87594
1,0,1,0,0,1,1,1,65536,64,8,63.9062
1,0,1,0,0,1,1,1,256,512,8,63.53994
1,0,1,0,0,1,1,1,4096,512,8,65.72888
1,0,1,0,0,1,1,1,65536,512,8,64.92884
1,0,1,0,0,1,1,1,256,8,64,76.19752
1,0,1,0,0,1,1,1,4096,8,64,77.53552
1,0,1,0,0,1,1,1,65536,8,64,82.53034
1,0,1,0,0,1,1,1,256,64,64,66.30684
1,0,1,0,0,1,1,1,4096,64,64,62.0596
1,0,1,0,0,1,1,1,65536,64,64,67.61356
1,0,1,0,0,1,1,1,256,512,64,66.95442
1,0,1,0,0,1,1,1,4096,512,64,65.14762
1,0,1,0,0,1,1,1,65536,512,64,68.87998
1,0,1,0,1,0,0,0,256,8,1,132.32214
1,0,1,0,1,0,0,0,4096,8,1,127.8706
1,0,1,0,1,0,0,0,65536,8,1,139.66136
1,0,1,0,1,0,0,0,256,64,1,121.23378
1,0,1,0,1,0,0,0,4096,64,1,123.39188
1,0,1,0,1,0,0,0,65536,64,1,119.49972
1,0,1,0,1,0,0,0,256,512,1,130.95498
1,0,1,0,1,0,0,0,4096,512,1,119.25102
1,0,1,0,1,0,0,0,65536,512,1,121.74636
1,0,1,0,1,0,0,0,256,8,8,137.31596
1,0,1,0,1,0,0,0,4096,8,8,143.52402
1,0,1,0,1,0,0,0,65536,8,8,132.12136
1,0,1,0,1,0,0,0,256,64,8,117.85066
1,0,1,0,1,0,0,0,4096,64,8,124.61498
1,0,1,0,1,0,0,0,65536,64,8,128.3507
1,0,1,0,1,0,0,0,256,512,8,124.8017
1,0,1,0,1,0,0,0,4096,512,8,119.76966
1,0,1,0,1,0,0,0,65536,512,8,127.54664
1,0,1,0,1,0,0,0,256,8,64,126.5307
1,0,1,0,1,0,0,0,4096,8,64,139.55442
1,0,1,0,1,0,0,0,65536,8,64,129.50516
1,0,1,0,1,0,0,0,256,64,64,125.387
1,0,1,0,1,0,0,0,4096,64,64,116.56724
1,0,1,0,1,0,0,0,65536,64,64,130.5035
1,0,1,0,1,0,0,0,256,512,64,119.13246
1,0,1,0,1,0,0,0,4096,512,64,127.77774
1,0,1,0,1,0,0,0,65536,512,64,133.1577
1,0,1,0,1,0,0,1,256,8,1,140.77832
1,0,1,0,1,0,0,1,4096,8,1,133.32166
1,0,1,0,1,0,0,1,65536,8,1,145.57968
1,0,1,0,1,0,0,1,256,64,1,120.93716
1,0,1,0,1,0,0,1,4096,64,1,130.08078
1,0,1,0,1,0,0,1,65536,64,1,132.76238
1,0,1,0,1,0,0,1,256,512,1,115.60052
1,0,1,0,1,0,0,1,4096,512,1,131.51036
1,0,1,0,1,0,0,1,65536,512,1,118.17178
1,0,1,0,1,0,0,1,256,8,8,145.09264
1,0,1,0,1,0,0,1,4096,8,8,137.67414
1,0,1,0,1,0,0,1,65536,8,8,142.0761
1,0,1,0,1,0,0,1,256,64,8,123.64052
1,0,1,0,1,0,0,1,4096,64,8,126.24064
1,0,1,0,1,0,0,1,65536,64,8,126.04182
1,0,1,0,1,0,0,1,256,512,8,118.38758
1,0,1,0,1,0,0,1,4096,512,8,125.23114
1,0,1,0,1,0,0,1,65536,512,8,128.68764
1,0,1,0,1,0,0,1,256,8,64,133.11794
1,0,1,0,1,0,0,1,4096,8,64,140.8152
1,0,1,0,1,0,0,1,65536,8,64,145.185
1,0,1,0,1,0,0,1,256,64,64,122.32018
1,0,1,0,1,0,0,1,4096,64,64,122.13442
1,0,1,0,1,0,0,1,65536,64,64,124.91508
1,0,1,0,1,0,0,1,256,512,64,120.27536
1,0,1,0,1,0,0,1,4096,512,64,132.59998
1,0,1,0,1,0,0,1,65536,512,64,122.71284
1,0,1,0,1,0,1,0,256,8,1,195.08038
1,0,1,0,1,0,1,0,4096,8,1,191.7285
1,0,1,0,1,0,1,0,65536,8,1,195.83798
1,0,1,0,1,0,1,0,256,64,1,182.71382
1,0,1,0,1,0,1,0,4096,64,1,182.71246
1,0,1,0,1,0,1,0,65536,64,1,182.29456
1,0,1,0,1,0,1,0,256,512,1,168.03008
1,0,1,0,1,0,1,0,4096,512,1,179.71918
1,0,1,0,1,0,1,0,65536,512,1,178.21364
1,0,1,0,1,0,1,0,256,8,8,194.55664
1,0,1,0,1,0,1,0,4096,8,8,193.39354
1,0,1,0,1,0,1,0,65536,8,8,196.45734
1,0,1,0,1,0,1,0,256,64,8,174.82132
1,0,1,0,1,0,1,0,4096,64,8,178.07954
1,0,1,0,1,0,1,0,65536,64,8,178.05722
1,0,1,0,1,0,1,0,256,512,8,178.92934
1,0,1,0,1,0,1,0,4096,512,8,176.87678
1,0,1,0,1,0,1,0,65536,512,8,183.6792
1,0,1,0,1,0,1,0,256,8,64,195.8429
1,0,1,0,1,0,1,0,4096,8,64,194.49294
1,0,1,0,1,0,1,0,65536,8,64,199.92904
1,0,1,0,1,0,1,0,256,64,64,177.30792
1,0,1,0,1,0,1,0,4096,64,64,180.26528
1,0,1,0,1,0,1,0,65536,64,64,177.74082
1,0,1,0,1,0,1,0,256,512,64,177.7507
1,0,1,0,1,0,1,0,4096,512,64,180.8247
1,0,1,0,1,0,1,0,65536,512,64,183.96716
1,0,1,0,1,0,1,1,256,8,1,210.72088
1,0,1,0,1,0,1,1,4096,8,1,208.66318
1,0,1,0,1,0,1,1,65536,8,1,213.5254
1,0,1,0,1,0,1,1,256,64,1,184.5632
1,0,1,0,1,0,1,1,4096,64,1,181.82778
1,0,1,0,1,0,1,1,65536,64,1,180.74118
1,0,1,0,1,0,1,1,256,512,1,187.13222
1,0,1,0,1,0,1,1,4096,512,1,183.83054
1,0,1,0,1,0,1,1,65536,512,1,184.33572
1,0,1,0,1,0,1,1,256,8,8,204.25208
1,0,1,0,1,0,1,1,4096,8,8,214.24328
1,0,1,0,1,0,1,1,65536,8,8,209.00358
1,0,1,0,1,0,1,1,256,64,8,183.53776
1,0,1,0,1,0,1,1,4096,64,8,177.63588
1,0,1,0,1,0,1,1,65536,64,8,181.8303
1,0,1,0,1,0,1,1,256,512,8,183.50686
1,0,1,0,1,0,1,1,4096,512,8,182.79288
1,0,1,0,1,0,1,1,65536,512,8,178.43548
1,0,1,0,1,0,1,1,256,8,64,212.80754
1,0,1,0,1,0,1,1,4096,8,64,210.93856
1,0,1,0,1,0,1,1,65536,8,64,201.4908
1,0,1,0,1,0,1,1,256,64,64,185.6874
1,0,1,0,1,0,1,1,4096,64,64,185.85926
1,0,1,0,1,0,1,1,65536,64,64,184.10094
1,0,1,0,1,0,1,1,256,512,64,182.57834
1,0,1,0,1,0,1,1,4096,512,64,187.3751
1,0,1,0,1,0,1,1,65536,512,64,196.03558
1,0,1,1,0,0,0,0,256,8,1,66.76542
1,0,1,1,0,0,0,0,4096,8,1,66.61184
1,0,1,1,0,0,0,0,65536,8,1,65.53812
1,0,1,1,0,0,0,0,256,64,1,61.5545
1,0,1,1,0,0,0,0,4096,64,1,67.94832
1,0,1,1,0,0,0,0,65536,64,1,59.2532
1,0,1,1,0,0,0,0,256,512,1,60.05058
1,0,1,1,0,0,0,0,4096,512,1,62.40172
1,0,1,1,0,0,0,0,65536,512,1,62.21736
1,0,1,1,0,0,0,0,256,8,8,59.71644
1,0,1,1,0,0,0,0,4096,8,8,61.50246
1,0,1,1,0,0,0,0,65536,8,8,61.91214
1,0,1,1,0,0,0,0,256,64,8,64.0298
1,0,1,1,0,0,0,0,4096,64,8,59.73318
1,0,1,1,0,0,0,0,65536,64,8,61.36082
1,0,1,1,0,0,0,0,256,512,8,63.11236
1,0,1,1,0,0,0,0,4096,512,8,63.82168
1,0,1,1,0,0,0,0,65536,512,8,64.05008
1,0,1,1,0,0,0,0,256,8,64,64.16582
1,0,1,1,0,0,0,0,4096,8,64,68.63506
1,0,1,1,0,0,0,0,65536,8,64,65.29248
1,0,1,1,0,0,0,0,256,64,64,60.31724
1,0,1,1,0,0,0,0,4096,64,64,63.58248
1,0,1,1,0,0,0,0,65536,64,64,64.41892
1,0,1,1,0,0,0,0,256,512,64,57.55776
1,0,1,1,0,0,0,0,4096,512,64,57.69104
1,0,1,1,0,0,0,0,65536,512,64,63.8527
1,0,1,1,0,0,0,1,256,8,1,72.51996
1,0,1,1,0,0,0,1,4096,8,1,67.768
1,0,1,1,0,0,0,1,65536,8,1,73.01804
1,0,1,1,0,0,0,1,256,64,1,62.45114
1,0,1,1,0,0,0,1,4096,64,1,67.18814
1,0,1,1,0,0,0,1,65536,64,1,57.003
1,0,1,1,0,0,0,1,256,512,1,61.7266
1,0,1,1,0,0,0,1,4096,512,1,66.88106
1,0,1,1,0,0,0,1,65536,512,1,65.68756
1,0,1,1,0,0,0,1,256,8,8,67.9846
1,0,1,1,0,0,0,1,4096,8,8,70.12018
1,0,1,1,0,0,0,1,65536,8,8,66.27538
1,0,1,1,0,0,0,1,256,64,8,59.8243
1,0,1,1,0,0,0,1,4096,64,8,64.30116
1,0,1,1,0,0,0,1,65536,64,8,67.14076
1,0,1,1,0,0,0,1,256,512,8,59.45774
1,0,1,1,0,0,0,1,4096,512,8,66.43056
1,0,1,1,0,0,0,1,65536,512,8,61.54488
1,0,1,1,0,0,0,1,256,8,64,67.97026
1,0,1,1,0,0,0,1,4096,8,64,67.20594
1,0,1,1,0,0,0,1,65536,8,64,70.79542
1,0,1,1,0,0,0,1,256,64,64,69.62692
1,0,1,1,0,0,0,1,4096,64,64,68.26452
1,0,1,1,0,0,0,1,65536,64,64,61.48692
1,0,1,1,0,0,0,1,256,512,64,65.65044
1,0,1,1,0,0,0,1,4096,512,64,66.10128
1,0,1,1,0,0,0,1,65536,512,64,58.88278
1,0,1,1,0,0,1,0,256,8,1,66.38508
1,0,1,1,0,0,1,0,4096,8,1,63.2707
1,0,1,1,0,0,1,0,65536,8,1,66.42318
1,0,1,1,0,0,1,0,256,64,1,59.14678
1,0,1,1,0,0,1,0,4096,64,1,60.37182
1,0,1,1,0,0,1,0,65536,64,1,64.89984
1,0,1,1,0,0,1,0,256,512,1,66.31226
1,0,1,1,0,0,1,0,4096,512,1,62.89136
1,0,1,1,0,0,1,0,65536,512,1,66.86548
1,0,1,1,0,0,1,0,256,8,8,68.76114
1,0,1,1,0,0,1,0,4096,8,8,71.93534
1,0,1,1,0,0,1,0,65536,8,8,68.76882
1,0,1,1,0,0,1,0,256,64,8,62.39712
1,0,1,1,0,0,1,0,4096,64,8,65.67968
1,0,1,1,0,0,1,0,65536,64,8,65.2189
1,0,1,1,0,0,1,0,256,512,8,67.391
1,0,1,1,0,0,1,0,4096,512,8,60.5284
1,0,1,1,0,0,1,0,65536,512,8,63.00506
1,0,1,1,0,0,1,0,256,8,64,64.671
1,0,1,1,0,0,1,0,4096,8,64,63.5517
1,0,1,1,0,0,1,0,65536,8,64,65.11014
1,0,1,1,0,0,1,0,256,64,64,63.53058
1,0,1,1,0,0,1,0,4096,64,64,58.41284
1,0,1,1,0,0,1,0,65536,64,64,60.56744
1,0,1,1,0,0,1,0,256,512,64,65.94566
1,0,1,1,0,0,1,0,4096,512,64,64.82308
1,0,1,1,0,0,1,0,65536,512,64,61.63208
1,0,1,1,0,0,1,1,256,8,1,77.183
1,0,1,1,0,0,1,1,4096,8,1,73.24244
1,0,1,1,0,0,1,1,65536,8,1,71.27526
1,0,1,1,0,0,1,1,256,64,1,64.39756
1,0,1,1,0,0,1,1,4096,64,1,66.39912
1,0,1,1,0,0,1,1,65536,64,1,64.10244
1,0,1,1,0,0,1,1,256,512,1,71.03118
1,0,1,1,0,0,1,1,4096,512,1,67.27866
1,0,1,1,0,0,1,1,65536,512,1,62.0616
1,0,1,1,0,0,1,1,256,8,8,72.79566
1,0,1,1,0,0,1,1,4096,8,8,72.34228
1,0,1,1,0,0,1,1,65536,8,8,67.06784
1,0,1,1,0,0,1,1,256,64,8,72.54666
1,0,1,1,0,0,1,1,4096,64,8,66.2754
1,0,1,1,0,0,1,1,65536,64,8,70.3974
1,0,1,1,0,0,1,1,256,512,8,63.51462
1,0,1,1,0,0,1,1,4096,512,8,63.37058
1,0,1,1,0,0,1,1,65536,512,8,64.55818
1,0,1,1,0,0,1,1,256,8,64,73.58054
1,0,1,1,0,0,1,1,4096,8,64,67.47164
1,0,1,1,0,0,1,1,65536,8,64,65.15092
1,0,1,1,0,0,1,1,256,64,64,70.4566
1,0,1,1,0,0,1,1,4096,64,64,62.80038
1,0,1,1,0,0,1,1,65536,64,64,69.09474
1,0,1,1,0,0,1,1,256,512,64,68.31548
1,0,1,1,0,0,1,1,4096,512,64,67.31598
1,0,1,1,0,0,1,1,65536,512,64,71.7009
1,1,1,0,0,1,0,0,256,8,1,75.8544
1,1,1,0,0,1,0,0,4096,8,1,80.96556
1,1,1,0,0,1,0,0,65536,8,1,79.9052
1,1,1,0,0,1,0,0,256,64,1,61.54948
1,1,1,0,0,1,0,0,4096,64,1,62.86458
1,1,1,0,0,1,0,0,65536,64,1,58.88552
1,1,1,0,0,1,0,0,256,512,1,62.30206
1,1,1,0,0,1,0,0,4096,512,1,57.77232
1,1,1,0,0,1,0,0,65536,512,1,60.71928
1,1,1,0,0,1,0,0,256,8,8,77.44026
1,1,1,0,0,1,0,0,4096,8,8,75.44806
1,1,1,0,0,1,0,0,65536,8,8,76.9347
1,1,1,0,0,1,0,0,256,64,8,61.53418
1,1,1,0,0,1,0,0,4096,64,8,60.98682
1,1,1,0,0,1,0,0,65536,64,8,63.97494
1,1,1,0,0,1,0,0,256,512,8,64.55628
1,1,1,0,0,1,0,0,4096,512,8,59.09386
1,1,1,0,0,1,0,0,65536,512,8,65.3897
1,1,1,0,0,1,0,0,256,8,64,74.05852
1,1,1,0,0,1,0,0,4096,8,64,73.33678
1,1,1,0,0,1,0,0,65536,8,64,73.32566
1,1,1,0,0,1,0,0,256,64,64,57.76866
1,1,1,0,0,1,0,0,4096,64,64,63.116
1,1,1,0,0,1,0,0,65536,64,64,59.0877
1,1,1,0,0,1,0,0,256,512,64,58.90066
1,1,1,0,0,1,0,0,4096,512,64,60.14096
1,1,1,0,0,1,0,0,65536,512,64,60.51112
1,1,1,0,0,1,0,1,256,8,1,70.0061
1,1,1,0,0,1,0,1,4096,8,1,72.53932
1,1,1,0,0,1,0,1,65536,8,1,76.54384
1,1,1,0,0,1,0,1,256,64,1,61.9925
1,1,1,0,0,1,0,1,4096,64,1,59.5411
1,1,1,0,0,1,0,1,65536,64,1,59.66418
1,1,1,0,0,1,0,1,256,512,1,64.23882
1,1,1,0,0,1,0,1,4096,512,1,64.16854
1,1,1,0,0,1,0,1,65536,512,1,63.81434
1,1,1,0,0,1,0,1,256,8,8,75.892
1,1,1,0,0,1,0,1,4096,8,8,76.86476
1,1,1,0,0,1,0,1,65536,8,8,73.5878
1,1,1,0,0,1,0,1,256,64,8,65.29732
1,1,1,0,0,1,0,1,4096,64,8,61.2999
1,1,1,0,0,1,0,1,65536,64,8,57.0357
1,1,1,0,0,1,0,1,256,512,8,60.18998
1,1,1,0,0,1,0,1,4096,512,8,62.22112
1,1,1,0,0,1,0,1,65536,512,8,65.8721
1,1,1,0,0,1,0,1,256,8,64,75.7137
1,1,1,0,0,1,0,1,4096,8,64,74.305
1,1,1,0,0,1,0,1,65536,8,64,78.4292
1,1,1,0,0,1,0,1,256,64,64,61.33648
1,1,1,0,0,1,0,1,4096,64,64,64.59998
1,1,1,0,0,1,0,1,65536,64,64,63.77212
1,1,1,0,0,1,0,1,256,512,64,62.80772
1,1,1,0,0,1,0,1,4096,512,64,58.50764
1,1,1,0,0,1,0,1,65536,512,64,67.62396
1,1,1,0,0,1,1,0,256,8,1,81.27952
1,1,1,0,0,1,1,0,4096,8,1,80.95856
1,1,1,0,0,1,1,0,65536,8,1,79.28466
1,1,1,0,0,1,1,0,256,64,1,65.45206
1,1,1,0,0,1,1,0,4096,64,1,63.44972
1,1,1,0,0,1,1,0,65536,64,1,59.93114
1,1,1,0,0,1,1,0,256,512,1,66.7145
1,1,1,0,0,1,1,0,4096,512,1,64.47814
1,1,1,0,0,1,1,0,65536,512,1,61.3593
1,1,1,0,0,1,1,0,256,8,8,82.21762
1,1,1,0,0,1,1,0,4096,8,8,74.62154
1,1,1,0,0,1,1,0,65536,8,8,84.83558
1,1,1,0,0,1,1,0,256,64,8,64.97624
1,1,1,0,0,1,1,0,4096,64,8,60.11002
1,1,1,0,0,1,1,0,65536,64,8,68.01396
1,1,1,0,0,1,1,0,256,512,8,60.86454
1,1,1,0,0,1,1,0,4096,512,8,63.89296
1,1,1,0,0,1,1,0,65536,512,8,68.20818
1,1,1,0,0,1,1,0,256,8,64,79.19292
1,1,1,0,0,1,1,0,4096,8,64,82.16754
1,1,1,0,0,1,1,0,65536,8,64,76.5226
1,1,1,0,0,1,1,0,256,64,64,60.47674
1,1,1,0,0,1,1,0,4096,64,64,63.61324
1,1,1,0,0,1,1,0,65536,64,64,60.41064
1,1,1,0,0,1,1,0,256,512,64,62.55246
1,1,1,0,0,1,1,0,4096,512,64,60.98176
1,1,1,0,0,1,1,0,65536,512,64,63.20732
1,1,1,0,0,1,1,1,256,8,1,79.09694
1,1,1,0,0,1,1,1,4096,8,1,79.36434
1,1,1,0,0,1,1,1,65536,8,1,82.89678
1,1,1,0,0,1,1,1,256,64,1,65.15744
1,1,1,0,0,1,1,1,4096,64,1,63.64778
1,1,1,0,0,1,1,1,65536,64,1,64.98928
1,1,1,0,0,1,1,1,256,512,1,66.88148
1,1,1,0,0,1,1,1,4096,512,1,62.53318
1,1,1,0,0,1,1,1,65536,512,1,61.35736
1,1,1,0,0,1,1,1,256,8,8,77.95192
1,1,1,0,0,1,1,1,4096,8,8,74.0829
1,1,1,0,0,1,1,1,65536,8,8,75.75952
1,1,1,0,0,1,1,1,256,64,8,68.40764
1,1,1,0,0,1,1,1,4096,64,8,67.9715
1,1,1,0,0,1,1,1,65536,64,8,63.6934
1,1,1,0,0,1,1,1,256,512,8,59.30456
1,1,1,0,0,1,1,1,4096,512,8,61.59146
1,1,1,0,0,1,1,1,65536,512,8,62.1079
1,1,1,0,0,1,1,1,256,8,64,77.89244
1,1,1,0,0,1,1,1,4096,8,64,72.62398
1,1,1,0,0,1,1,1,65536,8,64,81.01184
1,1,1,0,0,1,1,1,256,64,64,64.97018
1,1,1,0,0,1,1,1,4096,64,64,61.2997
1,1,1,0,0,1,1,1,65536,64,64,61.47228
1,1,1,0,0,1,1,1,256,512,64,66.19658
1,1,1,0,0,1,1,1,4096,512,64,64.83964
1,1,1,0,0,1,1,1,65536,512,64,67.26862
1,1,1,0,1,0,0,0,256,8,1,61.02224
1,1,1,0,1,0,0,0,4096,8,1,62.09794
1,1,1,0,1,0,0,0,65536,8,1,58.14306
1,1,1,0,1,0,0,0,256,64,1,62.24836
1,1,1,0,1,0,0,0,4096,64,1,58.37488
1,1,1,0,1,0,0,0,65536,64,1,57.46366
1,1,1,0,1,0,0,0,256,512,1,60.48508
1,1,1,0,1,0,0,0,4096,512,1,60.43964
1,1,1,0,1,0,0,0,65536,512,1,59.16556
1,1,1,0,1,0,0,0,256,8,8,65.27692
1,1,1,0,1,0,0,0,4096,8,8,59.71142
1,1,1,0,1,0,0,0,65536,8,8,63.06456
1,1,1,0,1,0,0,0,256,64,8,57.36648
1,1,1,0,1,0,0,0,4096,64,8,58.41386
1,1,1,0,1,0,0,0,65536,64,8,59.37668
1,1,1,0,1,0,0,0,256,512,8,62.76702
1,1,1,0,1,0,0,0,4096,512,8,59.96744
1,1,1,0,1,0,0,0,65536,512,8,59.11362
1,1,1,0,1,0,0,0,256,8,64,61.01346
1,1,1,0,1,0,0,0,4096,8,64,65.99692
1,1,1,0,1,0,0,0,65536,8,64,65.5255
1,1,1,0,1,0,0,0,256,64,64,58.65604
1,1,1,0,1,0,0,0,4096,64,64,56.88006
1,1,1,0,1,0,0,0,65536,64,64,59.47256
1,1,1,0,1,0,0,0,256,512,64,62.75928
1,1,1,0,1,0,0,0,4096,512,64,64.04694
1,1,1,0,1,0,0,0,65536,512,64,60.06514
1,1,1,0,1,0,0,1,256,8,1,67.28282
1,1,1,0,1,0,0,1,4096,8,1,65.5835
1,1,1,0,1,0,0,1,65536,8,1,69.38328
1,1,1,0,1,0,0,1,256,64,1,63.66606
1,1,1,0,1,0,0,1,4096,64,1,59.66058
1,1,1,0,1,0,0,1,65536,64,1,60.82088
1,1,1,0,1,0,0,1,256,512,1,60.46336
1,1,1,0,1,0,0,1,4096,512,1,59.61866
1,1,1,0,1,0,0,1,65536,512,1,64.32316
1,1,1,0,1,0,0,1,256,8,8,64.90004
1,1,1,0,1,0,0,1,4096,8,8,66.5715
1,1,1,0,1,0,0,1,65536,8,8,64.285
1,1,1,0,1,0,0,1,256,64,8,61.97516
1,1,1,0,1,0,0,1,4096,64,8,65.23672
1,1,1,0,1,0,0,1,65536,64,8,59.81042
1,1,1,0,1,0,0,1,256,512,8,63.63872
1,1,1,0,1,0,0,1,4096,512,8,60.07014
1,1,1,0,1,0,0,1,65536,512,8,62.46328
1,1,1,0,1,0,0,1,256,8,64,70.92708
1,1,1,0,1,0,0,1,4096,8,64,72.3029
1,1,1,0,1,0,0,1,65536,8,64,67.90246
1,1,1,0,1,0,0,1,256,64,64,63.24916
1,1,1,0,1,0,0,1,4096,64,64,65.7431
1,1,1,0,1,0,0,1,65536,64,64,61.01242
1,1,1,0,1,0,0,1,256,512,64,60.80256
1,1,1,0,1,0,0,1,4096,512,64,62.63726
1,1,1,0,1,0,0,1,65536,512,64,66.89696
1,1,1,0,1,0,1,0,256,8,1,58.9856
1,1,1,0,1,0,1,0,4096,8,1,62.91166
1,1,1,0,1,0,1,0,65536,8,1,62.06858
1,1,1,0,1,0,1,0,256,64,1,61.02158
1,1,1,0,1,0,1,0,4096,64,1,65.21644
1,1,1,0,1,0,1,0,65536,64,1,60.72236
1,1,1,0,1,0,1,0,256,512,1,60.42356
1,1,1,0,1,0,1,0,4096,512,1,60.27534
1,1,1,0,1,0,1,0,65536,512,1,59.44794
1,1,1,0,1,0,1,0,256,8,8,66.19002
1,1,1,0,1,0,1,0,4096,8,8,62.16232
1,1,1,0,1,0,1,0,65536,8,8,61.072
1,1,1,0,1,0,1,0,256,64,8,62.11918
1,1,1,0,1,0,1,0,4096,64,8,66.13198
1,1,1,0,1,0,1,0,65536,64,8,59.94766
1,1,1,0,1,0,1,0,256,512,8,62.78264
1,1,1,0,1,0,1,0,4096,512,8,60.08222
1,1,1,0,1,0,1,0,65536,512,8,65.64336
1,1,1,0,1,0,1,0,256,8,64,69.26912
1,1,1,0,1,0,1,0,4096,8,64,63.34992
1,1,1,0,1,0,1,0,65536,8,64,60.84856
1,1,1,0,1,0,1,0,256,64,64,65.52552
1,1,1,0,1,0,1,0,4096,64,64,64.81616
1,1,1,0,1,0,1,0,65536,64,64,60.54748
1,1,1,0,1,0,1,0,256,512,64,59.98842
1,1,1,0,1,0,1,0,4096,512,64,59.9573
1,1,1,0,1,0,1,0,65536,512,64,64.49122
1,1,1,0,1,0,1,1,256,8,1,77.21358
1,1,1,0,1,0,1,1,4096,8,1,64.09456
1,1,1,0,1,0,1,1,65536,8,1,67.99004
1,1,1,0,1,0,1,1,256,64,1,64.12856
1,1,1,0,1,0,1,1,4096,64,1,64.7858
1,1,1,0,1,0,1,1,65536,64,1,64.30182
1,1,1,0,1,0,1,1,256,512,1,63.66312
1,1,1,0,1,0,1,1,4096,512,1,66.31236
1,1,1,0,1,0,1,1,65536,512,1,60.8158
1,1,1,0,1,0,1,1,256,8,8,66.11302
1,1,1,0,1,0,1,1,4096,8,8,71.888
1,1,1,0,1,0,1,1,65536,8,8,65.82812
1,1,1,0,1,0,1,1,256,64,8,62.48588
1,1,1,0,1,0,1,1,4096,64,8,60.93196
1,1,1,0,1,0,1,1,65536,64,8,66.17652
1,1,1,0,1,0,1,1,256,512,8,68.72824
1,1,1,0,1,0,1,1,4096,512,8,59.9968
1,1,1,0,1,0,1,1,65536,512,8,65.63716
1,1,1,0,1,0,1,1,256,8,64,70.43174
1,1,1,0,1,0,1,1,4096,8,64,68.70078
1,1,1,0,1,0,1,1,65536,8,64,71.66022
1,1,1,0,1,0,1,1,256,64,64,64.83686
1,1,1,0,1,0,1,1,4096,64,64,66.32098
1,1,1,0,1,0,1,1,65536,64,64,58.91148
1,1,1,0,1,0,1,1,256,512,64,64.81348
1,1,1,0,1,0,1,1,4096,512,64,66.59162
1,1,1,0,1,0,1,1,65536,512,64,59.6571
1,1,1,1,0,0,0,0,256,8,1,67.06866
1,1,1,1,0,0,0,0,4096,8,1,66.13916
1,1,1,1,0,0,0,0,65536,8,1,58.62206
1,1,1,1,0,0,0,0,256,64,1,61.75838
1,1,1,1,0,0,0,0,4096,64,1,59.25988
1,1,1,1,0,0,0,0,65536,64,1,58.3118
1,1,1,1,0,0,0,0,256,512,1,64.94572
1,1,1,1,0,0,0,0,4096,512,1,61.43082
1,1,1,1,0,0,0,0,65536,512,1,61.214
1,1,1,1,0,0,0,0,256,8,8,65.49966
1,1,1,1,0,0,0,0,4096,8,8,61.83992
1,1,1,1,0,0,0,0,65536,8,8,62.90274
1,1,1,1,0,0,0,0,256,64,8,60.54812
1,1,1,1,0,0,0,0,4096,64,8,57.1306
1,1,1,1,0,0,0,0,65536,64,8,64.29004
1,1,1,1,0,0,0,0,256,512,8,63.08254
1,1,1,1,0,0,0,0,4096,512,8,66.91638
1,1,1,1,0,0,0,0,65536,512,8,59.57054
1,1,1,1,0,0,0,0,256,8,64,62.19566
1,1,1,1,0,0,0,0,4096,8,64,62.05254
1,1,1,1,0,0,0,0,65536,8,64,66.92344
1,1,1,1,0,0,0,0,256,64,64,64.41914
1,1,1,1,0,0,0,0,4096,64,64,59.1289
1,1,1,1,0,0,0,0,65536,64,64,59.57274
1,1,1,1,0,0,0,0,256,512,64,61.66848
1,1,1,1,0,0,0,0,4096,512,64,63.79578
1,1,1,1,0,0,0,0,65536,512,64,56.86404
1,1,1,1,0,0,0,1,256,8,1,70.83682
1,1,1,1,0,0,0,1,4096,8,1,68.50526
1,1,1,1,0,0,0,1,65536,8,1,77.2579
1,1,1,1,0,0,0,1,256,64,1,60.9395
1,1,1,1,0,0,0,1,4096,64,1,59.97714
1,1,1,1,0,0,0,1,65536,64,1,64.05842
1,1,1,1,0,0,0,1,256,512,1,65.44836
1,1,1,1,0,0,0,1,4096,512,1,59.95304
1,1,1,1,0,0,0,1,65536,512,1,64.78384
1,1,1,1,0,0,0,1,256,8,8,67.53714
1,1,1,1,0,0,0,1,4096,8,8,67.7269
1,1,1,1,0,0,0,1,65536,8,8,65.845
1,1,1,1,0,0,0,1,256,64,8,63.55902
1,1,1,1,0,0,0,1,4096,64,8,59.79324
1,1,1,1,0,0,0,1,65536,64,8,68.14102
1,1,1,1,0,0,0,1,256,512,8,63.65528
1,1,1,1,0,0,0,1,4096,512,8,60.62338
1,1,1,1,0,0,0,1,65536,512,8,62.49724
1,1,1,1,0,0,0,1,256,8,64,64.89536
1,1,1,1,0,0,0,1,4096,8,64,70.32512
1,1,1,1,0,0,0,1,65536,8,64,69.66532
1,1,1,1,0,0,0,1,256,64,64,65.14018
1,1,1,1,0,0,0,1,4096,64,64,64.5457
1,1,1,1,0,0,0,1,65536,64,64,60.58388
1,1,1,1,0,0,0,1,256,512,64,62.92092
1,1,1,1,0,0,0,1,4096,512,64,68.27636
1,1,1,1,0,0,0,1,65536,512,64,55.97176
1,1,1,1,0,0,1,0,256,8,1,69.80794
1,1,1,1,0,0,1,0,4096,8,1,64.74988
1,1,1,1,0,0,1,0,65536,8,1,68.59372
1,1,1,1,0,0,1,0,256,64,1,61.17042
1,1,1,1,0,0,1,0,4096,64,1,67.16568
1,1,1,1,0,0,1,0,65536,64,1,62.96128
1,1,1,1,0,0,1,0,256,512,1,61.2544
1,1,1,1,0,0,1,0,4096,512,1,63.05262
1,1,1,1,0,0,1,0,65536,512,1,66.25614
1,1,1,1,0,0,1,0,256,8,8,65.53782
1,1,1,1,0,0,1,0,4096,8,8,63.21798
1,1,1,1,0,0,1,0,65536,8,8,68.7299
1,1,1,1,0,0,1,0,256,64,8,67.2632
1,1,1,1,0,0,1,0,4096,64,8,59.17692
1,1,1,1,0,0,1,0,65536,64,8,61.25384
1,1,1,1,0,0,1,0,256,512,8,60.93332
1,1,1,1,0,0,1,0,4096,512,8,59.04666
1,1,1,1,0,0,1,0,65536,512,8,65.43214
1,1,1,1,0,0,1,0,256,8,64,67.24874
1,1,1,1,0,0,1,0,4096,8,64,67.85518
1,1,1,1,0,0,1,0,65536,8,64,63.7821
1,1,1,1,0,0,1,0,256,64,64,60.43082
1,1,1,1,0,0,1,0,4096,64,64,65.24072
1,1,1,1,0,0,1,0,65536,64,64,60.34452
1,1,1,1,0,0,1,0,256,512,64,62.47854
1,1,1,1,0,0,1,0,4096,512,64,66.18486
1,1,1,1,0,0,1,0,65536,512,64,66.4672
1,1,1,1,0,0,1,1,256,8,1,68.3669
1,1,1,1,0,0,1,1,4096,8,1,68.18354
1,1,1,1,0,0,1,1,65536,8,1,69.74142
1,1,1,1,0,0,1,1,256,64,1,67.75092
1,1,1,1,0,0,1,1,4096,64,1,64.90548
1,1,1,1,0,0,1,1,65536,64,1,67.1805
1,1,1,1,0,0,1,1,256,512,1,64.01602
1,1,1,1,0,0,1,1,4096,512,1,73.22916
1,1,1,1,0,0,1,1,65536,512,1,62.14976
1,1,1,1,0,0,1,1,256,8,8,68.72462
1,1,1,1,0,0,1,1,4096,8,8,73.30952
1,1,1,1,0,0,1,1,65536,8,8,72.04282
1,1,1,1,0,0,1,1,256,64,8,61.5966
1,1,1,1,0,0,1,1,4096,64,8,65.23114
1,1,1,1,0,0,1,1,65536,64,8,68.526
1,1,1,1,0,0,1,1,256,512,8,63.79806
1,1,1,1,0,0,1,1,4096,512,8,63.28466
1,1,1,1,0,0,1,1,65536,512,8,65.57728
1,1,1,1,0,0,1,1,256,8,64,72.3804
1,1,1,1,0,0,1,1,4096,8,64,71.1382
1,1,1,1,0,0,1,1,65536,8,64,76.07526
1,1,1,1,0,0,1,1,256,64,64,63.8789
1,1,1,1,0,0,1,1,4096,64,64,61.88074
1,1,1,1,0,0,1,1,65536,64,64,64.80794
1,1,1,1,0,0,1,1,256,512,64,68.89324
1,1,1,1,0,0,1,1,4096,512,64,66.14376
1,1,1,1,0,0,1,1,65536,512,64,60.98544
