SQLITE_SECURE_DELETE,SQLITE_ENABLE_ATOMIC_WRITE,SQLITE_ENABLE_STAT2,SQLITE_DISABLE_LFS,SQLITE_DISABLE_DIRSYNC,SQLITE_OMIT_AUTOMATIC_INDEX,SQLITE_OMIT_BETWEEN_OPTIMIZATION,SQLITE_OMIT_BTREECOUNT,SQLITE_OMIT_LIKE_OPTIMIZATION,SQLITE_OMIT_LOOKASIDE,SQLITE_OMIT_OR_OPTIMIZATION,SQLITE_OMIT_QUICKBALANCE,SQLITE_OMIT_SHARED_CACHE,SQLITE_OMIT_XFER_OPT,$<fillrand100K
0,0,0,1,0,1,1,0,0,1,1,1,1,0,0.0296904077144
0,0,0,0,1,0,1,0,0,1,0,0,0,1,0.0747758416512
0,1,0,1,0,1,0,1,0,0,1,0,1,1,0.0774826594485
1,1,0,0,0,1,0,0,1,1,0,1,0,1,0.0495686009136
1,0,0,1,1,1,0,1,1,1,0,0,1,1,0.0452546100491
1,1,1,1,0,0,1,0,1,1,1,0,1,0,0.0934698020639
0,1,1,1,1,1,1,0,0,1,0,1,1,0,0.0481306039587
1,0,1,0,1,0,0,1,1,1,0,0,0,1,0.0587886990357
1,0,1,1,1,0,1,0,1,1,1,1,1,0,0.0648790390797
1,0,0,1,1,1,0,1,1,0,1,1,0,0,0.132634072069
0,1,0,1,0,1,1,0,0,1,0,1,0,0,0.0373033327694
0,0,0,1,0,1,0,1,0,1,1,1,0,0,0.102351547961
0,1,0,0,1,1,0,0,1,0,1,0,1,0,0.0411097952969
0,1,1,1,1,0,0,1,0,1,0,0,1,0,0.0124344442565
1,1,0,1,1,0,0,1,1,0,1,0,0,0,0.0718152596853
0,0,1,0,1,1,0,1,1,1,0,0,0,0,0.0244459482321
1,0,0,0,1,0,0,1,1,0,0,1,0,1,0.0428861444764
1,1,0,0,0,0,0,1,0,0,1,1,1,1,0.0748604297073
1,1,0,1,0,0,1,0,0,1,0,1,0,0,0.0662324479783
0,0,0,0,0,1,0,1,1,0,0,1,0,1,0.0335814582981
0,1,1,1,1,0,0,0,0,1,0,0,1,1,0.0245305362883
1,0,0,0,1,1,0,0,1,1,1,0,0,0,0.0338352224666
0,1,1,1,0,0,0,0,0,0,1,0,1,1,0.0219928946033
1,1,1,1,1,0,0,1,0,1,1,0,1,0,0.0303671121638
1,1,0,1,0,0,0,0,1,1,0,0,1,1,0.0700389105058
0,0,1,0,0,0,1,0,1,1,0,1,0,0,0.0965149720859
0,1,1,0,1,1,0,1,1,0,0,1,1,0,0.0566739976315
1,0,0,1,1,0,1,1,0,0,0,1,1,0,0.111317881915
1,1,1,0,0,0,1,0,1,0,0,0,0,1,0.0361190999831
0,0,0,0,1,0,0,0,1,0,1,0,1,0,0.0461850786669
0,0,0,0,1,0,0,0,0,1,1,1,1,0,0.0504990695314
1,0,1,1,1,1,0,1,0,0,0,1,0,0,0.0980375570969
0,1,0,1,0,0,0,0,1,0,0,0,0,1,0.165285061749
0,1,0,1,0,0,0,0,0,0,1,1,0,1,0.435205548976
1,1,0,1,1,1,0,1,0,0,0,0,0,0,0.0488918964642
0,1,1,0,0,0,1,0,0,1,1,1,0,0,0.0948232109626
0,1,1,0,0,0,0,1,0,1,1,0,0,1,0.0429707325326
1,1,1,0,1,1,0,0,1,0,1,1,1,1,0.0756217222128
0,0,0,0,1,0,1,0,1,0,1,0,1,0,0.0397563863982
0,0,0,1,1,1,0,0,0,0,0,1,1,1,0.0864489934021
1,0,0,0,1,0,1,1,0,0,1,0,1,0,0.0136186770428
1,0,0,1,0,1,0,1,1,0,0,0,1,0,0.0175943156826
0,1,1,0,0,0,1,1,1,1,1,1,0,0,0.104889189646
1,0,1,1,0,0,0,0,1,1,1,0,1,0,0.0312129927254
0,0,0,1,1,0,0,1,0,1,1,0,1,1,0.0389105058366
1,1,1,1,1,0,0,1,1,1,0,0,1,0,0.155811199459
1,0,1,0,0,1,1,1,1,0,1,1,0,1,0.156318727796
0,1,0,1,1,1,0,0,1,1,0,0,1,0,0.00575198781932
0,1,1,1,1,1,1,0,1,1,1,0,1,0,0.0422940280832
0,1,0,1,0,0,1,1,1,1,1,0,0,0,0.0713923194045
1,0,1,1,1,0,1,0,1,1,0,1,1,0,0.122652681441
1,0,0,1,1,1,1,0,0,0,1,1,1,0,0.091947217053
1,0,0,1,0,0,1,1,0,0,0,0,0,1,0.0703772627305
1,1,1,0,0,1,0,0,1,0,1,0,1,1,0.107765183556
0,0,1,1,0,1,0,1,1,1,0,0,0,0,0.0219083065471
1,0,0,0,1,1,0,1,0,1,1,1,1,0,0.0541363559465
1,1,1,0,0,0,0,1,0,0,0,0,0,1,0.0329047538488
0,0,1,0,1,1,1,0,0,0,1,0,0,0,0.0466080189477
1,1,1,0,0,0,0,0,0,1,1,0,0,0,0.0847572322788
0,0,0,0,0,1,1,1,1,0,0,1,1,0,0.0866181695145
0,0,1,1,1,0,1,1,0,0,1,0,0,0,0.0603112840467
0,1,0,0,0,1,1,1,1,1,0,1,1,0,0.0600575198782
0,0,0,1,0,0,0,0,0,1,1,0,0,1,0.0758754863813
1,0,0,0,1,1,0,1,0,1,1,1,0,0,0.0424632041956
0,0,1,1,0,0,1,1,0,1,1,1,1,0,0.0340043985789
0,1,1,1,1,0,1,0,0,0,1,0,1,0,0.060987988496
0,0,0,1,0,0,0,0,0,1,0,1,1,0,0.10480460159
0,1,0,1,0,0,1,0,0,1,1,0,1,1,0.0593808154289
0,0,1,1,1,0,1,0,1,1,1,0,1,0,0.0122652681441
0,0,0,1,1,0,1,0,1,1,0,0,1,0,0.0831500592116
0,0,1,0,0,0,0,0,1,0,1,0,1,1,0.00693622060565
0,0,1,0,1,0,1,0,0,0,0,0,0,1,0.0352732194214
0,1,1,1,1,1,1,0,1,1,0,1,1,1,0.054390120115
1,1,0,1,0,0,0,1,0,1,0,1,0,0,0.117915750296
1,0,1,1,0,0,0,1,1,1,1,0,0,0,0.06707832854
1,1,0,0,1,1,1,0,0,0,0,1,1,0,0.0779901877855
1,0,0,1,1,1,1,0,1,1,1,1,0,1,0.0633564540687
0,0,0,0,0,1,0,1,0,0,0,0,0,1,0.0948232109626
1,1,1,1,1,1,1,1,1,1,1,0,0,1,0.0396717983421
0,0,1,1,0,0,1,1,0,0,1,1,0,0,0.108188123837
1,1,1,0,1,0,1,1,1,1,0,1,0,0,0.075198781932
0,0,0,1,1,0,0,0,0,1,1,0,1,0,0.0488073084081
1,1,0,0,1,0,0,0,1,0,0,1,1,0,0.0737607849772
0,1,0,1,1,0,0,0,0,0,0,1,1,0,0.131449839283
1,0,0,1,0,1,0,0,1,1,1,1,1,0,0.122145153104
1,1,1,1,1,1,0,0,1,1,1,0,0,0,0.154119438335
1,0,1,0,1,1,0,0,1,1,1,1,0,1,0.0541363559465
0,0,1,1,0,1,0,1,0,0,1,1,0,1,0.0979529690408
0,1,0,1,0,0,1,1,1,1,1,0,1,1,0.0994755540518
1,0,0,1,1,1,1,0,1,0,0,1,1,0,0.0600575198782
1,0,0,1,1,0,1,0,1,1,0,1,1,0,0.074691253595
0,0,1,1,0,0,0,0,1,1,0,0,1,0,0.0482997800711
0,0,0,0,1,1,1,1,1,0,1,0,1,0,0.107849771612
1,0,0,1,1,1,1,1,1,0,1,0,0,1,0.0472001353409
1,1,0,0,0,1,0,0,1,0,0,1,0,0,0.0410252072407
1,0,1,1,0,0,0,0,0,0,1,1,0,0,0.0900862798173
1,0,1,0,1,0,0,0,1,0,0,1,0,0,0.0622568093385
0,1,1,1,1,1,0,1,1,0,0,0,0,0,0.0572661140247
0,1,0,0,0,1,0,0,1,0,1,1,0,0,0.0644560987988
1,0,0,0,1,1,0,0,0,1,1,0,0,1,0.0880561664693
1,1,0,1,1,0,0,1,1,0,0,1,0,0,0.116900693622
1,0,1,1,0,1,0,1,1,1,1,0,1,1,0.0631026899002
0,1,1,0,1,1,1,0,0,1,1,0,0,1,0.0449162578244
1,1,0,1,0,0,1,1,0,0,1,1,1,0,0.0702926746743
0,1,0,1,1,0,1,1,0,1,1,0,1,0,0.053882591778
1,0,0,1,1,0,1,1,0,1,0,1,0,1,0.0954153273558
1,1,1,0,1,0,0,0,1,0,0,0,0,1,0.111740822196
0,0,1,1,0,0,1,0,0,1,0,1,0,1,0.0472001353409
0,1,1,0,0,0,1,1,0,0,1,0,0,1,0.0266452376924
0,1,1,1,1,1,0,0,0,1,1,1,0,1,0.0429707325326
1,0,1,0,0,0,1,0,1,0,0,1,0,0,0.0695313821688
0,0,1,0,0,1,1,0,1,0,0,0,1,1,0.0658940957537
1,1,1,0,0,0,0,1,0,0,1,1,1,1,0.115208932499
0,0,0,1,0,1,1,1,1,1,0,0,0,0,0.0610725765522
0,1,1,0,0,0,0,0,1,0,1,1,1,1,0.0697005582812
0,1,0,0,0,0,0,1,0,1,1,1,1,0,0.0684317374387
0,1,1,1,1,0,1,1,1,1,1,0,0,0,0.0384029774996
0,0,0,1,1,0,0,0,0,1,1,1,0,1,0.100152258501
1,0,1,0,0,1,0,0,0,0,0,0,1,1,0.980713923194
1,0,1,0,1,1,0,0,1,1,0,1,0,0,0.0753679580443
0,1,1,1,0,1,0,0,0,0,0,1,0,0,0.0788360683471
1,0,1,1,0,1,0,1,0,0,0,0,1,1,0.103366604635
0,1,1,1,1,0,0,1,1,1,1,0,0,0,0.0839113517171
0,1,0,1,1,0,1,0,0,1,1,0,1,0,0.0753679580443
0,0,1,1,1,0,0,1,1,1,1,0,1,0,0.0546438842835
1,0,1,1,1,1,1,1,0,1,1,0,1,0,0.0422940280832
0,0,1,1,1,0,1,0,0,1,1,1,0,1,0.0550668245644
1,1,0,0,0,0,1,1,1,1,1,0,1,0,0.0953307392996
0,1,1,1,0,1,0,0,0,0,1,1,1,0,0.0689392657757
1,1,1,1,0,1,1,1,1,1,1,0,1,1,0.0450008458806
1,1,1,0,0,0,1,0,0,1,1,0,1,1,0.0669937404838
1,0,0,0,0,1,1,1,1,1,0,1,1,0,0.0847572322788
1,1,0,1,1,0,1,1,0,1,0,1,1,1,0.121553036711
1,0,1,1,1,1,0,0,1,0,1,0,0,1,0.0340043985789
0,0,1,1,0,0,1,0,0,0,1,0,1,0,0.0861106411775
1,1,0,1,0,1,0,1,0,1,0,0,0,0,0.0384875655557
1,1,1,0,0,1,1,0,1,0,0,1,0,0,0.0778210116732
1,1,0,1,0,1,1,0,1,1,0,1,0,1,0.0512603620369
1,0,1,0,1,0,1,1,0,1,0,1,1,0,0.0755371341567
1,0,1,1,0,1,0,0,1,0,1,1,0,1,0.0641177465742
1,0,0,0,1,0,0,1,0,1,1,0,1,1,0.0476230756217
1,0,0,1,0,0,0,1,1,1,1,0,0,0,0.0426323803079
1,0,1,0,0,1,1,1,1,1,1,0,0,1,0.0242767721198
1,0,0,0,0,1,0,1,0,0,0,0,1,0,0.054897648452
0,1,1,1,1,1,0,0,1,1,0,0,1,1,0.120453391981
1,1,1,1,1,1,0,1,0,0,0,1,1,0,0.0587886990357
1,1,1,1,0,0,1,0,1,1,0,0,1,0,0.0253764168499
0,1,0,1,0,0,1,0,1,0,0,1,0,0,0.122398917273
0,1,0,1,1,0,1,0,1,1,1,0,0,1,0.0897479275926
0,0,1,1,0,1,0,1,1,0,0,0,0,0,0.0275757063103
0,0,1,1,0,1,0,1,0,1,0,0,1,0,0.0426323803079
0,0,0,1,1,0,0,0,0,1,1,0,1,0,0.113940111656
0,1,1,0,1,0,0,1,0,0,0,1,1,0,0.0987142615463
0,1,1,1,0,1,0,1,0,0,1,1,1,1,0.0592116393165
1,1,0,0,1,1,1,0,0,1,1,1,1,1,0.118846218914
1,1,1,0,0,0,0,1,1,0,0,1,1,1,0.125613263407
1,1,1,1,1,1,0,1,1,0,0,0,1,0,0.0591270512604
1,1,0,0,0,1,0,1,1,0,1,1,1,0,0.0788360683471
0,1,0,0,0,1,0,1,1,0,0,1,0,0,0.061495516833
1,0,1,1,1,1,0,1,1,0,0,1,1,1,0.152427677212
1,0,0,1,1,1,0,0,1,0,1,0,1,1,0.0320588732871
0,1,0,1,1,1,0,1,1,0,0,1,1,0,0.0598883437659
1,1,1,1,1,1,1,1,1,0,0,0,1,0,0.112248350533
0,0,1,1,1,1,0,1,1,1,1,1,1,1,0.0381492133311
0,1,1,0,0,0,0,0,0,1,0,1,1,1,0.070631026899
1,0,1,0,0,0,1,1,1,0,0,0,0,1,0.101336491287
1,1,0,1,0,0,0,0,0,0,0,0,1,0,0.0362882760954
0,1,1,0,1,1,1,1,1,1,0,0,1,1,0.0202165454238
1,1,1,1,1,0,1,0,1,0,0,0,1,1,0.0895787514803
1,1,1,0,0,1,0,0,0,1,1,1,0,0,0.0707156149552
0,1,1,1,1,0,1,0,0,1,1,1,1,0,0.072661140247
1,1,1,1,1,0,1,0,1,1,0,1,1,0,0.0524445948232
1,0,0,0,1,0,1,1,1,1,0,0,0,0,0.0250380646253
0,1,0,0,0,1,0,1,1,0,0,1,1,1,0.0642023346303
0,1,0,0,1,0,0,1,1,1,0,0,1,1,0.0342581627474
0,1,1,0,0,0,0,0,1,1,0,1,0,1,0.0356115716461
1,0,0,1,1,1,0,1,0,1,1,1,1,0,0.165031297581
0,0,1,0,1,0,0,1,1,1,1,0,1,0,0.0109964473016
0,1,1,1,1,0,0,1,1,1,1,1,1,1,0.0779055997293
1,0,0,1,1,1,0,1,0,1,1,1,0,1,0.063525630181
0,0,0,1,0,0,1,0,0,1,1,1,1,1,0.0651328032482
1,0,0,0,1,1,1,0,0,0,0,0,0,0,0.0798511250211
1,1,0,1,0,1,1,0,1,1,0,0,0,1,0.0175097276265
1,1,1,0,1,0,1,1,0,0,1,1,0,1,0.227964811369
0,0,1,0,0,0,0,0,1,0,0,0,0,1,0.012688208425
1,1,0,1,1,0,1,0,1,1,1,1,1,1,0.11275587887
0,0,1,1,1,1,0,1,0,0,0,1,0,1,0.0603112840467
0,0,1,1,1,1,1,0,1,0,0,1,0,0,0.0728303163593
0,1,1,1,0,0,0,0,0,1,1,1,1,1,0.0884791067501
0,1,1,0,1,1,0,0,1,1,1,1,0,1,0.101759431568
1,0,0,1,1,1,1,0,0,1,0,1,0,0,0.117746574184
0,1,0,1,1,1,1,1,1,0,0,1,1,1,0.0987142615463
1,0,1,1,0,0,0,0,0,0,1,1,1,0,0.244121130096
1,1,0,0,0,1,0,1,0,1,1,1,0,1,0.117069869734
0,1,0,0,0,0,0,1,1,0,0,0,0,1,0.0416173236339
0,1,1,0,1,0,1,0,0,0,0,1,1,1,0.0505836575875
1,0,1,1,0,0,0,0,1,1,1,0,0,0,0.0755371341567
1,1,1,0,1,1,0,1,1,0,0,1,0,1,0.11097952969
0,1,1,1,1,1,1,0,0,1,0,0,0,0,0.0461850786669
1,0,1,0,1,1,0,1,1,1,1,1,1,0,0.12908137371
0,0,1,0,1,0,0,1,1,0,0,1,0,0,0.0341735746913
1,0,0,1,1,1,0,1,0,1,0,0,1,0,0.07722889528
1,0,1,1,1,0,0,0,1,0,0,1,0,1,0.15953307393
1,0,0,0,1,1,1,1,1,1,1,1,0,0,0.102774488242
0,0,0,0,1,0,0,1,0,0,0,0,1,0,0.00566739976315
0,1,1,0,0,0,1,0,0,1,1,1,1,1,0.120368803925
0,1,1,1,0,1,1,0,1,1,0,1,0,0,0.0464388428354
0,0,0,0,1,1,1,1,1,0,0,1,1,1,0.0756217222128
1,1,1,0,0,1,1,0,1,0,0,1,1,1,0.09245474539
0,1,1,0,0,1,1,0,1,0,0,0,0,0,0.116900693622
1,1,1,0,0,1,0,1,1,1,1,0,1,0,0.0709693791237
0,1,1,1,0,1,0,0,1,0,0,0,1,0,0.0657249196413
1,1,1,1,0,1,0,0,1,0,1,1,1,1,0.149890035527
1,1,1,0,1,0,1,1,0,1,1,1,0,0,0.0837421756048
1,1,0,1,0,0,1,0,0,0,0,1,0,0,0.051344950093
1,1,0,0,1,0,0,0,1,1,1,0,1,1,0.120199627813
1,1,0,0,0,1,0,1,0,0,0,1,0,0,0.111909998308
0,1,0,1,1,1,1,0,0,1,1,0,0,0,0.0230925393334
0,1,0,0,1,1,0,0,0,0,0,1,1,1,0.11097952969
0,0,1,0,1,1,1,1,0,1,0,0,1,0,0.0674166807647
0,0,0,0,0,1,1,1,1,0,1,0,1,1,0.0489764845204
0,1,1,1,1,1,0,0,0,1,0,1,0,1,0.0806970055828
1,1,1,1,1,0,1,0,1,0,0,1,1,1,0.0643715107427
0,1,1,1,0,1,1,0,0,1,1,0,1,1,0.013703265099
0,0,0,0,0,0,1,0,1,0,1,0,0,0,0.0401793266791
0,0,0,1,0,0,0,0,1,0,1,0,0,1,0.0158179665031
0,1,0,0,0,0,0,0,0,1,1,0,1,1,0.0318896971748
1,1,0,0,1,1,1,1,1,1,1,0,0,1,0.0279140585349
0,1,0,1,0,0,1,0,1,0,0,0,1,0,0.0997293182203
1,1,1,1,0,0,1,0,0,1,1,1,0,1,0.059972931822
1,1,0,1,0,0,0,0,0,1,1,0,1,0,0.0985450854339
1,0,0,1,1,1,1,1,0,0,0,0,0,1,0.0575198781932
0,0,0,1,0,1,1,1,1,0,0,1,0,1,0.0893249873118
1,1,0,0,0,0,1,0,1,1,0,0,1,0,0.0295212316021
0,0,0,1,1,1,0,1,1,0,1,0,1,0,0.0419556758586
1,1,0,0,1,1,1,1,0,0,1,0,1,1,0.0464388428354
0,1,0,1,0,1,0,1,1,1,0,1,0,1,0.0996447301641
0,0,1,1,1,0,0,0,0,1,1,1,1,1,0.103874132972
1,0,0,0,1,0,1,1,1,0,0,1,1,0,0.0872102859076
0,0,1,1,1,1,1,1,0,0,1,1,0,1,0.080274065302
0,0,1,1,0,0,1,1,1,1,1,0,1,1,0.0926239215023
0,1,0,0,1,1,1,0,0,1,1,1,1,1,0.14650651328
1,0,1,0,1,1,0,1,1,0,0,0,0,1,0.0933006259516
0,1,1,0,1,0,1,1,0,0,0,0,0,0,0.0495686009136
1,0,0,0,0,0,1,1,0,0,0,1,1,0,0.0827271189308
1,1,1,1,1,1,1,0,1,0,1,0,0,0,0.0912705126036
0,0,0,1,0,1,1,0,1,1,0,0,0,1,0.0702926746743
1,0,0,1,1,0,0,1,0,1,1,0,0,0,0.0274065301979
1,0,0,1,0,0,1,0,0,0,1,0,1,0,0.0483843681272
1,1,1,0,0,1,0,0,0,0,0,1,1,0,0.105058365759
1,1,0,1,1,1,1,0,0,0,1,0,1,1,0.067585856877
1,0,1,1,0,1,0,1,0,1,1,1,1,0,0.112163762477
1,0,1,1,1,0,0,0,1,1,1,1,1,0,0.131026899002
1,0,1,0,0,1,0,0,1,0,1,0,0,0,0.0310438166131
0,0,1,0,0,0,1,1,1,1,0,1,1,1,0.0407714430722
0,1,1,1,0,1,0,1,1,0,0,0,0,0,0.0407714430722
0,0,1,0,0,0,1,1,1,0,1,1,1,1,0.054390120115
0,1,0,0,1,0,0,1,1,0,1,1,0,1,0.0642023346303
1,1,1,1,0,1,1,0,1,0,1,1,1,0,0.140669937405
1,1,0,0,1,0,1,1,0,1,1,0,0,1,0.0605650482152
1,0,1,1,1,1,0,1,1,1,1,1,1,1,0.0732532566402
0,0,1,1,1,0,1,0,1,1,1,1,1,0,0.059972931822
0,1,0,1,1,1,1,1,1,0,1,0,1,1,0.0226695990526
0,0,0,0,0,1,1,0,1,1,1,0,1,0,0.0433090847572
1,0,0,0,0,0,1,1,0,1,1,0,1,0,0.0814582980883
0,0,0,1,0,0,0,0,0,1,0,0,1,1,0.0285907629843
1,1,0,1,0,0,1,1,1,0,0,1,1,1,0.0681779732702
1,0,0,0,1,1,1,1,0,0,0,1,0,1,0.0709693791237
1,0,1,0,1,0,1,1,0,1,0,1,0,0,0.0784131280663
1,0,1,0,1,1,0,1,0,1,1,1,0,1,0.117069869734
1,0,1,1,0,0,0,0,1,1,1,1,1,0,0.210708847911
0,0,1,0,1,1,1,0,0,0,0,0,1,0,0.0262222974116
0,1,0,1,1,1,1,1,1,1,1,0,1,0,0.0651328032482
0,1,0,1,0,0,0,0,0,0,1,0,1,0,0.0918626289968
1,0,0,1,0,0,1,1,0,1,1,1,0,1,0.0850109964473
0,1,0,0,0,0,0,0,1,1,0,0,0,1,0.0454237861614
0,0,1,0,0,1,1,0,1,1,1,1,0,0,0.0689392657757
1,0,1,1,0,1,1,1,1,0,0,0,1,1,0.0622568093385
0,1,0,0,1,1,1,1,0,0,0,1,1,0,0.0967687362544
1,1,0,0,0,0,0,1,1,1,0,1,0,0,0.0598037557097
0,0,1,1,0,1,1,1,0,0,0,1,1,0,0.0271527660294
1,0,1,0,0,0,1,1,1,0,1,0,0,1,0.0560818812384
0,1,1,0,0,1,0,0,0,1,1,0,0,1,0.0325664016241
1,1,0,0,0,0,0,0,0,0,0,1,1,1,0.135340889866
1,0,0,1,0,1,0,0,1,0,1,1,0,0,0.0546438842835
1,1,1,0,1,0,1,1,0,1,0,0,0,1,0.12070715615
1,1,0,0,1,1,0,1,0,0,0,1,1,1,0.0568431737439
1,0,1,1,0,1,1,1,1,1,0,1,0,1,0.0638639824057
0,0,0,0,1,0,1,1,1,0,1,0,0,1,0.0542209440027
0,1,1,1,0,1,0,1,0,1,1,1,0,1,0.0461850786669
0,0,1,0,1,1,0,0,0,0,0,1,1,1,0.076213838606
0,1,0,1,0,1,0,0,1,0,1,1,1,1,0.101251903231
0,1,1,0,0,0,1,1,0,0,0,0,0,1,0.0451700219929
0,1,1,1,1,0,1,0,0,0,0,0,0,1,0.0809507697513
1,1,1,1,0,1,0,0,1,0,0,1,0,1,0.105988834377
1,0,1,0,0,1,0,1,1,0,1,1,0,0,0.117323633903
1,0,1,0,0,0,0,1,1,0,1,0,1,0,0.0621722212824
0,1,1,0,0,1,0,0,1,0,1,0,1,1,0.0341735746913
0,0,0,0,0,0,1,0,1,0,1,1,1,0,0.0856877008966
0,0,1,0,1,1,1,0,1,0,0,1,0,0,0.0499069531382
0,0,1,1,1,0,0,0,1,0,0,1,0,0,0.100152258501
1,0,1,1,1,0,0,1,0,0,1,1,1,0,0.121214684487
0,0,1,0,1,1,0,1,0,1,0,0,1,1,0.0244459482321
1,1,0,0,1,0,0,1,1,1,1,0,1,1,0.0366266283201
1,1,0,0,1,1,0,1,0,0,0,1,0,1,0.120199627813
1,0,1,1,0,0,0,0,0,1,0,0,1,0,0.0445779055997
1,1,0,0,0,1,0,0,1,1,0,0,1,0,0.0547284723397
0,1,0,1,1,0,0,0,0,0,0,1,1,0,0.0402639147352
1,0,0,1,0,1,0,0,0,0,1,0,0,1,0.154119438335
1,1,1,0,0,1,0,1,1,0,0,0,1,0,0.0463542547792
1,0,0,1,0,1,1,0,1,1,1,1,1,1,0.0894941634241
1,1,0,1,1,0,1,1,1,1,1,1,1,0,0.0606496362714
1,0,0,1,1,1,1,1,0,1,1,0,0,1,0.182625613263
0,0,1,0,1,1,0,0,0,1,0,0,1,0,0.060480460159
1,1,1,1,0,0,0,1,0,0,0,0,0,0,0.109287768567
1,1,1,1,0,0,1,1,0,0,0,0,0,1,0.121383860599
0,1,1,0,0,0,1,1,1,1,0,1,0,1,0.129250549822
0,0,0,1,1,0,1,0,0,0,0,1,1,0,0.169091524277
0,1,0,1,1,0,1,0,1,0,0,0,1,0,0.0821350025376
0,0,0,0,1,0,0,1,1,0,1,1,0,1,0.0336660463543
1,1,0,0,0,1,1,1,1,1,1,0,0,0,0.0397563863982
0,1,0,1,1,1,0,1,0,1,0,0,0,1,0.0486381322957
1,0,0,1,0,0,0,1,0,0,1,1,0,0,0.068600913551
0,0,0,1,1,0,1,1,1,0,1,1,0,1,0.060987988496
1,1,0,1,0,0,1,0,0,1,1,0,1,0,0.0366266283201
0,0,0,1,0,1,0,1,1,0,1,1,0,1,0.0896633395365
1,1,1,0,0,1,1,1,1,1,0,1,1,0,0.0830654711555
0,1,0,0,0,1,1,1,0,1,1,0,1,0,0.0825579428185
1,1,0,0,0,0,1,1,1,1,1,1,0,1,0.0637793943495
1,0,0,1,1,1,1,1,1,0,0,0,1,1,0.0219928946033
1,1,0,0,1,0,0,0,0,1,0,0,1,1,0.13593300626
1,0,0,1,1,1,1,1,1,1,1,1,0,1,0.122821857554
1,1,0,0,0,1,0,0,1,1,1,0,1,1,0.0654711554728
1,0,1,1,1,0,1,0,0,0,0,1,1,1,0.0971916765353
1,1,1,1,1,1,0,0,0,1,1,0,0,0,0.0623413973947
0,1,1,1,1,1,0,0,0,1,0,1,1,1,0.108526476062
0,0,1,1,1,1,1,1,1,0,0,0,1,0,0.0568431737439
1,0,1,1,1,1,0,1,0,1,1,0,1,0,0.113263407207
0,1,0,1,1,0,0,1,1,0,0,1,0,0,0.0948232109626
1,1,0,0,0,1,1,1,1,0,0,0,0,1,0.0675012688208
0,0,0,1,1,1,0,1,0,1,0,1,0,1,0.0837421756048
0,1,1,1,0,0,1,1,1,1,1,0,0,1,0.153442733886
1,1,1,1,1,1,1,1,1,1,1,1,0,1,0.0916934528845
1,1,0,1,1,1,0,0,1,1,1,0,0,0,0.0521062425985
0,1,0,1,0,0,1,1,0,1,0,0,0,1,0.058957875148
0,0,1,0,0,0,1,0,0,0,0,1,0,1,0.108695652174
0,1,0,0,1,0,0,1,0,1,0,1,1,0,0.0492302486889
0,0,1,0,1,1,1,1,0,0,0,0,1,1,0.116477753341
0,0,0,0,0,0,0,0,1,1,0,0,0,0,0.110725765522
0,0,0,0,0,0,1,1,1,1,0,0,1,0,0.0794281847403
1,1,1,1,1,0,1,0,1,0,1,0,0,0,0.0417864997462
0,0,1,0,1,1,0,1,0,0,0,0,1,1,0.0269835899171
0,0,1,0,0,1,0,0,1,0,0,1,1,0,0.0385721536119
1,0,0,0,1,0,0,1,1,0,1,1,1,0,0.0428861444764
1,0,0,1,1,0,0,0,0,0,1,0,0,1,0.199627812553
0,0,0,1,0,1,1,0,0,1,0,0,0,0,0.0815428861445
0,1,1,1,0,0,0,0,0,1,0,1,0,0,0.0607342243275
0,1,1,1,1,0,1,1,1,0,1,0,1,0,0.0176789037388
1,0,1,0,0,1,1,0,0,0,0,0,0,0,0.050329893419
1,0,0,0,1,0,0,1,1,1,0,1,1,0,0.0669091524277
0,1,1,0,0,0,1,0,0,0,1,1,0,1,0.0351040433091
1,0,1,0,1,1,1,0,0,1,1,0,0,0,0.0834884114363
1,0,0,1,0,0,1,0,0,1,1,1,0,1,0.0759600744375
1,0,0,0,0,0,1,1,1,0,1,0,1,0,0.0943156826256
1,1,0,0,0,0,0,1,0,0,1,1,1,0,0.132295719844
0,1,1,1,0,0,1,1,0,1,1,1,1,0,0.100067670445
1,1,0,1,1,0,0,1,0,0,1,1,0,0,0.0489764845204
1,1,0,1,0,0,1,0,0,1,1,1,1,1,0.156572491964
0,1,0,0,0,1,0,1,0,1,1,1,1,0,0.101336491287
0,1,1,1,1,0,0,1,0,1,1,0,1,1,0.0285907629843
0,0,0,0,0,0,1,0,1,0,1,0,1,1,0.121045508374
0,1,1,1,1,0,0,0,1,0,0,0,0,0,0.0413635594654
0,1,1,1,1,1,1,1,0,0,1,0,1,1,0.00913551006598
0,1,0,0,1,0,0,1,0,1,0,0,1,1,0.0342581627474
1,0,1,0,0,0,0,1,0,0,1,1,0,0,0.0610725765522
1,1,0,0,1,0,0,1,0,0,0,0,1,0,0.0439012011504
0,1,0,0,1,1,1,0,1,0,1,1,1,1,0.122991033666
1,1,1,0,0,1,0,1,1,0,1,0,0,1,0.132634072069
1,0,0,0,0,0,1,0,1,1,1,0,1,1,0.0504990695314
1,0,0,1,1,0,1,1,1,1,1,1,1,1,0.112840466926
1,1,0,1,1,1,0,0,1,1,0,1,0,0,0.0762984266622
0,1,1,1,0,0,1,1,1,1,1,0,0,0,0.0911859245475
0,0,0,1,0,1,0,1,0,0,1,0,0,0,0.0913551006598
1,0,1,0,0,1,1,0,0,1,1,1,1,0,0.0669937404838
0,1,1,0,0,0,0,1,1,1,0,0,1,0,0.0549822365082
1,0,0,1,0,1,1,0,0,1,1,1,1,1,0.0739299610895
1,0,1,0,1,0,0,0,1,1,1,0,1,0,0.15268144138
1,0,1,1,1,1,1,0,0,1,1,1,1,0,0.114024699712
0,1,1,0,1,1,1,1,0,1,0,1,0,0,0.109034004399
0,0,1,0,0,0,0,0,1,0,1,1,0,1,0.0487227203519
0,1,1,1,0,0,0,0,0,0,0,1,0,1,0.0784977161225
0,0,1,1,0,0,1,0,0,1,0,0,1,0,0.18490949078
0,1,1,0,0,1,1,0,0,1,0,1,0,0,0.0938927423448
0,1,0,1,0,0,0,1,0,0,1,1,0,0,0.107003891051
0,0,1,1,0,1,0,1,0,1,0,1,1,1,0.0345119269159
1,1,0,0,0,0,1,1,0,1,1,1,1,0,0.119522923363
0,1,1,1,1,0,1,1,1,1,0,0,0,0,0.0667399763153
0,1,0,0,0,0,1,0,0,1,1,0,0,0,0.0428861444764
1,0,1,0,0,1,0,1,0,0,1,1,1,0,0.172390458467
0,0,1,1,0,1,1,1,0,1,0,0,0,1,0.00617492810015
0,0,1,1,0,1,1,0,0,0,0,1,0,0,0.0497377770259
1,1,0,1,1,1,1,0,1,1,0,0,0,0,0.113517171375
1,1,0,0,0,0,0,1,0,1,0,1,1,0,0.129335137879
0,0,1,0,0,0,1,0,1,0,0,1,1,0,0.0719844357977
0,0,0,0,1,0,0,1,0,1,1,1,1,1,0.0922855692776
0,1,0,1,1,1,0,1,0,0,0,1,1,1,0.0467771950601
1,0,0,0,1,0,0,0,0,1,0,1,1,1,0.075198781932
1,0,1,1,0,0,0,1,1,0,1,0,1,0,0.0474538995094
0,0,1,0,1,1,1,1,0,0,0,0,0,1,0.0169176112333
1,0,0,0,0,1,0,0,1,0,0,1,1,0,0.0506682456437
1,0,0,0,1,1,1,1,0,1,0,0,0,1,0.0548130603959
0,1,1,1,0,0,0,0,0,0,0,0,1,1,0.0783285400102
1,1,0,1,0,1,0,1,1,1,0,0,0,0,0.0472001353409
0,1,1,1,0,0,0,1,1,1,0,0,0,0,0.0429707325326
0,1,1,1,1,1,0,0,1,1,1,1,1,1,0.0562510573507
1,0,0,0,0,0,0,0,0,0,1,0,1,0,0.00803586533581
0,1,0,1,0,0,0,1,1,1,0,1,0,0,0.0809507697513
0,1,0,0,0,0,1,1,1,1,1,0,0,1,0.0803586533581
0,0,0,0,0,1,0,0,1,0,0,0,0,1,0.081796650313
1,1,0,1,1,1,0,1,0,0,1,1,1,1,0.060987988496
0,0,1,0,0,1,1,1,0,1,0,1,1,1,0.0429707325326
0,0,0,1,1,1,0,0,1,0,1,1,1,0,0.081289121976
0,1,0,0,1,1,0,0,1,0,0,0,0,0,0.0374725088817
1,0,0,0,0,1,1,1,0,0,0,1,0,0,0.0795973608526
1,1,0,1,0,0,0,1,1,0,0,1,1,1,0.126543732025
1,1,0,0,0,1,1,1,0,0,0,0,1,0,0.0434782608696
1,0,0,1,1,0,0,1,1,1,1,1,1,1,0.0847572322788
0,1,1,0,1,0,1,1,1,0,0,1,1,1,0.0856877008966
0,1,0,1,1,0,1,1,0,0,0,0,1,0,0.0219083065471
1,0,0,0,1,1,1,1,1,1,1,0,0,0,0.113009643038
1,0,1,1,0,1,0,1,0,0,1,1,0,1,0.0418710878024
1,0,1,0,1,0,0,1,1,0,1,0,0,1,0.176112332939
1,1,1,1,1,1,1,1,1,1,1,0,1,1,0.0362882760954
1,1,1,0,1,1,0,0,1,1,0,1,1,1,0.059465403485
0,1,0,1,1,0,0,0,1,0,1,0,0,1,0.0568431737439
1,0,1,0,1,1,0,1,1,1,1,0,1,1,0.018271020132
0,0,0,1,1,0,1,1,0,1,1,1,0,0,0.0958382676366
1,0,0,0,0,1,0,1,1,0,1,0,0,1,0.062510573507
1,0,1,0,0,1,1,1,1,1,0,0,1,0,0.0415327355777
0,0,0,1,0,0,1,1,1,1,1,0,1,1,0.0292674674336
0,0,0,0,1,0,1,1,1,1,1,1,0,0,0.05185247843
0,1,1,0,0,0,1,0,1,0,1,0,1,0,0.0356115716461
0,1,0,0,1,0,1,0,0,0,1,0,0,0,0.051344950093
1,0,0,1,1,1,0,1,0,1,1,1,1,1,0.171375401793
1,1,0,0,1,0,0,0,1,1,1,1,1,0,0.0922855692776
1,1,0,1,0,0,0,0,0,1,0,1,1,1,0.0514295381492
0,0,1,1,1,1,1,0,1,1,0,1,1,0,0.0478768397902
0,1,1,0,0,0,1,0,1,0,0,0,1,0,0.0933006259516
0,1,0,1,1,0,1,1,0,1,1,1,0,0,0.0662324479783
0,1,1,0,0,1,0,0,1,1,1,1,1,1,0.0479614278464
1,0,1,1,0,1,1,0,1,1,0,1,0,0,0.0603112840467
0,1,0,1,0,0,1,1,1,0,1,0,0,1,0.0422094400271
1,0,1,1,0,0,1,0,1,0,1,1,1,1,0.0572661140247
0,0,1,1,0,1,1,0,1,0,1,0,0,1,0.0331585180173
0,0,0,1,1,1,0,1,0,1,0,1,0,1,0.0719844357977
1,1,1,0,0,0,0,1,1,1,1,1,0,1,0.0994755540518
0,1,0,0,0,1,0,0,1,1,0,0,1,0,0.085856877009
1,0,0,1,1,1,1,0,1,0,0,0,1,1,0.00456775503299
1,1,0,1,1,1,1,1,0,1,1,1,1,1,0.0690238538318
1,0,1,0,0,1,0,0,1,1,1,0,0,1,0.0422940280832
0,1,0,1,1,0,1,1,1,1,1,1,0,0,0.0897479275926
1,0,0,1,0,1,0,0,0,1,1,0,0,1,0.0900862798173
0,1,0,1,0,1,1,1,0,0,1,1,1,0,0.0617492810015
1,0,1,1,0,0,0,1,1,0,1,1,1,1,0.109287768567
1,0,1,1,0,0,0,0,1,0,1,1,1,1,0.0957536795804
0,1,1,1,1,0,1,1,0,1,0,1,0,1,0.0790052444595
1,1,1,1,1,1,1,0,0,0,0,0,0,1,0.163847064794
1,0,0,0,1,0,0,0,1,1,1,0,0,1,0.0310438166131
0,0,0,0,1,0,1,0,1,1,1,0,0,0,0.0299441718829
0,1,1,1,0,1,1,1,0,1,1,0,1,0,0.127305024531
0,1,1,0,0,0,1,0,1,0,1,1,1,0,0.0839113517171
0,0,0,0,0,1,0,0,0,0,0,1,0,1,0.100575198782
1,1,0,0,0,1,1,1,0,0,1,1,1,0,0.0368803924886
1,0,0,0,0,0,1,0,0,0,0,1,0,0,0.109964473016
1,1,0,1,1,1,0,1,0,1,0,1,1,0,0.119861275588
0,1,0,1,1,1,1,0,1,1,1,0,1,1,0.0945694467941
0,1,0,1,1,0,0,0,0,0,0,0,0,1,0.0272373540856
1,1,0,1,0,0,0,1,1,1,0,0,1,0,0.21933682964
0,1,0,1,1,0,0,0,0,0,1,1,1,0,0.0729149044155
0,1,1,1,0,1,1,1,1,1,0,0,1,1,0.0332431060734
0,0,1,1,1,0,1,1,0,1,1,0,1,1,0.0384875655557
1,1,0,0,0,0,1,0,1,1,0,1,0,1,0.0451700219929
0,0,0,0,1,0,1,1,0,0,1,1,1,0,0.0451700219929
1,1,0,1,0,0,0,0,0,0,1,0,0,0,0.0613263407207
0,1,1,0,0,0,1,1,0,1,0,0,1,0,0.0691930299442
1,0,1,1,1,1,0,0,1,0,1,0,0,1,0.0803586533581
1,1,1,1,0,0,1,0,1,1,1,1,0,0,0.0729994924717
1,0,1,0,0,0,1,1,0,0,0,0,0,0,0.0765521908307
1,1,1,0,1,1,0,0,1,0,0,0,0,0,0.138978176282
1,1,0,0,1,1,0,0,1,0,0,1,0,0,0.104297073253
0,0,0,1,1,0,1,0,0,1,0,0,0,0,0.0356961597022
0,0,0,0,1,1,0,0,1,0,1,1,0,0,0.0607342243275
0,0,1,1,0,0,1,1,1,1,1,0,0,1,0.10082896295
1,0,1,0,0,0,0,1,0,1,0,0,0,0,0.154796142785
0,0,1,0,1,1,0,0,1,0,0,1,1,0,0.0923701573338
0,0,0,1,1,1,0,1,0,1,0,1,1,1,0.0474538995094
1,1,1,1,1,0,1,0,0,1,1,0,1,0,0.0323972255118
0,1,1,1,0,1,1,1,0,0,1,1,1,1,0.0480460159026
0,0,1,1,0,1,0,0,1,0,0,0,1,0,0.0238538318389
0,1,1,1,1,0,0,1,0,0,1,1,0,1,0.0431399086449
0,0,1,1,0,0,1,1,0,0,1,0,0,1,0.0
1,1,1,0,1,1,1,0,1,0,0,0,1,0,0.0338352224666
1,1,0,0,1,0,1,0,0,1,0,0,0,0,0.150143799695
0,0,1,1,1,1,0,1,0,1,0,1,1,1,0.0783285400102
0,0,1,1,1,0,1,0,0,1,1,0,1,1,0.0102351547961
0,1,0,0,1,0,0,0,1,1,0,0,1,0,0.0942310945694
0,0,1,0,0,0,1,1,0,0,1,1,0,0,0.0561664692945
1,1,0,0,0,0,0,1,1,1,1,0,0,0,0.0464388428354
0,1,0,0,1,0,0,0,0,1,1,0,1,0,0.0647098629673
0,0,1,1,0,0,0,1,0,0,0,0,0,0,0.0681779732702
1,0,1,0,1,0,0,0,1,0,0,1,0,0,0.0713077313483
1,0,1,1,1,0,0,1,0,0,0,1,1,0,0.0509220098122
0,1,1,0,0,0,1,1,0,1,0,0,0,1,0.0230079512773
1,0,1,1,0,0,0,0,0,0,1,0,1,0,0.0287599390966
1,0,0,0,0,0,1,0,0,1,1,0,1,1,0.0392488580612
1,1,1,1,0,1,0,1,0,0,0,1,1,0,0.0697851463373
0,1,1,0,0,0,0,0,1,1,1,1,0,0,0.0527829470479
1,1,1,1,0,0,0,1,1,1,0,0,0,0,0.0779901877855
0,0,0,1,1,0,0,0,0,1,1,0,1,0,0.0384029774996
1,1,0,0,1,0,0,0,1,1,0,0,1,0,0.327271189308
0,1,1,0,0,0,1,0,1,1,0,0,1,1,0.0173405515141
1,1,1,0,0,1,0,0,1,1,0,1,1,0,0.0775672475047
0,1,0,1,0,1,1,1,1,1,1,0,1,1,0.0423786161394
0,1,1,0,0,1,0,0,1,0,1,1,0,0,0.0781593638978
1,0,0,0,1,1,0,0,1,1,0,1,1,1,0.111148705803
0,0,1,0,0,1,1,1,1,0,1,1,1,0,0.0476230756217
0,1,0,1,1,0,1,1,1,0,1,0,0,1,0.0400101505667
1,0,1,0,0,0,0,0,1,0,0,0,1,1,0.0237692437828
0,1,1,0,0,0,1,0,0,0,0,0,1,1,0.0254610049061
0,1,1,0,0,1,0,0,0,1,1,1,1,1,0.0882253425816
0,1,0,1,0,0,0,0,0,0,0,0,1,1,0.0771443072238
0,0,1,0,1,0,0,1,1,0,1,0,0,0,0.0153950262223
1,1,0,0,0,1,1,0,1,0,0,1,0,1,0.150312975808
1,0,0,0,0,0,1,0,1,1,0,0,1,1,0.101844019624
0,1,1,1,0,1,0,0,1,0,1,0,1,0,0.0680087971578
0,0,0,1,0,0,0,1,1,0,0,0,1,0,0.0713077313483
1,0,1,0,1,0,0,0,0,1,0,1,1,0,0.153950262223
1,0,0,1,1,0,1,0,1,1,1,0,0,1,0.0980375570969
1,1,1,0,1,0,1,0,1,1,0,0,1,1,0.0547284723397
0,1,1,1,0,0,1,1,1,0,1,1,1,0,0.116816105566
1,1,0,1,1,0,1,1,1,0,0,1,1,0,0.135087125698
1,0,1,0,0,1,0,1,0,1,1,0,1,0,0.0164946709525
0,1,0,0,1,0,0,0,1,0,1,0,1,1,0.0620876332262
1,0,0,1,1,0,1,0,0,0,1,0,0,0,0.0692776180003
1,0,1,0,1,1,1,0,0,1,0,0,0,1,0.0788360683471
1,1,1,1,0,0,0,1,1,1,1,1,0,1,0.0415327355777
1,1,1,0,0,0,0,1,0,1,0,1,0,0,0.112163762477
1,0,0,1,1,1,0,0,0,0,0,0,0,1,0.0497377770259
0,1,1,1,0,0,0,1,1,0,1,1,0,1,0.159363897818
0,1,0,1,1,0,0,0,0,0,0,1,0,1,0.0943156826256
0,0,0,0,0,1,1,0,1,1,1,0,0,0,0.0323126374556
0,1,1,0,0,0,0,1,0,1,1,0,1,0,0.0565894095754
0,1,1,0,1,1,0,0,0,1,0,1,1,1,0.0471155472847
1,1,1,1,0,1,1,1,0,1,0,0,1,0,0.0300287599391
0,1,0,0,1,0,1,0,1,1,0,1,0,0,0.0370495686009
1,1,0,1,0,1,1,0,0,1,1,1,1,0,0.0485535442396
1,1,1,0,1,0,1,1,1,0,1,0,0,1,0.0879715784131
1,0,0,0,0,1,1,0,1,1,1,1,1,0,0.113686347488
0,0,1,1,0,1,1,1,1,1,1,0,0,0,0.0928776856708
0,1,0,1,1,0,1,1,1,0,0,0,1,1,0.0642869226865
1,0,1,1,0,0,1,0,1,0,0,1,1,1,0.0351040433091
0,1,0,0,1,0,1,0,1,0,0,0,1,1,0.0631872779564
1,1,1,1,1,0,1,0,1,1,0,0,0,0,0.0867873456268
0,1,0,1,0,0,1,0,0,1,1,1,0,0,0.0597191676535
1,1,1,1,1,1,1,1,1,1,0,0,0,0,0.0407714430722
0,1,0,1,1,0,1,0,1,0,1,1,0,0,0.101844019624
1,0,0,1,1,0,0,0,0,1,1,0,0,1,0.0230079512773
1,1,0,1,0,1,1,0,0,1,1,1,0,0,0.0546438842835
0,0,1,1,1,1,0,0,1,0,0,0,0,1,0.0571815259685
0,0,1,0,0,0,0,0,1,1,1,1,0,0,0.0577736423617
0,0,1,0,0,1,0,0,0,0,1,0,1,0,0.0189477245813
1,0,1,0,0,1,1,0,0,1,1,0,0,0,0.0729149044155
1,0,0,1,0,0,1,0,1,0,1,1,0,1,0.0776518355608
0,0,1,1,1,0,1,0,0,1,1,0,1,0,0.132718660125
1,1,1,1,0,1,1,0,0,0,1,0,1,1,0.0315513449501
1,1,0,1,1,1,0,1,0,0,1,1,1,1,0.205295212316
0,1,0,1,1,0,1,0,1,0,0,0,0,0,0.0526137709355
1,0,0,0,1,0,1,1,1,0,0,1,1,1,0.0784977161225
0,0,1,0,1,1,1,0,0,0,0,1,1,0,0.0715614955168
1,0,1,0,0,1,1,0,0,0,1,0,1,0,0.0829808830993
0,0,0,0,1,1,0,1,1,1,1,1,0,1,0.0401793266791
0,0,0,1,0,1,1,0,0,1,0,0,1,1,0.074691253595
1,1,0,1,0,0,0,0,1,1,1,1,0,0,0.0672475046523
0,1,1,1,0,1,0,1,1,0,1,1,1,1,0.0384029774996
0,1,1,1,0,1,1,1,0,0,0,1,1,1,0.0494840128574
1,0,0,0,0,0,1,0,0,1,0,1,1,0,0.0854339367281
1,1,1,0,1,1,1,1,0,0,0,0,1,1,0.0355269835899
1,1,1,1,0,0,0,1,1,0,1,0,0,0,0.116816105566
0,0,0,1,0,0,1,1,1,1,0,1,0,0,0.103282016579
0,0,1,1,0,1,0,0,0,1,1,0,1,0,0.0247843004568
0,0,0,1,1,0,0,1,0,1,0,1,1,1,0.0872102859076
1,1,0,1,1,1,0,1,0,0,1,0,0,1,0.0689392657757
1,0,1,1,1,1,1,1,0,1,0,0,0,1,0.0469463711724
0,0,1,0,1,0,1,0,1,0,0,0,1,0,0.0585349348672
0,1,0,0,0,1,0,0,0,0,0,1,1,0,0.0998984943326
0,0,1,0,1,0,0,0,0,1,1,0,0,0,0.0405176789037
1,1,0,1,0,1,1,0,1,0,0,0,1,1,0.0818812383691
1,0,0,1,0,0,0,1,1,0,1,0,1,1,0.065555743529
1,1,0,1,1,0,1,0,0,1,1,0,0,1,0.0449162578244
0,0,0,0,1,0,0,0,1,1,1,0,1,1,0.0815428861445
0,1,1,0,0,0,0,1,0,1,0,1,1,1,0.08737946202
1,0,1,0,0,1,0,0,1,0,1,0,0,0,0.0542209440027
0,1,0,1,1,1,0,0,1,0,1,0,0,0,0.054897648452
0,1,1,0,0,0,1,0,0,1,1,0,1,1,0.0462696667231
1,0,0,1,1,0,1,1,0,1,0,1,1,1,0.117323633903
1,0,1,1,0,1,0,1,1,0,1,1,1,1,0.114024699712
0,0,1,1,1,0,1,1,1,1,1,0,1,1,0.0426323803079
1,0,1,1,1,0,1,1,1,0,0,0,0,0,0.0316359330063
1,0,1,1,1,1,0,0,0,0,1,0,1,0,0.134579597361
0,0,1,0,0,0,1,1,0,1,0,1,1,0,0.0384875655557
1,1,1,0,1,1,1,1,0,0,0,1,1,1,0.149467095246
0,1,0,1,0,1,1,0,1,0,1,0,1,1,0.0715614955168
0,1,1,1,0,0,0,0,1,1,1,0,0,0,0.0993063779394
0,1,0,1,0,1,0,1,0,0,0,0,1,1,0.0752833699882
1,1,0,0,1,0,0,1,0,0,0,1,1,0,0.12113009643
0,1,0,1,1,0,0,0,1,0,1,0,0,1,0.0334968702419
0,1,1,0,0,1,1,0,0,1,0,0,0,0,0.0811199458636
0,0,1,1,1,1,1,0,0,1,0,1,1,1,0.106411774657
1,0,1,1,1,1,0,1,0,1,0,0,0,1,0.0552360006767
1,1,1,0,1,0,1,0,1,1,0,0,0,0,1.0
1,0,0,0,1,1,0,1,1,0,1,1,1,1,0.058450346811
0,1,1,0,1,1,1,1,1,1,1,0,1,1,0.104043309085
0,0,1,0,1,1,1,1,1,0,1,1,0,1,0.0368803924886
0,0,1,1,1,0,0,1,1,1,0,1,1,1,0.0214853662663
0,0,0,0,1,0,1,1,0,1,0,0,0,0,0.0487227203519
1,1,1,1,1,1,1,1,0,0,0,0,1,1,0.0896633395365
0,0,1,1,0,0,0,1,1,0,0,0,1,1,0.0245305362883
0,0,1,0,1,1,1,0,1,1,1,1,0,0,0.0598037557097
0,1,0,1,1,0,0,0,1,1,0,0,1,1,0.0301133479953
0,0,1,1,1,0,1,0,0,1,1,1,1,0,0.109964473016
0,0,0,1,0,0,0,0,1,0,1,1,0,1,0.114785992218
0,0,0,0,0,1,1,0,1,1,1,0,0,1,0.0521908306547
1,0,1,1,1,1,0,1,1,1,0,1,1,0,0.0890712231433
1,0,0,0,1,0,1,1,0,0,1,0,1,0,0.0607342243275
1,0,0,0,1,0,1,0,1,0,1,0,1,0,0.0264760615801
0,0,0,1,0,1,1,1,0,0,1,1,1,0,0.106158010489
1,1,0,1,1,1,0,1,1,0,0,1,0,1,0.0836575875486
0,1,0,0,0,1,1,1,0,1,0,0,1,0,0.0423786161394
1,1,1,0,0,1,1,1,1,1,0,1,1,1,0.0628489257317
1,1,0,1,1,0,1,1,0,1,0,0,0,1,0.0486381322957
0,1,1,0,0,1,0,1,0,0,1,1,0,1,0.0622568093385
1,1,1,0,0,1,0,1,0,1,1,1,0,0,0.0694467941127
1,1,0,1,1,1,1,0,0,0,1,0,1,0,0.066063271866
1,0,0,0,0,0,1,0,0,1,0,1,1,1,0.272881069193
1,1,0,1,1,0,1,1,0,1,0,1,0,1,0.118423278633
0,1,1,0,0,1,0,0,1,1,0,0,1,1,0.06200304517
1,1,1,1,1,1,1,0,1,1,1,0,0,0,0.0524445948232
1,1,1,0,1,1,1,0,1,1,0,0,1,1,0.0982067332093
0,0,1,0,1,1,1,1,1,0,0,1,1,1,0.0548130603959
1,0,0,1,1,1,1,1,1,1,0,1,0,1,0.0720690238538
1,0,1,1,1,0,0,0,1,1,0,0,1,1,0.0439857892066
1,0,0,1,1,1,1,0,1,1,1,1,1,0,0.132041955676
0,0,1,1,1,0,1,1,1,1,0,1,0,0,0.0445779055997
1,0,0,0,0,0,1,0,1,1,0,0,0,1,0.0780747758417
0,1,0,0,1,0,1,0,1,0,0,0,1,0,0.203772627305
1,0,0,1,1,1,0,1,0,0,0,1,1,1,0.0478768397902
0,0,1,0,0,1,1,1,1,0,0,0,0,1,0.0466080189477
1,1,0,1,1,0,1,1,0,0,1,0,0,0,0.060987988496
0,1,0,0,1,1,1,1,1,0,1,1,0,1,0.0551514126205
1,0,1,0,1,0,1,1,1,1,1,0,0,1,0.0506682456437
1,0,0,0,1,0,1,1,1,0,1,0,0,1,0.0539671798342
0,0,1,1,1,0,1,0,1,1,1,1,0,1,0.0461850786669
1,1,1,1,0,0,0,0,0,0,0,0,1,0,0.0352732194214
0,1,1,1,1,0,0,1,0,0,0,0,1,1,0.0430553205887
1,1,0,1,1,0,1,0,1,0,1,1,0,1,0.109287768567
1,0,1,0,1,1,1,0,1,0,1,1,0,1,0.0990526137709
0,0,0,1,0,1,0,0,1,0,0,1,0,0,0.0757908983252
0,0,0,1,0,0,1,0,1,0,0,0,0,1,0.0995601421079
0,1,1,1,1,0,0,0,1,0,1,1,0,0,0.0903400439858
0,1,0,1,0,0,0,0,1,1,1,1,1,0,0.0337506344104
0,0,0,1,1,1,0,1,1,1,1,1,1,1,0.057942818474
1,1,1,0,0,0,1,1,0,1,1,1,0,0,0.0694467941127
0,1,0,0,0,1,1,1,0,0,1,0,1,0,0.00786668922348
1,1,0,1,0,0,0,0,0,0,0,0,1,0,0.0387413297242
0,0,1,1,0,0,1,0,1,1,1,1,1,1,0.0501607173067
1,1,1,1,1,0,1,0,1,0,1,1,1,1,0.17188293013
1,0,1,1,1,0,0,0,0,1,1,1,0,1,0.065555743529
0,0,0,1,0,0,1,0,1,1,0,0,0,1,0.0313821688378
1,0,0,1,0,1,0,0,1,0,1,1,1,1,0.163931652851
1,1,0,0,1,0,1,0,0,0,0,0,1,1,0.0454237861614
0,1,1,0,0,1,0,0,0,1,1,1,0,1,0.0544747081712
1,1,1,0,0,0,0,0,1,0,0,0,0,1,0.0738453730333
0,0,1,0,1,1,0,0,0,0,1,0,0,1,0.0910167484351
1,1,1,1,0,1,1,0,0,1,1,0,1,1,0.129504313991
0,1,0,0,1,1,0,0,0,1,1,1,0,0,0.068600913551
0,0,0,1,0,0,0,0,0,1,1,0,0,1,0.0911013364913
0,0,1,1,1,1,1,0,0,0,1,1,1,1,0.104297073253
0,0,1,1,0,1,0,1,1,1,1,1,0,1,0.0806970055828
0,0,1,0,1,0,1,0,1,1,0,1,0,0,0.0768905430553
1,1,1,0,0,1,0,1,0,1,0,0,1,0,0.0348502791406
0,1,1,0,0,0,0,1,0,1,1,1,1,1,0.0507528336999
0,0,0,1,1,1,0,0,0,1,1,1,1,0,0.0573507020809
0,1,0,0,0,1,1,0,1,1,1,1,1,0,0.0821350025376
1,1,0,1,0,0,1,1,1,0,1,0,1,0,0.0806124175266
1,0,1,0,1,0,1,0,0,1,1,1,1,1,0.0958382676366
1,1,0,0,0,1,0,1,0,1,1,0,1,0,0.0490610725766
1,1,0,1,1,1,0,0,1,1,1,1,1,0,0.0679242091017
0,1,1,1,0,0,0,1,1,1,1,1,0,0,0.0532904753849
0,1,1,1,0,1,0,0,0,0,0,0,0,0,0.128912197598
1,0,1,0,0,0,1,0,0,0,1,0,1,0,0.012688208425
1,0,0,0,1,0,1,1,0,1,0,0,0,1,0.0321434613433
0,0,1,0,0,1,0,0,0,0,0,0,1,1,0.111233293859
0,1,0,0,1,0,0,0,0,1,0,0,1,1,0.0795973608526
0,0,1,0,1,0,1,1,0,0,1,1,0,0,0.0553205887329
1,1,0,1,0,0,0,1,0,1,1,1,0,1,0.0773134833362
0,0,1,0,0,1,0,0,1,0,0,1,0,1,0.0971070884791
0,0,0,1,0,1,1,0,0,0,1,1,0,0,0.0493994248012
0,0,1,1,1,0,0,0,1,0,0,0,0,1,0.0161563187278
0,1,0,1,1,0,0,0,1,0,1,0,0,0,0.0573507020809
1,0,0,0,0,0,1,0,1,0,1,1,1,1,0.0823887667061
0,0,0,1,0,0,0,0,0,0,1,0,0,0,0.144645576045
1,1,1,1,0,0,0,0,1,1,1,1,1,0,0.060480460159
0,0,0,0,0,0,1,1,0,0,0,0,1,1,0.0184401962443
0,1,0,0,0,1,1,0,1,0,1,1,0,0,0.0992217898833
0,0,0,0,1,1,0,1,1,1,0,0,0,0,0.0697005582812
0,0,1,0,0,0,1,1,1,0,0,0,0,1,0.0656403315852
0,0,1,0,1,0,1,0,0,0,1,1,1,1,0.105142953815
0,0,1,1,0,1,1,1,1,0,0,0,1,0,0.0611571646084
0,0,1,0,1,1,0,1,0,1,0,0,1,1,0.0685163254948
1,1,0,1,0,0,0,0,0,0,0,1,1,0,0.129588902047
0,1,1,0,0,0,1,0,1,1,0,0,0,0,0.0811199458636
1,1,0,1,1,1,0,0,0,1,0,0,0,1,0.0625951615632
1,0,1,0,1,1,0,0,1,1,1,0,1,1,0.0653019793605
1,0,0,0,1,1,1,0,0,1,1,0,1,1,0.071138555236
1,1,1,0,1,0,1,0,1,1,1,0,0,0,0.107596007444
1,1,0,1,0,0,1,0,0,0,1,0,1,1,0.12908137371
1,1,1,0,0,1,1,0,1,0,0,0,0,0,0.143038402977
1,1,0,0,0,0,0,1,1,0,0,1,1,0,0.108695652174
0,0,1,1,0,0,1,1,0,0,0,1,1,1,0.0450854339367
0,1,0,1,0,1,0,1,1,1,1,1,0,1,0.0614109287769
0,1,1,0,1,1,0,1,0,1,0,0,1,1,0.0555743529014
1,1,1,0,0,1,0,0,0,1,0,1,1,0,0.0809507697513
1,0,1,0,0,1,0,0,1,0,1,1,1,1,0.0562510573507
1,1,0,1,0,1,0,0,0,1,0,0,1,0,0.0917780409406
0,0,1,1,0,1,1,0,0,1,0,1,1,0,0.108864828286
0,1,0,0,1,0,1,1,0,1,0,1,1,1,0.0673320927085
0,1,0,1,0,0,0,1,0,1,1,1,0,1,0.08737946202
1,0,1,1,1,0,0,0,1,1,1,0,1,1,0.0760446624937
0,1,0,0,0,0,1,0,0,1,1,1,0,1,0.0891558111995
0,0,0,1,0,1,1,0,1,1,1,1,1,1,0.0447470817121
1,0,0,0,0,1,0,0,1,0,0,1,1,0,0.0757908983252
0,0,0,0,0,1,0,0,1,1,1,0,0,1,0.125359499239
1,0,1,1,0,0,1,1,0,1,1,1,1,1,0.0482151920149
0,0,0,0,1,0,1,1,0,0,1,1,0,0,0.123413973947
0,1,1,1,1,0,1,1,0,1,1,0,1,0,0.0185247843005
0,1,1,0,1,0,1,0,1,0,0,1,1,1,0.0491456606327
1,1,0,1,0,1,0,0,1,0,1,0,1,1,0.06707832854
0,0,1,1,1,0,1,1,0,0,0,1,1,1,0.0348502791406
1,1,1,0,0,0,0,1,1,0,0,0,1,0,0.0510911859245
0,0,0,1,0,1,1,1,1,0,0,1,0,1,0.0346811030283
1,1,0,0,0,0,1,0,1,1,1,0,0,1,0.0934698020639
0,1,1,0,1,0,0,1,1,0,0,0,0,1,0.020808661817
1,1,0,1,0,1,1,0,0,1,1,1,0,1,0.121891388936
1,1,1,0,1,0,1,0,1,0,0,1,0,0,0.0809507697513
0,1,1,0,1,0,0,1,1,1,0,0,0,0,0.0526983589917
1,1,0,0,0,0,1,1,0,1,0,0,1,1,0.0312129927254
0,1,1,0,1,0,1,1,1,1,0,0,0,1,0.0212316020978
0,0,1,0,1,1,0,1,0,0,0,1,1,0,0.0504144814752
0,1,0,1,1,1,1,0,1,1,1,1,0,1,0.112925054982
0,0,1,1,0,0,0,0,1,1,0,0,0,0,0.0285907629843
1,1,0,0,0,1,0,0,1,0,1,1,0,1,0.0714769074607
0,1,0,1,0,1,1,0,1,1,0,0,1,0,0.0526137709355
0,0,1,1,0,0,0,1,1,0,1,1,1,0,0.0720690238538
0,0,1,1,0,1,0,1,1,0,1,1,0,1,0.0537980037219
0,1,0,0,0,1,0,0,1,0,1,0,0,1,0.0885636948063
1,0,1,0,0,1,0,1,1,1,0,1,1,1,0.0988834376586
0,1,1,1,1,0,0,0,1,0,0,0,0,0,0.0433936728134
1,1,0,1,0,1,0,1,0,1,1,0,1,1,0.0728303163593
1,1,1,1,1,1,0,1,1,0,0,1,1,0,0.0718152596853
0,1,0,1,0,0,0,1,0,0,1,0,0,0,0.0261377093554
0,1,0,0,1,0,1,1,1,0,1,1,1,1,0.0529521231602
1,1,0,1,0,1,0,0,0,0,0,0,0,1,0.0724919641347
0,1,1,0,1,0,1,0,1,0,0,1,1,0,0.0836575875486
0,0,0,0,0,1,1,1,0,0,0,0,0,1,0.0761292505498
0,1,1,0,0,1,1,1,0,0,0,0,1,1,0.013703265099
1,0,0,1,1,1,0,1,1,0,1,1,1,1,0.0568431737439
0,1,0,0,1,1,1,0,0,1,0,0,1,1,0.0682625613263
1,0,0,1,1,0,0,0,0,1,0,1,0,1,0.0641177465742
0,1,0,0,0,0,0,1,1,0,1,0,0,1,0.065048215192
1,1,1,0,0,1,1,0,0,0,1,0,0,1,0.0391642700051
0,1,0,1,0,1,1,0,0,0,1,0,1,0,0.0350194552529
1,1,1,0,0,1,0,1,1,1,1,1,0,0,0.0507528336999
1,1,0,1,0,1,0,0,1,1,1,0,0,1,0.0450008458806
0,0,0,0,1,0,0,1,0,1,1,1,0,1,0.0978683809846
1,1,0,1,0,1,0,0,0,0,0,1,0,0,0.102774488242
1,1,1,0,0,1,1,1,0,1,0,0,0,0,0.127474200643
1,1,1,1,0,0,0,0,1,0,0,0,1,0,0.0311284046693
1,0,1,1,0,1,0,1,1,1,0,1,0,0,0.154119438335
1,0,0,1,1,1,1,1,0,0,1,1,0,1,0.090932160379
0,0,1,1,0,1,0,1,0,1,1,1,1,0,0.0484689561834
1,1,1,0,0,1,0,0,0,1,0,0,1,0,0.0551514126205
0,0,1,1,0,0,0,0,0,1,0,0,0,0,0.0685163254948
1,1,0,0,0,1,0,0,0,0,1,0,0,1,0.0465234308916
0,1,0,1,0,1,0,1,0,0,0,0,0,0,0.0281678227034
0,1,1,1,1,1,0,0,1,0,0,1,0,0,0.153696498054
1,0,1,1,1,0,1,0,1,0,1,0,0,1,0.0826425308746
0,0,1,1,0,1,1,1,1,0,0,1,0,1,0.117323633903
1,1,1,1,0,0,0,0,0,1,1,1,0,0,0.115124344443
1,1,1,1,1,1,1,0,0,0,0,0,0,0,0.0892403992556
0,0,1,0,0,0,0,0,0,0,1,0,1,0,0.0358653358146
0,1,1,0,1,1,1,0,0,0,1,0,1,1,0.0707156149552
0,0,1,1,1,0,0,0,0,0,0,1,1,0,0.0728303163593
1,0,1,1,0,1,1,1,1,0,0,0,1,1,0.128996785654
1,1,0,0,1,0,0,1,1,1,0,0,0,0,0.0415327355777
0,1,0,1,0,0,0,1,1,0,0,1,0,1,0.0978683809846
1,0,0,0,1,0,1,0,1,0,0,1,0,1,0.0636948062934
1,1,0,0,0,1,0,0,1,0,1,0,0,1,0.0381492133311
1,0,0,1,0,0,0,1,0,1,1,0,1,0,0.0342581627474
0,0,1,1,1,0,0,0,0,0,1,1,0,0,0.0404330908476
0,0,0,1,0,1,1,0,1,0,1,0,0,0,0.0228387751649
1,1,0,1,1,0,0,0,0,1,0,1,0,1,0.0764676027745
0,0,0,0,0,1,1,1,1,0,0,0,0,0,0.074183725258
0,1,1,0,0,1,0,1,0,0,0,0,1,1,0.0292674674336
0,0,0,0,0,1,0,1,1,1,0,1,1,0,0.069108441888
1,1,0,0,1,1,0,0,0,1,0,0,1,1,0.0870411097953
1,1,0,0,0,1,0,0,1,0,0,1,1,1,0.129842666216
0,1,1,0,1,0,0,0,0,1,0,1,0,1,0.0771443072238
1,0,0,0,0,1,1,0,1,0,0,1,0,0,0.138724412113
0,0,1,0,1,1,0,0,1,0,1,1,0,1,0.103874132972
0,1,1,1,0,1,0,0,1,0,1,1,0,0,0.103451192692
0,1,1,1,0,1,1,0,0,1,0,0,1,0,0.0451700219929
1,1,1,0,1,1,1,1,0,0,0,0,1,1,0.0472001353409
0,1,0,0,0,1,0,0,0,0,0,0,1,1,0.114278463881
0,0,1,0,0,0,1,1,1,1,1,0,0,1,0.0943156826256
1,1,0,1,1,1,1,0,0,1,1,0,0,0,0.0388259177804
0,1,0,1,0,1,1,1,0,0,0,1,0,0,0.0865335814583
1,0,1,1,0,0,1,1,1,0,1,1,0,0,0.0669091524277
1,0,0,1,0,0,0,0,0,0,1,0,0,1,0.0507528336999
1,1,0,1,0,0,1,1,1,0,0,1,0,0,0.129504313991
1,0,1,1,0,0,0,1,1,0,0,1,0,0,0.0784131280663
0,1,0,1,1,1,0,1,0,1,1,0,0,1,0.0563356454069
1,1,0,1,1,1,0,1,1,0,0,0,1,0,0.0654711554728
1,1,1,1,1,1,0,0,1,0,0,1,1,0,0.0970225004229
1,0,1,0,1,0,1,0,1,0,0,1,0,0,0.138470647945
0,0,0,1,1,0,0,1,0,0,0,1,1,1,0.0871256978515
0,0,1,0,0,0,0,1,0,0,0,1,0,0,0.0776518355608
1,0,1,1,0,1,0,0,0,1,0,0,0,0,0.0902554559296
0,0,0,0,1,1,1,1,0,0,0,0,0,0,0.0755371341567
1,0,0,1,0,0,0,0,0,1,1,1,0,0,0.0786668922348
1,1,1,0,1,0,1,1,0,1,1,0,1,0,0.0530367112164
0,1,0,0,0,1,0,1,0,1,1,1,0,0,0.153104381661
1,0,1,1,0,1,1,1,0,1,1,1,0,1,0.0646252749112
1,0,0,0,0,0,0,1,0,1,0,1,0,1,0.0614109287769
0,0,1,1,1,0,1,1,0,1,0,0,1,1,0.131872779564
0,0,1,1,1,1,0,1,0,1,1,1,0,0,0.070631026899
1,1,0,0,1,0,0,1,1,0,0,0,1,0,0.0636948062934
1,0,0,0,1,1,1,0,1,1,1,0,1,1,0.106411774657
0,0,1,1,1,0,1,1,0,0,0,0,1,1,0.0428861444764
0,0,1,1,1,0,1,1,1,0,0,1,1,0,0.0771443072238
1,0,0,0,1,0,0,1,1,0,1,1,0,0,0.0639485704619
0,1,0,1,1,0,1,1,1,1,1,0,1,1,0.0159025545593
0,0,1,1,0,1,0,1,0,1,1,1,1,0,0.180426323803
0,0,1,1,0,0,1,0,0,0,0,0,0,0,0.0284215868719
0,0,0,0,0,0,1,1,0,1,1,0,0,1,0.0472847233971
0,0,1,0,0,1,0,1,1,0,0,1,1,0,0.0562510573507
1,0,1,1,0,1,0,1,0,1,0,0,1,0,0.0318896971748
1,1,1,1,1,1,0,1,1,0,0,0,0,1,0.102182371849
1,1,1,1,0,0,1,0,1,1,0,1,1,0,0.0459313144984
1,0,0,0,1,1,0,0,1,1,0,1,1,0,0.0613263407207
1,1,0,1,1,1,1,0,1,1,1,1,1,0,0.104381661309
0,0,0,0,1,0,0,0,0,1,0,1,0,0,0.0383183894434
1,1,1,0,0,1,0,0,0,0,1,1,1,0,0.085349348672
1,1,0,0,0,0,1,1,1,1,1,1,1,0,0.202080866182
1,1,0,0,0,1,0,1,0,0,0,1,1,1,0.0971070884791
1,1,1,1,1,0,1,0,1,1,0,1,0,1,0.119522923363
0,1,0,1,0,1,1,1,0,0,0,0,1,1,0.00236846557266
1,0,0,0,0,1,1,0,1,0,1,1,1,1,0.109118592455
1,0,0,1,0,0,1,1,0,1,0,1,1,1,0.807308408053
0,1,0,1,0,0,0,0,1,1,1,0,1,1,0.0684317374387
0,1,0,0,0,1,0,1,0,1,0,0,1,0,0.0570123498562
1,1,0,1,1,0,1,1,0,1,0,1,1,0,0.059972931822
0,1,0,1,0,1,0,0,1,0,1,0,1,1,0.0537134156657
0,1,1,0,1,0,1,0,1,0,0,1,1,1,0.192099475554
1,0,0,1,0,0,0,1,0,1,1,0,0,1,0.0806124175266
1,1,0,1,0,0,1,1,1,0,1,0,0,0,0.11275587887
0,1,1,0,0,1,0,0,1,1,0,0,0,0,0.091947217053
1,1,0,1,0,1,0,1,1,0,1,1,1,0,0.0649636271358
1,0,0,0,0,1,1,0,1,1,1,0,1,0,0.0933006259516
1,1,0,1,0,0,1,1,1,0,1,1,0,1,0.136271358484
1,1,1,1,0,1,0,0,0,0,1,0,0,0,0.081289121976
1,1,0,1,0,0,0,1,1,1,1,0,0,1,0.0602266959905
1,0,1,1,1,0,0,1,1,0,0,0,0,0,0.0612417526645
0,1,0,0,1,0,1,1,0,1,1,1,1,0,0.126966672306
0,0,0,1,0,0,0,1,1,0,1,1,0,1,0.0734224327525
0,0,0,1,0,0,0,1,1,1,0,1,0,1,0.091947217053
1,0,1,1,0,0,1,0,1,1,1,0,1,0,0.0417864997462
1,1,1,1,1,1,1,0,1,0,0,0,1,0,0.0527829470479
0,1,0,1,1,1,1,0,1,0,1,1,1,0,0.0515141262054
0,1,1,1,1,1,0,1,0,1,0,1,1,1,0.112332938589
0,1,1,1,0,0,1,1,1,1,0,0,1,0,0.159110133649
0,1,0,1,0,0,0,0,1,0,1,0,1,1,0.0615801048892
1,0,1,0,0,1,0,0,1,1,0,0,1,0,0.0197090170868
1,0,0,0,0,0,0,0,1,0,1,1,0,0,0.0750296058197
1,1,1,0,1,1,0,0,1,0,0,1,0,0,0.0760446624937
0,1,1,0,0,1,1,0,0,1,0,0,0,1,0.0785823041786
0,1,1,1,1,1,1,0,0,1,0,0,0,0,0.0266452376924
0,0,1,0,1,1,0,0,1,1,1,1,0,0,0.0718152596853
0,0,1,0,1,1,0,0,1,0,1,1,0,0,0.102689900186
1,0,1,0,1,1,0,1,1,0,0,0,1,0,0.343427508036
1,0,0,1,0,1,1,1,1,1,1,1,1,1,0.0727457283032
1,0,1,1,1,1,1,1,1,1,1,1,1,0,0.127135848418
0,1,0,1,0,0,1,0,0,0,0,1,0,0,0.0428015564202
1,0,1,1,1,1,0,0,0,0,1,0,0,0,0.0714769074607
1,1,0,0,1,1,0,0,0,0,1,1,0,0,0.064033158518
0,1,0,1,1,0,0,0,0,0,0,0,1,1,0.0357807477584
1,0,1,1,1,1,1,0,0,1,0,0,1,0,0.0778210116732
0,0,1,1,0,1,0,0,0,0,1,0,0,0,0.0362882760954
1,1,0,0,1,0,1,0,1,1,1,0,1,1,0.0908475723228
1,1,1,0,1,1,1,0,1,1,0,1,0,1,0.106073422433
0,0,0,0,1,0,0,1,1,0,0,0,0,1,0.107088479107
1,1,1,1,1,0,0,0,0,1,0,1,0,0,0.132549484013
0,0,0,0,1,0,0,0,0,1,0,1,1,0,0.0812045339198
0,0,0,0,1,0,1,1,0,1,1,1,1,0,0.0718998477415
0,0,1,1,0,0,1,0,1,1,1,1,1,0,0.324902723735
1,1,0,1,0,0,0,0,1,1,1,1,1,0,0.180510911859
1,1,1,1,0,0,0,1,1,1,0,0,1,0,0.0590424632042
1,0,0,0,0,0,0,0,0,0,0,0,1,0,0.120368803925
0,0,0,1,0,1,0,1,1,1,0,1,0,1,0.0583657587549
0,0,1,0,1,0,0,1,0,1,1,1,0,1,0.0385721536119
1,0,0,0,1,0,1,1,0,0,1,1,0,1,0.0470309592286
0,1,1,1,1,0,0,0,1,1,1,1,1,0,0.080781593639
1,0,0,1,0,0,0,0,1,0,1,0,0,0,0.0639485704619
0,0,0,1,1,0,0,1,1,1,1,0,0,1,0.1015056674
0,0,0,0,0,0,0,0,0,1,0,1,0,1,0.0730840805278
1,0,0,0,0,0,1,0,0,1,0,1,0,0,0.0493148367451
1,0,1,0,1,1,0,1,1,1,0,1,1,1,0.0860260531213
0,1,1,0,0,1,1,1,0,1,1,0,1,1,0.0424632041956
1,0,1,0,0,0,0,0,1,0,1,1,1,0,0.153696498054
0,0,1,0,0,1,1,0,0,1,1,0,1,0,0.0340889866351
1,1,1,0,0,0,0,1,1,0,1,0,1,1,0.091947217053
0,1,0,0,1,1,1,1,1,0,0,1,1,0,0.0394180341736
1,0,1,0,1,1,1,0,1,1,0,0,0,1,0.0920318051091
0,0,1,0,1,0,0,1,0,1,0,0,1,1,0.124767382846
0,0,1,0,0,1,1,1,0,1,0,1,0,1,0.0389950938927
0,0,0,0,1,0,0,1,1,1,1,0,1,0,0.0411097952969
0,0,0,1,0,1,0,1,1,1,1,1,0,1,0.0832346472678
0,0,1,0,1,0,0,0,1,0,1,1,1,0,0.0641177465742
0,1,0,0,1,0,0,0,1,1,0,1,0,0,0.0945694467941
1,1,1,0,1,1,0,1,1,0,1,0,1,1,0.0708002030113
1,1,1,0,0,0,1,1,1,0,0,0,0,1,0.0593808154289
0,1,0,1,0,1,1,0,0,1,0,0,0,1,0.02030113348
0,0,1,1,0,1,0,0,1,0,1,0,0,1,0.0537134156657
0,1,1,0,1,1,1,1,0,0,1,1,0,1,0.0485535442396
0,0,0,0,1,0,1,1,0,0,0,1,1,1,0.0363728641516
0,0,0,0,1,1,0,0,1,0,0,1,0,1,0.0440703772627
0,0,1,0,0,1,1,1,1,1,0,1,0,0,0.0935543901201
1,1,0,1,1,0,0,0,1,0,1,1,0,1,0.0708847910675
0,0,0,1,0,0,1,0,0,0,1,0,1,1,0.00287599390966
0,0,0,0,0,0,0,1,1,1,0,0,1,1,0.0902554559296
0,0,1,1,0,0,0,1,1,1,1,1,1,1,0.0546438842835
0,0,0,1,0,1,1,0,0,0,1,1,1,0,0.0658095076975
0,0,1,0,1,1,1,1,1,0,1,1,0,0,0.0494840128574
0,1,0,0,1,1,1,0,0,1,1,0,0,1,0.0581965826425
1,0,0,1,1,0,0,1,0,0,0,0,0,1,0.0402639147352
1,1,0,1,1,1,1,1,1,1,0,1,1,0,0.0610725765522
1,1,0,1,1,0,0,0,0,0,1,1,0,1,0.0913551006598
1,1,1,0,0,1,0,1,1,0,1,0,0,1,0.0560818812384
0,0,1,1,0,0,0,0,0,0,1,0,1,1,0.0282524107596
1,1,1,1,1,0,1,1,1,0,1,0,1,0,0.0975300287599
1,1,1,0,0,0,0,0,0,0,1,0,1,1,0.0532058873287
0,0,1,0,0,1,0,0,0,1,0,1,1,1,0.0937235662324
0,1,0,0,0,0,1,1,0,1,0,0,1,0,0.0840805278295
0,1,0,0,0,0,0,0,0,1,0,0,0,1,0.0191169006936
1,1,0,0,0,0,1,1,0,1,1,1,0,1,0.0494840128574
0,1,0,0,0,0,0,0,0,0,0,0,1,0,0.0345965149721
1,0,0,1,0,0,1,0,1,1,0,1,1,1,0.0699543224497
0,0,1,1,1,0,0,1,1,0,0,1,1,1,0.0588732870919
1,0,1,0,0,1,1,0,1,0,0,1,0,0,0.155726611402
0,0,1,0,1,0,1,1,0,0,0,1,0,1,0.0588732870919
1,1,0,1,1,1,1,1,1,1,0,0,0,0,0.103535780748
1,1,1,1,1,0,0,0,0,1,1,0,0,0,0.0245305362883
1,0,1,1,1,1,1,1,0,0,0,1,1,0,0.0466080189477
0,0,0,0,1,0,0,1,0,1,1,0,1,1,0.0434782608696
0,1,0,0,0,1,1,0,0,1,1,0,1,1,0.0278294704788
1,0,0,1,0,1,0,1,1,0,1,0,1,1,0.0297749957706
1,1,1,1,0,1,1,1,0,1,1,1,1,0,0.154034850279
1,1,0,1,1,0,1,0,1,0,0,0,0,1,0.0649636271358
0,0,1,1,1,0,1,0,1,0,1,1,0,1,0.0910167484351
0,1,1,1,0,0,0,0,1,1,0,0,1,0,0.0338352224666
1,1,0,0,1,1,0,1,1,0,0,1,1,0,0.0628489257317
1,1,1,0,0,0,1,1,0,1,1,1,1,0,0.130942310946
0,1,1,1,1,0,1,0,0,0,1,1,1,0,0.0875486381323
0,0,0,1,0,1,1,1,0,1,1,0,1,1,0.0651328032482
0,0,0,1,0,0,0,1,0,0,0,0,1,0,0.0613263407207
0,0,0,1,0,1,1,0,1,0,0,1,1,0,0.181695144646
1,0,0,1,1,0,1,0,1,0,1,0,0,1,0.0658095076975
0,1,0,0,0,0,0,0,0,1,0,0,0,1,0.0351886313653
1,0,0,1,0,1,1,0,0,1,1,0,1,1,0.0424632041956
0,1,1,1,1,0,0,1,0,0,1,1,0,0,0.0907629842666
0,1,1,0,0,1,0,1,1,0,0,0,0,1,0.0812045339198
0,0,0,0,0,1,1,1,0,0,1,0,0,0,0.0572661140247
0,1,0,0,1,1,0,1,0,1,1,1,1,1,0.058957875148
0,0,1,1,1,0,1,1,1,0,0,1,0,0,0.0743529013703
0,1,1,0,1,0,1,1,1,0,1,0,0,0,0.0223312468279
0,1,0,1,0,0,0,0,1,0,1,1,1,0,0.13635594654
1,1,1,1,1,1,0,0,1,1,1,1,0,0,0.0580274065302
0,0,1,0,1,0,1,1,1,1,1,0,1,1,0.0943156826256
0,0,1,0,0,1,0,1,1,1,1,1,0,1,0.0963457959736
1,0,0,0,0,0,1,0,0,0,0,0,1,1,0.0764676027745
1,0,1,0,1,0,0,0,0,1,0,0,1,1,0.0567585856877
