topology.workers,component.bolt_num,topology.acker.executors,message.size,component.spout_num,topology.serialized.message.size.metrics,topology.max.spout.pending,storm.messaging.netty.min_wait_ms,topology.transfer.buffer.size,storm.messaging.netty.max_wait_ms,topology.level,topology.priority,$<throughput
4,1,2,10,1,1,1000,10,1024,100,2,0,0.486132502114
4,1,2,10,1,1,1000,1000,1024,10000,5,0,0.233781761384
2,1,2,1000000,1,0,1,1000,512,10000,2,0,0.00139035845647
2,10,4,10,10,0,1,10,1024,100,5,29,0.133851619747
4,10,4,1000000,10,1,1,1000,512,10000,5,0,0.000257372917016
2,10,2,1000000,1,1,1,1000,512,10000,2,29,0.00251517342713
4,10,2,10,10,1,1000,1000,512,10000,5,0,0.195358299868
2,1,4,1000000,1,1,1,10,512,100,2,29,0.0013930819794
4,10,4,10,1,1,1,1000,512,10000,5,0,0.0138804346198
2,10,2,10,1,1,1,10,512,100,2,29,0.0147928148018
4,10,2,10,1,0,1000,10,512,100,5,29,0.199641039678
2,10,2,10,1,0,1,10,512,100,2,0,0.0149712055538
2,10,2,10,1,1,1,1000,512,10000,2,0,0.014805070655
4,1,4,10,1,1,1,10,512,100,5,29,0.0146008064351
4,1,2,10,10,1,1,10,1024,100,5,29,0.0877913999316
2,10,4,1000000,1,1,1,1000,1024,10000,5,0,0.00104991809005
2,10,4,10,10,1,1,1000,512,10000,5,29,0.133829831564
4,10,4,1000000,1,0,1,1000,1024,10000,5,29,0.000921912512273
4,1,4,10,10,1,1,10,1024,100,5,0,0.0827801177379
2,1,4,10,1,0,1,10,512,100,2,0,0.0149739290767
4,10,2,1000000,10,0,1,10,512,100,5,29,8.17056879415e-06
2,1,4,1000000,1,0,1000,10,1024,100,2,0,4.22146054364e-05
2,10,4,10,1,0,1,10,512,100,5,29,0.0150855935169
4,1,4,1000000,10,1,1,1000,512,10000,2,0,0.00557232791761
2,10,4,10,10,0,1,10,512,100,5,0,0.133060436336
2,10,2,10,1,0,1000,1000,512,10000,5,29,0.288889524378
2,1,2,10,10,1,1000,1000,512,10000,5,0,0.336543005108
2,10,4,10,1,0,1,1000,1024,10000,5,29,0.0147996236091
2,1,2,10,10,0,1000,1000,512,10000,2,0,0.420505131798
4,1,2,10,1,0,1000,10,512,100,2,0,0.450851986061
2,10,2,10,1,0,1000,10,512,100,5,29,0.283510566588
4,10,2,10,1,0,1,1000,1024,10000,2,29,0.0148118794623
4,10,4,10,10,1,1000,10,1024,100,5,0,0.167990979692
4,10,4,10,1,0,1,10,512,100,5,29,0.0141772986193
2,10,2,10,10,0,1,10,1024,100,2,0,0.148496002549
4,10,2,10,10,1,1000,10,512,100,2,0,0.539599342542
2,10,4,10,10,0,1,1000,1024,10000,2,0,0.149178245044
4,1,4,10,10,1,1,1000,512,10000,5,0,0.0826071740318
4,1,4,10,1,0,1000,1000,512,10000,2,29,0.746853990574
2,10,4,10,1,0,1000,1000,1024,10000,5,0,0.302787661896
4,10,2,1000000,10,0,1,1000,512,10000,2,0,0.00613065011854
2,1,4,10,10,1,1,10,1024,100,2,29,0.14764217811
4,1,2,1000000,1,0,1,10,1024,100,2,29,0.00333495382948
4,1,2,1000000,1,1,1,1000,1024,10000,5,29,0.000682242494311
2,1,4,1000000,1,0,1,1000,1024,10000,5,29,0.000826589209674
2,10,4,1000000,1,1,1000,10,1024,100,2,29,0.00479748564363
2,10,4,1000000,1,0,1000,1000,1024,10000,2,0,0.000324099228834
4,1,2,1000000,1,1,1,1000,512,10000,5,0,0.00066045431086
4,10,4,10,10,1,1,10,512,100,2,0,0.144228242116
4,1,4,10,1,1,1,10,512,100,2,0,0.0148500087834
2,10,4,10,10,0,1000,1000,1024,10000,5,0,0.325373837566
2,1,4,10,10,0,1000,10,1024,100,5,29,0.315867380774
4,1,4,10,10,0,1,1000,512,10000,2,0,0.145506936132
2,1,2,10,1,1,1000,1000,1024,10000,2,0,0.86631315339
4,1,4,1000000,1,0,1000,1000,512,10000,2,29,8.98762567356e-05
2,10,2,10,10,1,1,1000,1024,10000,5,29,0.13554565101
2,1,4,10,1,0,1,1000,1024,10000,5,29,0.0151945344342
2,10,4,10,10,0,1,10,512,100,2,0,0.149288547722
2,1,2,10,1,1,1000,1000,1024,10000,5,29,0.312874229073
4,10,2,10,1,0,1,1000,512,10000,5,29,0.0144346715363
4,10,2,1000000,10,1,1000,1000,1024,10000,2,29,5.3108697162e-05
4,10,4,10,1,0,1,1000,1024,10000,5,29,0.0144101598299
4,1,2,10,1,1,1000,1000,512,10000,2,29,0.465964814807
2,10,2,10,10,1,1,10,1024,100,2,0,0.149027089521
4,10,2,1000000,10,1,1,1000,512,10000,5,0,0.000314566898575
4,1,4,10,1,0,1,1000,1024,10000,2,0,0.0143802010777
4,10,2,10,1,1,1000,10,1024,100,5,29,0.207851099554
2,10,4,10,1,1,1000,1000,1024,10000,5,29,0.299120438269
2,10,4,10,10,1,1,10,1024,100,2,29,0.149486003135
2,10,4,10,1,0,1,1000,512,10000,5,29,0.0147478766734
2,1,4,1000000,1,0,1,10,512,100,2,29,0.0012977586768
2,1,2,10,1,0,1,1000,512,10000,2,29,0.0146334887103
4,10,4,1000000,1,0,1000,1000,512,10000,2,0,0.00337308315052
4,10,4,10,1,1,1000,10,1024,100,5,0,0.22377145285
2,1,4,10,1,1,1000,1000,1024,10000,2,29,0.976747922973
4,10,4,1000000,10,0,1,10,512,100,5,0,2.72352293138e-06
4,10,2,1000000,10,0,1,10,512,100,2,29,4.08528439707e-06
2,10,4,1000000,1,0,1,1000,512,10000,2,29,0.00243619126212
4,10,4,1000000,1,0,1,10,512,100,5,0,0.000894677282959
2,10,2,10,10,1,1,1000,512,10000,5,29,0.137098059081
4,1,2,1000000,10,1,1,1000,512,10000,5,0,1.36176146569e-06
2,10,2,10,1,1,1,10,1024,100,5,29,0.0148323058843
4,1,4,10,10,0,1,1000,512,10000,2,29,0.145472892095
4,1,4,1000000,1,1,1,10,512,100,2,0,0.00191872190516
2,10,4,10,10,1,1000,1000,1024,10000,5,29,0.313850612044
2,1,4,10,1,0,1000,10,512,100,5,29,0.369392776945
4,1,4,10,10,0,1000,10,512,100,2,29,0.457938592728
4,1,2,10,10,0,1000,10,512,100,5,0,0.0766753410872
2,1,2,1000000,1,0,1,10,512,100,2,0,0.00132499390612
2,10,4,1000000,1,1,1000,1000,1024,10000,2,0,0.00017702899054
2,1,2,1000000,1,1,1,1000,1024,10000,2,0,0.00134678208957
4,10,2,1000000,10,1,1,10,512,100,2,29,0.000175667229074
4,10,2,10,10,0,1000,1000,512,10000,5,29,0.216475134917
2,1,4,10,1,0,1,1000,1024,10000,2,0,0.0150392936271
4,1,4,10,10,0,1000,10,512,100,2,0,0.485112542776
2,1,2,10,1,1,1,10,1024,100,2,29,0.0149112880493
4,10,4,1000000,1,1,1,10,1024,100,5,29,0.000864718530714
4,10,4,1000000,1,0,1000,1000,1024,10000,5,29,0.000807524549155
2,10,4,10,1,1,1,1000,512,10000,5,29,0.0151400639756
2,10,4,10,1,0,1000,1000,1024,10000,2,0,0.919360571286
2,10,4,10,1,1,1000,10,1024,100,2,0,0.856094495352
4,10,4,10,10,0,1,1000,1024,10000,2,0,0.142342202486
4,10,4,1000000,10,1,1,1000,1024,10000,2,0,0.00105672689738
4,10,4,10,10,0,1000,10,1024,100,5,0,0.177169251971
4,10,2,10,10,0,1,10,1024,100,5,0,0.0801274064027
4,10,2,10,1,0,1,1000,1024,10000,2,0,0.0146389357562
2,10,2,1000000,1,1,1000,1000,512,10000,2,0,0.000379931448928
2,10,2,1000000,1,1,1,1000,1024,10000,2,29,0.00249610876661
2,10,2,10,10,1,1000,1000,512,10000,2,0,0.789601044743
4,10,2,10,1,0,1000,1000,512,10000,2,0,0.604283012162
4,10,4,10,10,0,1000,10,1024,100,5,29,0.159230768183
4,1,4,1000000,10,0,1,10,1024,100,2,0,0.002421211886
2,10,4,10,1,0,1,1000,512,10000,2,0,0.0148309441228
4,10,2,10,10,1,1,10,512,100,5,29,0.0815599794646
2,10,4,10,1,0,1000,10,512,100,2,0,0.856347782984
4,10,4,10,1,1,1000,1000,1024,10000,2,0,0.709910763771
4,1,4,10,10,0,1000,1000,512,10000,2,29,0.465349298625
4,1,4,1000000,1,1,1,1000,1024,10000,5,29,0.000812971595018
4,10,2,10,10,0,1000,1000,512,10000,2,29,0.522503789101
4,10,4,10,10,0,1,10,1024,100,2,29,0.143837416575
2,10,4,10,1,1,1000,1000,512,10000,5,29,0.296401000622
4,1,4,1000000,10,1,1000,10,512,100,2,0,0.00108260036522
2,10,2,10,1,1,1000,10,512,100,2,0,0.732445192505
2,1,2,10,1,0,1,1000,512,10000,5,29,0.0148404764531
4,1,2,1000000,1,1,1000,1000,1024,10000,2,29,0.00125554407137
2,1,4,10,10,1,1000,10,1024,100,2,29,0.794734885469
2,10,2,10,1,0,1000,10,1024,100,5,0,0.267729112962
2,1,2,10,1,1,1,10,512,100,2,29,0.0152435578469
4,1,4,10,1,1,1,10,1024,100,2,29,0.0149957172602
4,10,4,1000000,1,0,1000,1000,512,10000,5,29,0.000876974383905
2,10,2,1000000,1,1,1,10,512,100,5,29,0.00106081218177
4,10,4,10,1,1,1,1000,1024,10000,2,0,0.0144646302886
4,1,4,10,10,1,1,1000,512,10000,2,0,0.145555959545
2,10,2,10,1,1,1,10,1024,100,2,29,0.0147424296276
4,1,4,1000000,1,1,1,10,1024,100,2,29,0.00194051008861
4,1,4,10,10,1,1,10,512,100,2,29,0.145896399911
2,10,4,10,10,1,1,10,512,100,2,29,0.149319868236
4,1,2,1000000,10,1,1,1000,1024,10000,2,29,0.00724593275894
4,1,2,1000000,1,0,1,1000,512,10000,5,0,0.000687689540174
2,1,4,10,1,0,1000,10,1024,100,2,0,0.945086968896
4,10,4,10,10,0,1000,1000,1024,10000,5,29,0.162151746527
4,1,4,10,1,0,1000,10,512,100,5,29,0.238174803872
2,10,2,10,1,0,1000,1000,1024,10000,2,29,0.808381097117
4,1,4,10,1,0,1000,1000,512,10000,5,0,0.252251332143
2,1,2,1000000,1,1,1,10,1024,100,2,0,0.00137674084181
4,10,4,10,10,1,1,1000,1024,10000,2,29,0.143480635071
2,1,4,10,1,1,1000,1000,512,10000,5,0,0.380353594982
2,10,4,10,1,1,1000,10,1024,100,5,0,0.30313491107
4,1,4,10,1,0,1000,10,1024,100,2,0,0.719697743425
2,1,4,10,1,1,1000,1000,1024,10000,2,0,0.987305659617
4,1,2,1000000,10,1,1000,10,512,100,2,29,0.000200178935457
4,10,2,10,10,0,1000,10,512,100,5,0,0.19164341459
4,10,4,1000000,10,0,1,10,1024,100,2,0,0.00314975427014
2,10,2,10,10,0,1000,10,1024,100,5,0,0.266434077808
4,1,2,1000000,1,0,1,10,1024,100,2,0,0.00328593041671
4,10,4,1000000,10,0,1000,1000,1024,10000,2,29,0.000381293210394
4,1,4,10,10,1,1000,10,512,100,2,29,0.461564963512
4,1,2,1000000,1,0,1,1000,512,10000,2,29,0.00325597166447
4,10,2,10,1,1,1000,10,512,100,2,0,0.593450199702
2,1,4,1000000,1,0,1,10,512,100,5,0,0.000753054090527
2,1,2,1000000,1,1,1000,1000,1024,10000,2,0,0.00385923199377
2,1,4,10,10,1,1,10,1024,100,5,29,0.138862901941
2,1,4,10,1,0,1,10,512,100,2,29,0.0149371615172
4,1,2,10,1,1,1000,1000,512,10000,2,0,0.473295176777
4,1,2,1000000,10,0,1,1000,1024,10000,5,0,0.0
2,10,2,10,10,0,1000,1000,1024,10000,2,29,0.781407326004
4,1,4,1000000,1,1,1,10,512,100,5,29,0.000832036255537
2,1,2,10,10,0,1,10,1024,100,5,0,0.142466122779
4,10,4,10,10,1,1000,1000,512,10000,2,29,0.403819468559
4,10,4,1000000,1,1,1000,10,1024,100,2,0,0.00608571199017
2,1,2,10,10,0,1,1000,1024,10000,5,0,0.139803879114
4,10,4,10,10,0,1000,10,1024,100,2,0,0.429932606425
2,10,4,10,1,1,1000,1000,1024,10000,5,0,0.299561648984
2,1,2,1000000,1,1,1000,1000,1024,10000,2,29,0.000190646605197
2,1,4,1000000,1,0,1000,10,1024,100,2,29,0.0011152826404
2,10,2,1000000,1,0,1,10,512,100,2,29,0.00253423808765
4,1,4,10,1,1,1000,1000,1024,10000,2,29,0.745406438136
4,10,4,1000000,1,1,1,10,1024,100,5,0,0.000870165576577
2,1,4,1000000,1,0,1000,1000,512,10000,5,0,0.000133452623638
4,1,4,10,1,1,1000,1000,512,10000,5,29,0.245095275641
4,1,4,10,1,0,1,1000,512,10000,5,0,0.0146838738845
4,10,4,10,1,1,1000,10,1024,100,5,29,0.213277718995
2,1,4,10,10,1,1000,10,1024,100,5,29,0.313371272008
2,10,2,1000000,1,1,1,10,512,100,2,29,0.00247432058316
4,1,4,10,10,1,1000,1000,512,10000,5,0,0.183367990163
2,10,4,10,1,1,1,1000,1024,10000,5,0,0.0150787847096
2,1,2,10,10,1,1,1000,1024,10000,5,29,0.143129300613
4,1,4,10,1,1,1,10,1024,100,2,0,0.0146212328571
2,1,4,10,1,0,1000,1000,512,10000,5,0,0.187852270669
4,10,2,1000000,10,1,1,10,512,100,2,0,0.000129367339241
4,10,4,1000000,10,1,1,10,512,100,5,0,6.80880732846e-06
2,10,2,10,1,1,1000,1000,1024,10000,5,0,0.282576398223
2,1,4,10,1,1,1,10,1024,100,2,0,0.0148418382146
2,1,4,10,10,1,1,10,512,100,2,29,0.149827805263
2,1,4,10,10,1,1000,1000,1024,10000,2,0,0.78613263829
4,1,2,10,10,1,1,10,1024,100,5,0,0.0861477538426
2,1,4,1000000,1,0,1,1000,512,10000,2,29,0.00124328821818
2,1,2,10,10,1,1000,10,512,100,5,0,0.328473206662
4,10,4,1000000,1,1,1,1000,1024,10000,2,0,0.00235176205125
4,10,4,10,1,1,1,10,512,100,2,29,0.0145899123434
4,1,4,10,1,0,1000,1000,512,10000,5,29,0.241955053701
4,10,4,1000000,1,0,1,1000,512,10000,5,29,0.000881059668302
2,10,2,10,1,1,1000,1000,1024,10000,5,29,0.281327662959
2,10,4,1000000,1,0,1000,10,512,100,5,29,2.99587522452e-05
2,10,4,10,10,1,1,10,512,100,5,29,0.13338998261
2,1,2,1000000,1,0,1,10,512,100,2,29,0.00127597049335
4,10,2,10,1,1,1000,10,1024,100,5,0,0.205380864256
4,1,2,10,10,1,1,1000,512,10000,5,29,0.087757355895
2,10,4,10,10,0,1,10,512,100,2,29,0.149178245044
2,10,4,10,10,1,1000,1000,512,10000,2,0,0.75511035034
4,1,2,10,1,0,1000,1000,512,10000,2,29,0.448968669954
4,10,2,1000000,1,0,1,10,512,100,5,29,0.000905571374685
4,10,4,10,1,0,1,10,1024,100,5,29,0.014527271316
2,10,2,1000000,1,0,1000,1000,1024,10000,2,0,0.000258734678481
2,1,2,1000000,1,0,1000,1000,1024,10000,2,0,0.00134133504371
4,1,2,1000000,1,1,1,10,1024,100,5,29,0.000671348402586
2,1,2,10,1,0,1,1000,1024,10000,2,0,0.0150706141408
4,10,2,10,1,1,1000,1000,1024,10000,5,29,0.209233287442
4,1,4,1000000,10,1,1000,1000,512,10000,2,29,0.00121196770447
2,1,2,10,1,1,1000,1000,1024,10000,5,0,0.295612540734
4,10,2,1000000,10,0,1,10,512,100,2,0,0.00247568234463
2,1,4,1000000,1,1,1,1000,512,10000,5,0,0.000821142163812
4,1,2,10,10,1,1,10,512,100,5,0,0.0869443843
2,10,2,10,1,1,1000,10,1024,100,5,29,0.266391863203
4,1,2,10,1,0,1,10,1024,100,5,0,0.0145722094444
4,1,4,1000000,1,1,1000,10,1024,100,2,29,0.000118473247515
4,1,2,1000000,1,1,1,1000,512,10000,5,29,0.000668624879654
2,1,4,10,1,0,1000,1000,1024,10000,2,29,0.980479149389
2,1,2,10,10,1,1,1000,512,10000,5,0,0.142677195806
4,1,4,1000000,1,0,1,1000,512,10000,2,0,0.00187242201533
2,1,4,10,10,1,1000,1000,1024,10000,2,29,0.790622365843
4,1,2,1000000,10,1,1,1000,1024,10000,5,0,0.00134133504371
2,10,4,1000000,1,1,1,1000,1024,10000,2,0,0.00256964388576
2,10,4,1000000,1,0,1,10,512,100,2,0,0.00243891478505
4,1,4,1000000,10,1,1,10,512,100,2,29,0.00544432233983
4,10,2,1000000,1,0,1000,10,1024,100,5,29,0.0014012525482
4,10,2,10,1,0,1000,1000,512,10000,5,29,0.200557505144
4,10,2,10,1,0,1000,1000,1024,10000,5,0,0.203317795635
4,10,4,10,10,0,1,10,1024,100,5,0,0.0760189720607
4,10,4,10,10,0,1,1000,1024,10000,2,29,0.142999933274
4,10,2,10,10,1,1,10,512,100,5,0,0.0815558941802
2,10,4,1000000,1,0,1,1000,512,10000,5,29,0.00103085342953
2,10,2,10,1,0,1000,10,1024,100,5,29,0.276718100397
2,1,2,10,1,0,1000,10,512,100,2,0,0.816817209397
4,1,2,10,10,0,1000,1000,512,10000,2,29,0.542083195455
4,1,2,1000000,1,1,1000,1000,1024,10000,5,0,0.000128005577775
4,1,2,10,10,0,1000,10,1024,100,2,0,0.562023468597
4,10,4,10,10,1,1000,1000,1024,10000,5,29,0.164760881495
2,10,2,1000000,1,1,1000,1000,512,10000,2,29,0.00499085577176
4,10,4,10,1,0,1,10,512,100,5,0,0.0146702562699
4,10,4,1000000,1,1,1,10,1024,100,2,29,0.00229729159262
4,10,2,10,10,1,1,10,1024,100,2,0,0.144699411583
4,10,4,10,1,1,1000,10,512,100,2,29,0.732397530854
2,1,4,1000000,1,0,1,1000,1024,10000,2,0,0.00132227038319
4,1,4,1000000,1,1,1,10,512,100,2,29,0.00190782781343
2,10,4,10,1,0,1,10,512,100,2,0,0.015024314251
4,1,2,10,1,1,1000,10,1024,100,5,29,0.215825574697
4,10,2,10,10,1,1,10,1024,100,5,0,0.0814837208226
4,10,4,1000000,10,1,1000,10,512,100,2,29,0.000201540696922
4,1,4,10,10,1,1000,1000,1024,10000,5,29,0.18201848455
2,1,4,10,10,0,1,10,512,100,5,0,0.0851386885965
4,1,2,10,10,0,1,10,512,100,5,0,0.0368519887845
4,10,2,10,1,0,1000,1000,1024,10000,5,29,0.208561939039
2,10,4,10,1,0,1,1000,1024,10000,5,0,0.0148976704347
4,1,2,1000000,1,1,1000,10,1024,100,2,29,2.17881834511e-05
4,10,2,1000000,1,1,1,10,1024,100,2,29,0.00292642538977
2,1,2,1000000,1,1,1000,1000,512,10000,2,29,1.63411375883e-05
4,1,4,1000000,10,1,1000,10,1024,100,2,0,0.000812971595018
2,10,2,1000000,1,0,1000,10,512,100,2,29,0.000168858421746
2,1,4,1000000,1,0,1000,10,512,100,2,29,2.72352293138e-05
4,10,2,10,1,1,1,10,512,100,5,0,0.0143434335181
4,1,2,10,1,0,1,1000,1024,10000,5,29,0.0144591832427
2,10,4,10,1,0,1,10,1024,100,2,0,0.0145095684169
2,10,4,1000000,1,1,1000,10,512,100,2,29,6.40027888875e-05
4,1,4,1000000,1,1,1000,1000,512,10000,5,0,0.00103766223686
4,10,4,1000000,1,0,1,10,1024,100,5,0,0.000881059668302
4,10,4,1000000,10,0,1000,1000,512,10000,2,0,5.44704586276e-06
4,10,4,10,10,1,1,1000,512,10000,2,29,0.142904609971
4,10,2,1000000,10,1,1,1000,512,10000,5,29,0.00129912043827
2,1,4,10,10,1,1,10,512,100,2,0,0.148067047688
2,1,2,10,1,0,1,1000,512,10000,2,0,0.0147737501413
2,10,2,1000000,1,0,1000,1000,512,10000,2,0,0.000359505026942
4,10,4,10,1,0,1000,10,512,100,5,0,0.209272778524
2,10,4,1000000,1,1,1,10,512,100,5,29,0.00104719456712
2,10,2,10,1,1,1,1000,1024,10000,2,0,0.0147737501413
4,1,2,1000000,1,0,1,10,512,100,2,0,0.0032069482517
4,10,2,1000000,10,0,1,10,512,100,5,0,0.000241031779427
4,1,2,1000000,10,0,1,1000,512,10000,2,29,0.00619737643036
4,10,4,1000000,1,1,1000,10,1024,100,5,29,0.000283246384864
4,10,4,1000000,1,0,1000,1000,1024,10000,5,0,0.000175667229074
4,10,4,1000000,1,1,1000,1000,512,10000,2,29,6.26410274218e-05
2,10,2,10,10,0,1,1000,1024,10000,2,29,0.148796951833
4,10,2,1000000,10,1,1000,10,512,100,2,29,5.3108697162e-05
4,1,2,10,10,1,1,1000,1024,10000,2,29,0.145095684169
4,10,2,10,10,0,1,1000,512,10000,2,29,0.144849205344
2,1,2,10,1,0,1,1000,1024,10000,5,0,0.0151672992049
2,10,2,10,10,1,1000,1000,1024,10000,5,0,0.27353430209
2,1,2,1000000,1,0,1,1000,1024,10000,5,0,0.000785736365704
4,1,2,10,1,1,1,10,1024,100,5,0,0.0144809714262
4,10,2,10,1,0,1000,10,512,100,2,29,0.621322733382
4,1,4,10,1,1,1000,1000,512,10000,2,0,0.729871463335
4,1,2,10,10,1,1000,10,512,100,5,29,0.208307289645
2,1,4,10,10,1,1000,1000,512,10000,2,0,0.794360401066
2,10,4,10,1,0,1,10,1024,100,5,0,0.0149521408933
4,1,2,10,1,1,1000,10,512,100,2,29,0.47932778007
2,10,4,1000000,1,1,1,1000,512,10000,2,29,0.00249883228954
2,10,2,10,10,1,1,10,512,100,2,29,0.149648052749
4,1,2,1000000,10,1,1,10,1024,100,2,29,0.00506711441384
2,10,2,10,10,0,1000,1000,1024,10000,5,0,0.304417690371
4,10,2,1000000,1,1,1000,1000,1024,10000,5,29,1.49793761226e-05
4,1,2,10,10,1,1000,10,1024,100,5,0,0.208316821976
4,1,4,1000000,1,0,1,10,512,100,2,0,0.00193778656568
2,10,2,10,1,1,1,1000,512,10000,2,29,0.0149289909484
4,10,2,1000000,1,1,1000,10,512,100,2,29,9.80468255298e-05
2,1,2,10,1,0,1000,1000,512,10000,5,29,0.297084604878
4,10,2,10,10,0,1,1000,1024,10000,5,0,0.0817560731157
2,1,2,10,1,0,1000,1000,1024,10000,2,0,0.832051234913
4,1,4,10,1,0,1000,10,512,100,2,29,0.737934452974
2,10,4,1000000,1,0,1,1000,1024,10000,2,0,0.00255874979403
4,1,2,1000000,10,1,1,1000,512,10000,2,29,0.00504124094599
4,1,2,10,1,0,1000,10,1024,100,5,0,0.235193908024
4,1,4,10,10,0,1,10,512,100,2,29,0.145151516389
4,1,2,1000000,1,1,1,10,1024,100,2,0,0.00314158370135
2,10,4,10,10,0,1000,10,512,100,2,29,0.763769791501
2,10,4,10,1,1,1,10,512,100,5,29,0.0149684820309
4,1,2,10,10,0,1000,10,512,100,5,29,0.209154305277
4,10,2,1000000,1,1,1000,10,1024,100,2,29,6.80880732846e-05
2,1,2,10,10,0,1,1000,512,10000,5,0,0.0799735273571
2,1,2,10,10,0,1,1000,1024,10000,2,29,0.149770611281
2,10,2,10,10,1,1,10,1024,100,5,0,0.135334577983
4,10,2,1000000,1,1,1,1000,1024,10000,5,0,0.000867442053645
4,10,4,10,10,1,1,10,1024,100,5,29,0.0782903901855
2,10,2,10,10,0,1,10,1024,100,2,29,0.148705713815
2,10,2,10,1,1,1000,1000,1024,10000,2,0,0.762869667172
4,1,4,10,10,0,1,1000,1024,10000,2,0,0.144708943913
4,1,4,10,1,0,1,1000,512,10000,5,29,0.0146974914992
2,1,2,10,10,0,1,10,1024,100,2,29,0.149084283502
2,1,4,10,1,1,1000,10,512,100,5,29,0.37962641436
4,1,4,10,1,0,1,1000,1024,10000,5,0,0.0145191007472
2,10,2,10,10,0,1,10,1024,100,5,29,0.136580589724
2,1,4,10,10,0,1,1000,512,10000,2,0,0.149856402253
4,1,2,10,10,0,1,1000,512,10000,5,29,0.087795485216
4,10,4,10,1,0,1,10,512,100,2,0,0.0148064324165
2,10,4,10,1,1,1000,1000,512,10000,5,0,0.306047718845
4,1,2,1000000,1,1,1,1000,512,10000,2,29,0.00323145995808
2,10,4,1000000,1,0,1000,10,512,100,5,0,3.9491082505e-05
4,10,2,1000000,1,1,1,1000,512,10000,2,0,0.00297544880254
2,10,4,1000000,1,0,1,10,512,100,2,29,0.00244163830798
2,1,2,10,1,1,1000,1000,512,10000,5,29,0.306934225559
4,10,4,10,10,1,1000,10,512,100,5,29,0.19711633392
2,10,4,10,1,0,1000,10,512,100,5,0,0.303788556574
4,1,4,1000000,1,0,1000,1000,1024,10000,5,29,1.36176146569e-05
2,1,2,1000000,1,0,1,1000,512,10000,5,0,0.0
2,10,4,1000000,1,0,1000,1000,1024,10000,5,0,5.99175044904e-05
2,10,2,10,1,0,1,10,1024,100,2,0,0.0149072027649
4,10,4,10,10,1,1,10,1024,100,2,29,0.144736179142
2,1,2,10,1,1,1000,10,1024,100,5,29,0.294905786533
4,10,4,10,1,0,1,10,1024,100,2,29,0.0148037088935
4,10,4,1000000,1,0,1,10,512,100,5,29,0.000949147741587
2,10,2,1000000,1,0,1000,1000,1024,10000,2,29,0.000284608146329
2,10,2,10,10,1,1000,1000,512,10000,2,29,0.77355268587
4,1,4,1000000,1,0,1,1000,512,10000,5,29,0.000867442053645
4,1,4,10,10,0,1,10,512,100,5,0,0.0810152748784
2,10,4,10,1,0,1,1000,1024,10000,2,0,0.0147887295174
4,1,4,10,1,0,1000,1000,1024,10000,5,0,0.242525631755
4,1,2,10,10,0,1000,1000,512,10000,5,29,0.199954244815
2,1,2,10,1,0,1000,10,512,100,5,0,0.180272706351
4,1,2,10,1,0,1000,10,512,100,5,29,0.22337245674
4,1,2,10,10,1,1000,10,1024,100,5,29,0.209885571184
2,1,2,10,10,0,1000,1000,1024,10000,2,29,0.73836749312
2,10,2,10,1,0,1000,1000,1024,10000,2,0,0.794361762827
2,10,2,1000000,1,1,1,10,512,100,2,0,0.00251517342713
2,1,4,1000000,1,1,1,10,1024,100,5,29,0.0
4,10,2,10,1,1,1,10,1024,100,2,29,0.0146893209304
4,10,2,1000000,1,1,1,10,512,100,5,29,0.000796630457429
2,1,4,10,10,0,1000,10,512,100,5,0,0.172291422401
4,10,4,10,1,1,1,10,1024,100,2,29,0.0145844652976
2,1,2,1000000,1,1,1,10,512,100,2,29,0.00133861152077
4,1,4,10,1,0,1,10,1024,100,2,29,0.0148309441228
4,1,4,10,1,0,1,10,512,100,2,29,0.015003887829
4,10,4,10,10,0,1,10,512,100,2,29,0.140433012911
2,10,2,1000000,1,0,1,1000,512,10000,5,0,0.0
4,1,2,10,1,1,1,1000,1024,10000,2,0,0.0149031174805
2,1,2,10,1,0,1000,10,1024,100,2,29,0.802314449787
2,1,4,10,10,0,1000,10,512,100,2,0,0.476592001286
4,10,2,10,1,1,1000,1000,1024,10000,2,0,0.60368656064
4,1,4,1000000,10,1,1,10,512,100,2,0,0.00560092490839
4,10,4,10,10,0,1000,1000,512,10000,5,29,0.195504008345
4,10,2,1000000,1,0,1000,10,512,100,2,0,0.00151972579571
2,10,2,10,1,0,1,1000,1024,10000,2,0,0.0146511916094
2,10,2,10,1,0,1000,1000,512,10000,2,29,0.783180339433
2,10,2,10,1,0,1,1000,1024,10000,5,0,0.0148690734439
4,1,4,1000000,1,0,1,10,512,100,2,29,0.0020004275931
4,1,2,10,1,0,1000,1000,512,10000,5,0,0.0877587176565
4,1,2,1000000,1,0,1,10,1024,100,5,0,0.000657730787929
4,10,2,10,1,1,1,1000,1024,10000,2,29,0.0143121130044
2,1,2,1000000,1,0,1,1000,1024,10000,2,0,0.00145027596096
4,1,4,10,10,0,1,1000,512,10000,5,0,0.0814755502538
2,10,2,1000000,1,0,1,1000,1024,10000,2,0,0.00253968513351
2,1,2,10,10,1,1,10,512,100,2,0,0.149061133557
2,1,4,10,1,0,1,10,512,100,5,0,0.0150461024344
2,1,2,10,10,0,1,1000,512,10000,5,29,0.141470675148
4,1,2,1000000,1,1,1,10,512,100,5,0,0.000684966017243
4,1,2,10,1,0,1,1000,1024,10000,2,29,0.0145163772243
4,1,2,1000000,10,0,1,10,1024,100,5,29,0.00114115610825
2,10,2,10,10,0,1000,1000,512,10000,5,29,0.293418743012
4,1,4,10,10,1,1000,10,1024,100,5,29,0.184530934454
4,10,4,10,10,0,1000,1000,1024,10000,2,29,0.388261343813
2,10,4,10,1,0,1,1000,512,10000,5,0,0.0149698437923
2,1,2,10,1,0,1000,10,512,100,2,29,0.826286898629
4,10,2,10,1,0,1000,1000,512,10000,5,0,0.206876078345
2,10,2,10,1,0,1000,10,1024,100,2,0,0.768862779382
2,10,4,10,1,1,1,1000,512,10000,5,0,0.0147628560496
4,1,2,10,1,0,1,10,512,100,2,0,0.0142767072063
4,1,2,10,10,0,1000,1000,1024,10000,2,29,0.526500559003
2,1,4,10,10,0,1,1000,1024,10000,2,29,0.149129221631
4,1,2,1000000,10,0,1000,10,1024,100,2,0,0.000642751411806
2,1,4,1000000,1,0,1,10,512,100,2,0,0.00138491141061
2,1,2,1000000,1,1,1,1000,1024,10000,2,29,0.0013495056125
4,1,4,10,1,0,1,10,512,100,5,29,0.0147614942881
4,10,2,10,10,0,1,1000,1024,10000,5,29,0.0804869114297
4,10,4,1000000,10,1,1000,10,1024,100,5,29,0.000200178935457
2,10,4,10,1,0,1000,10,1024,100,2,29,0.873877738332
2,1,4,10,10,1,1,1000,512,10000,2,0,0.150232248418
2,1,4,10,1,1,1000,1000,512,10000,5,29,0.388579995996
4,10,2,1000000,10,0,1000,1000,1024,10000,2,29,0.000141623192432
2,10,2,1000000,1,0,1000,10,512,100,5,29,0.00165045489642
4,1,2,10,1,1,1,1000,512,10000,5,29,0.0139852902526
4,1,2,1000000,1,0,1,1000,512,10000,2,0,0.00312796608669
4,1,2,10,1,0,1,1000,512,10000,5,0,0.0146021681966
4,10,2,10,10,0,1,1000,512,10000,2,0,0.144429782813
4,10,4,1000000,1,0,1000,1000,512,10000,5,0,0.00118200895222
4,10,2,1000000,1,0,1,1000,512,10000,5,0,0.000821142163812
4,10,4,10,10,1,1,1000,1024,10000,2,0,0.143822437199
2,1,2,10,1,0,1000,10,1024,100,5,29,0.298020135005
4,1,2,10,10,1,1000,1000,1024,10000,5,0,0.201480779418
2,10,4,1000000,1,0,1,10,1024,100,2,0,0.00257236740869
4,1,2,10,10,0,1,10,512,100,2,0,0.145383015839
2,1,2,10,10,1,1000,10,512,100,5,29,0.333447721296
4,1,2,10,1,0,1,1000,512,10000,2,29,0.014805070655
4,1,2,10,10,0,1000,1000,1024,10000,5,29,0.21886638805
2,1,4,1000000,1,1,1,1000,1024,10000,2,29,0.00141759368578
2,10,2,1000000,1,0,1000,1000,512,10000,5,0,0.00119290304395
2,10,4,10,10,0,1000,10,512,100,5,29,0.32005343552
2,1,4,1000000,1,1,1,10,1024,100,2,29,0.00137946436475
2,10,2,10,10,0,1,10,1024,100,5,0,0.134529776957
4,1,2,10,10,1,1,1000,1024,10000,5,29,0.0861259656591
2,10,4,1000000,1,0,1,10,1024,100,5,29,0.00102540638367
4,10,4,10,10,1,1000,1000,1024,10000,2,0,0.446859301444
4,10,4,10,10,0,1,1000,512,10000,5,29,0.0779472262962
4,10,2,1000000,1,0,1,1000,512,10000,2,29,0.00291280777511
2,10,2,10,10,0,1000,10,512,100,2,0,0.813821334172
4,1,4,10,10,1,1000,10,512,100,2,0,0.488421623138
2,1,2,1000000,1,0,1000,1000,512,10000,2,0,0.00257781445455
2,10,4,1000000,1,1,1,1000,512,10000,2,0,0.00248521467489
4,10,4,10,10,1,1000,10,1024,100,2,0,0.403071861514
4,1,2,10,10,1,1000,10,1024,100,2,0,0.542094089547
2,10,4,10,10,1,1000,10,1024,100,2,0,0.741656147059
4,1,4,10,1,1,1,1000,1024,10000,5,0,0.0142467484541
2,10,2,10,10,1,1000,10,512,100,2,29,0.74120131873
4,10,4,10,10,1,1000,10,1024,100,5,29,0.181373009615
2,1,2,10,1,1,1,10,512,100,5,0,0.0149916319758
4,1,2,10,10,1,1000,1000,512,10000,2,0,0.518803883199
2,10,2,10,10,0,1000,10,1024,100,5,29,0.277502475001
2,1,2,10,1,1,1,1000,1024,10000,5,0,0.0150746994252
2,10,4,1000000,1,0,1000,1000,1024,10000,5,29,6.26410274218e-05
4,1,4,10,1,0,1000,10,1024,100,2,29,0.734768357566
2,1,2,10,10,0,1000,10,512,100,5,29,0.31597495993
4,1,2,10,10,1,1,10,512,100,2,0,0.143913675217
2,1,4,1000000,1,1,1,1000,512,10000,5,29,0.000872889099508
4,1,2,10,1,1,1,1000,1024,10000,5,29,0.0145354418848
4,10,4,1000000,1,0,1,1000,512,10000,2,0,0.00233542091366
4,10,4,1000000,1,0,1,10,512,100,2,0,0.00225099170279
4,10,4,1000000,1,1,1,10,512,100,2,0,0.00231363273021
4,1,4,10,10,1,1000,1000,1024,10000,2,0,0.456319458346
4,10,4,10,10,1,1000,1000,1024,10000,5,0,0.169648243396
2,10,4,10,10,0,1000,10,1024,100,5,0,0.334183072488
4,1,4,10,10,0,1000,1000,1024,10000,2,0,0.460517768944
4,1,2,10,10,1,1000,1000,512,10000,5,29,0.206528829171
4,1,4,1000000,1,1,1,10,512,100,5,0,0.000804801026223
2,10,4,10,10,0,1000,1000,1024,10000,2,29,0.732008067075
4,10,4,1000000,10,0,1000,10,1024,100,2,0,0.000151155522692
2,10,4,1000000,1,0,1000,10,512,100,2,0,2.72352293138e-06
4,10,2,1000000,10,0,1,1000,512,10000,5,29,0.000615516182492
2,1,2,10,10,1,1000,1000,1024,10000,2,0,0.778480900615
4,1,2,1000000,10,0,1000,10,512,100,2,29,0.00260913496826
2,10,4,10,10,1,1,1000,1024,10000,5,0,0.133509817619
4,1,4,10,1,0,1,10,1024,100,5,29,0.0147124708753
2,1,4,10,1,0,1000,10,1024,100,2,29,0.984953897566
4,10,2,10,10,1,1000,10,1024,100,2,0,0.504333805865
4,1,2,10,10,0,1000,10,512,100,2,29,0.554860603288
4,10,2,10,1,0,1000,10,1024,100,5,29,0.196131780381
4,10,4,10,1,1,1000,1000,1024,10000,5,29,0.220173679057
4,10,2,1000000,1,0,1000,1000,512,10000,5,29,0.0001388996695
2,10,4,10,10,1,1000,1000,512,10000,2,29,0.736812361526
2,1,4,10,1,1,1000,10,1024,100,2,29,0.952981100113
2,1,4,1000000,1,1,1,10,512,100,2,0,0.00130865276853
2,1,2,1000000,1,0,1000,1000,512,10000,5,0,0.000142984953898
2,1,4,10,10,1,1000,10,512,100,2,29,0.795566921725
4,1,4,10,10,1,1000,10,1024,100,2,0,0.459730670817
4,1,2,1000000,1,0,1,1000,1024,10000,5,29,0.000616877943958
2,1,2,10,1,1,1000,10,512,100,5,29,0.301326491844
4,1,4,10,1,1,1000,10,1024,100,2,29,0.736542732756
4,1,4,10,1,0,1000,10,1024,100,5,29,0.248093874388
2,10,4,10,1,1,1,10,512,100,2,29,0.0147328972973
4,1,2,1000000,10,1,1,1000,1024,10000,5,29,7.62586420787e-05
2,10,4,10,1,1,1000,10,1024,100,2,29,0.857938320376
2,1,2,10,1,0,1000,1000,1024,10000,5,0,0.305488034883
4,1,4,1000000,10,0,1,1000,1024,10000,5,0,0.000473892990061
4,10,2,10,1,1,1000,10,512,100,5,0,0.198649677331
2,1,4,10,1,1,1000,1000,1024,10000,5,29,0.370129489898
2,1,4,10,1,1,1,1000,1024,10000,5,0,0.0148717969668
4,10,2,10,10,1,1000,10,512,100,2,29,0.52450013141
4,10,2,10,10,1,1,10,512,100,2,0,0.145050746041
4,10,2,1000000,1,1,1000,10,512,100,2,0,0.00716150354807
2,1,4,10,10,0,1,10,1024,100,2,29,0.150221354326
4,1,2,1000000,1,1,1000,10,1024,100,2,0,0.00510388197341
4,10,4,1000000,1,1,1000,10,512,100,2,0,0.00724320923601
4,10,2,10,1,0,1,1000,512,10000,5,0,0.0145504212609
4,10,4,10,1,1,1,10,1024,100,5,29,0.0144564597198
2,1,4,10,1,0,1,10,1024,100,5,29,0.0152285784708
4,1,2,10,1,0,1000,10,512,100,2,29,0.475380033581
2,10,4,10,1,0,1000,1000,512,10000,5,0,0.297028772658
2,10,4,10,10,1,1,1000,512,10000,5,0,0.134714976516
2,1,2,10,10,0,1,10,512,100,2,29,0.149283100676
2,1,2,10,10,0,1000,1000,512,10000,5,0,0.173521093004
2,1,2,10,1,0,1,10,1024,100,2,29,0.0147315355358
4,10,4,10,10,1,1000,1000,512,10000,5,0,0.181675320661
4,10,4,1000000,10,0,1000,1000,512,10000,5,0,1.36176146569e-05
2,10,4,1000000,1,0,1000,1000,512,10000,5,0,0.000965488879175
2,1,4,10,1,1,1000,1000,1024,10000,5,0,0.371148087474
4,10,4,1000000,10,0,1,1000,512,10000,5,29,2.72352293138e-06
4,1,4,10,10,1,1,10,512,100,2,0,0.146148325782
4,1,4,10,10,1,1000,10,1024,100,5,0,0.181072060331
2,10,4,10,10,0,1000,10,512,100,5,0,0.322014372031
4,10,2,10,10,0,1000,10,1024,100,5,29,0.197971520121
2,1,2,10,1,0,1,10,512,100,2,0,0.0151182757921
2,10,2,10,1,1,1,1000,1024,10000,2,29,0.0147969000862
2,10,4,10,10,1,1000,1000,512,10000,5,29,0.325597166447
4,10,4,10,1,0,1000,10,512,100,5,29,0.213181033931
4,1,2,10,1,1,1,10,1024,100,5,29,0.0144292244905
4,10,4,10,1,1,1000,10,512,100,5,0,0.210924595182
4,10,2,10,10,1,1000,10,512,100,5,0,0.196587970472
4,10,4,10,1,1,1,1000,1024,10000,5,29,0.0146661709855
4,10,4,10,1,0,1,10,512,100,2,29,0.0148486470219
2,1,4,1000000,1,0,1,10,512,100,5,29,0.000829312732606
4,1,4,1000000,10,0,1,1000,1024,10000,2,29,0.0058147214585
2,10,2,1000000,1,1,1000,1000,1024,10000,2,29,0.000472531228595
4,10,2,10,1,1,1000,10,512,100,5,29,0.205807095594
2,10,4,10,1,1,1000,10,512,100,5,0,0.295318400257
4,1,4,10,1,0,1,1000,512,10000,2,0,0.0149984407831
4,10,4,10,1,1,1,1000,512,10000,5,29,0.0141718515734
4,1,4,10,1,0,1000,10,1024,100,5,0,0.243103018617
2,1,4,10,1,1,1000,10,1024,100,5,0,0.381060349183
4,10,4,10,1,1,1,1000,512,10000,2,29,0.0147369825817
4,1,4,10,10,1,1,10,512,100,5,29,0.0823143953166
2,10,4,1000000,1,1,1,10,1024,100,5,29,0.00101451229194
4,10,2,10,1,1,1,10,1024,100,5,29,0.0138504758675
4,10,4,10,10,0,1,1000,1024,10000,5,29,0.079897268715
4,1,2,1000000,10,0,1000,1000,512,10000,2,0,0.000104855632858
4,1,4,1000000,10,0,1,1000,512,10000,2,29,0.00551785745898
4,10,4,10,10,0,1,1000,512,10000,2,0,0.143167429934
4,10,4,10,1,1,1000,1000,512,10000,5,29,0.210942298081
2,10,2,10,10,0,1,1000,512,10000,5,29,0.133531605803
2,10,4,10,10,1,1000,10,512,100,5,29,0.338219333472
4,1,4,1000000,10,1,1,1000,512,10000,2,29,0.00708796842892
2,10,2,1000000,1,0,1,10,1024,100,2,0,0.00257509093162
2,1,2,10,10,0,1000,1000,512,10000,5,29,0.330466825448
4,10,4,10,10,1,1,10,512,100,5,29,0.0793702670278
2,10,2,1000000,1,0,1,1000,1024,10000,2,29,0.00255330274817
2,10,2,1000000,1,1,1,1000,512,10000,5,0,0.00101723581487
2,10,2,10,10,0,1,10,512,100,2,0,0.149543197116
4,10,4,10,1,0,1000,1000,1024,10000,2,0,0.704087871744
4,1,4,1000000,10,1,1,10,1024,100,2,29,0.00565539536702
4,1,4,10,10,1,1,10,1024,100,2,0,0.145097045931
4,10,2,10,1,1,1,1000,512,10000,2,0,0.014626679903
4,1,4,10,10,0,1000,10,1024,100,5,0,0.188169561091
4,10,4,1000000,1,1,1,1000,512,10000,2,29,0.00234086795952
2,10,4,10,10,0,1,1000,1024,10000,5,0,0.13412397204
4,1,4,10,1,0,1,10,512,100,5,0,0.0147574090037
2,1,2,1000000,1,1,1,10,512,100,5,0,0.000823865686743
2,1,2,10,1,0,1,10,512,100,2,29,0.0150379318656
2,1,2,10,1,1,1,1000,512,10000,5,0,0.0147710266184
2,10,4,10,10,1,1000,10,1024,100,5,29,0.319567286677
2,1,4,10,1,0,1000,10,512,100,2,0,0.957563427445
2,10,2,10,1,0,1000,10,512,100,5,0,0.273101261944
4,10,4,10,10,1,1000,10,512,100,2,0,0.427172315934
2,10,4,10,1,0,1,1000,1024,10000,2,29,0.0147723883798
4,1,4,10,10,1,1,1000,1024,10000,2,0,0.143928654593
2,1,4,10,10,1,1000,1000,512,10000,5,29,0.303581568831
2,1,2,10,10,0,1000,1000,1024,10000,5,29,0.333575726874
2,10,2,10,1,1,1000,10,512,100,5,29,0.275428512289
4,10,2,10,10,0,1,1000,1024,10000,2,0,0.141819286083
4,10,4,1000000,10,0,1,10,1024,100,2,29,6.80880732846e-05
4,1,2,10,10,1,1,10,1024,100,2,0,0.142942739292
2,10,2,1000000,1,1,1,1000,1024,10000,5,0,0.0
2,10,4,10,10,0,1,10,1024,100,2,0,0.149390679832
2,10,2,1000000,1,0,1,10,512,100,5,29,0.00103630047539
2,10,4,10,1,0,1000,1000,512,10000,2,29,0.90477746775
4,10,4,1000000,1,0,1000,10,1024,100,5,29,0.000114387963118
2,10,4,1000000,1,1,1,1000,1024,10000,5,29,0.00105536513591
2,10,4,1000000,1,0,1,10,512,100,5,29,0.00104174752125
4,10,2,1000000,10,1,1,1000,1024,10000,2,0,9.66850640641e-05
2,1,4,10,10,1,1,1000,1024,10000,5,0,0.137360879044
4,1,4,10,10,0,1000,10,1024,100,2,29,0.458031192508
4,10,2,10,10,0,1000,1000,1024,10000,5,0,0.191567155948
2,10,4,1000000,1,1,1,1000,1024,10000,2,29,0.00247704410609
4,10,4,10,10,0,1,1000,1024,10000,5,0,0.078549124864
2,1,4,10,10,0,1,10,1024,100,5,0,0.138710384657
4,10,4,1000000,1,0,1000,10,512,100,2,29,0.00162594319004
4,1,4,10,1,1,1,10,1024,100,5,0,0.0144700773344
4,10,2,10,10,1,1,1000,1024,10000,5,29,0.082400186289
2,10,4,10,1,1,1,1000,512,10000,2,29,0.014922182141
4,1,2,10,10,0,1,10,1024,100,5,0,0.0896202455801
4,10,2,10,10,0,1,1000,1024,10000,2,29,0.141687195221
4,10,4,10,1,0,1000,1000,1024,10000,2,29,0.716754976898
2,1,2,10,10,0,1000,10,512,100,2,29,0.731911382011
4,1,2,1000000,10,0,1000,1000,1024,10000,2,0,0.000213796550114
2,1,2,10,10,1,1,10,512,100,5,0,0.139588720802
4,10,4,1000000,10,0,1000,10,1024,100,2,29,8.85144952699e-05
4,10,4,10,1,1,1,1000,512,10000,2,0,0.0144373950593
2,10,2,10,10,0,1000,10,512,100,2,29,0.803372538446
4,1,4,1000000,10,0,1,10,1024,100,5,0,0.000160687852952
2,1,4,1000000,1,0,1000,1000,1024,10000,5,0,0.000166134898814
4,10,4,1000000,10,0,1,1000,512,10000,5,0,1.90646605197e-05
2,10,4,10,1,0,1000,10,512,100,5,29,0.30180583188
2,10,4,10,1,1,1,10,1024,100,5,0,0.0148867763429
4,1,4,1000000,1,0,1,1000,1024,10000,5,29,0.000783012842772
4,1,4,10,10,1,1,1000,1024,10000,5,0,0.0833942721589
2,10,2,10,10,0,1000,1000,512,10000,2,0,0.765875074727
2,10,2,10,10,0,1,10,512,100,5,0,0.136937371228
2,1,4,10,1,1,1,1000,512,10000,5,29,0.015044740673
4,10,2,10,10,0,1,1000,512,10000,5,29,0.0814115474649
4,1,2,10,10,1,1000,1000,1024,10000,2,29,0.536077827391
4,10,2,1000000,1,0,1,10,1024,100,5,29,0.000823865686743
4,10,2,10,1,1,1,1000,1024,10000,2,0,0.0146307651874
4,10,2,10,10,1,1000,1000,1024,10000,2,29,0.514771707499
2,10,4,1000000,1,1,1,10,1024,100,2,0,0.00250155581247
2,1,4,10,1,1,1000,1000,512,10000,2,29,0.964704504571
2,1,4,10,10,0,1,1000,512,10000,2,29,0.149415191539
2,10,4,10,10,0,1000,1000,512,10000,2,29,0.74351495146
4,10,2,10,10,0,1,10,512,100,5,0,0.0808545870254
2,1,4,10,10,0,1,1000,1024,10000,5,0,0.139022228032
4,10,4,1000000,10,0,1000,10,512,100,2,0,0.000211073027182
4,10,4,1000000,1,0,1,10,1024,100,2,29,0.00230001511555
2,1,2,10,1,1,1,1000,1024,10000,2,0,0.0149167350952
2,10,2,1000000,1,1,1000,1000,1024,10000,5,0,0.000136176146569
2,1,4,10,1,1,1,1000,1024,10000,2,0,0.0149875466914
2,1,2,10,10,1,1,1000,512,10000,5,29,0.143592299511
2,1,4,10,10,1,1,10,512,100,5,29,0.140686300543
2,10,4,10,10,0,1000,10,1024,100,2,29,0.767050274872
2,10,4,10,10,1,1,1000,1024,10000,2,0,0.149228630218
4,1,2,10,1,1,1000,1000,1024,10000,2,0,0.467236700016
2,10,2,10,1,0,1000,10,512,100,2,0,0.751064557026
2,1,2,10,1,1,1000,1000,512,10000,2,29,0.85383533308
4,10,4,10,10,1,1,10,512,100,5,0,0.0785137190659
2,1,2,1000000,1,1,1000,1000,512,10000,5,0,0.000151155522692
4,1,2,10,10,1,1,1000,512,10000,2,0,0.145245477931
4,10,4,1000000,1,1,1,10,512,100,5,29,4.08528439707e-06
2,1,4,10,10,0,1,10,1024,100,2,0,0.148949469117
4,1,4,10,10,0,1,10,1024,100,5,29,0.0805672553561
2,1,4,10,10,1,1,1000,512,10000,2,29,0.149510514841
2,1,4,1000000,1,1,1000,1000,1024,10000,2,0,8.85144952699e-05
2,10,2,10,1,0,1,1000,1024,10000,5,29,0.0150651670949
4,1,4,10,10,1,1000,1000,1024,10000,5,0,0.186809161386
4,10,4,10,10,0,1,10,512,100,5,0,0.0780779553969
4,10,2,10,10,0,1000,10,512,100,5,29,0.199901136118
4,1,2,10,1,1,1,10,512,100,2,0,0.0144823331876
4,1,4,10,10,1,1,1000,1024,10000,2,29,0.144574129528
2,1,4,10,10,1,1000,1000,512,10000,2,29,0.757221080612
4,10,2,1000000,10,1,1,1000,1024,10000,2,29,1.49793761226e-05
2,1,4,1000000,1,1,1,1000,1024,10000,5,0,0.000804801026223
2,1,4,10,10,1,1000,10,512,100,5,29,0.322565885424
4,1,4,10,1,1,1000,10,512,100,2,29,0.732897297312
4,1,2,10,10,0,1000,1000,1024,10000,5,0,0.20817247526
4,1,4,1000000,10,1,1,10,1024,100,2,0,0.00704983910788
4,1,2,10,10,0,1,10,512,100,5,29,0.0881835872338
4,10,4,10,10,1,1,1000,512,10000,5,0,0.0785477631025
4,1,4,10,1,0,1,10,1024,100,2,0,0.0145531447838
4,1,4,10,1,1,1000,1000,1024,10000,5,0,0.239958711392
4,1,2,10,1,1,1000,10,512,100,5,0,0.228190368806
4,10,2,1000000,1,0,1,10,512,100,2,0,0.00286650788528
2,1,4,10,10,0,1,10,512,100,2,0,0.149765164235
4,1,2,10,10,0,1,1000,512,10000,2,29,0.144802905454
4,10,4,1000000,1,1,1000,1000,512,10000,5,29,0.0
4,10,2,10,1,0,1000,10,1024,100,5,0,0.202681853031
2,1,2,10,1,0,1000,1000,1024,10000,2,29,0.823841175037
4,1,4,10,1,1,1000,1000,512,10000,2,29,0.746514911969
4,10,2,10,10,1,1000,1000,512,10000,2,29,0.50779540351
4,10,4,1000000,1,0,1,1000,1024,10000,2,29,0.00236265614297
4,1,2,10,1,1,1000,10,1024,100,5,0,0.203782156295
4,1,4,1000000,10,1,1000,1000,512,10000,2,0,0.000249202348221
4,1,4,10,1,1,1,1000,512,10000,2,29,0.0144251392061
2,1,4,1000000,1,1,1000,10,512,100,2,29,7.62586420787e-05
4,1,4,10,1,1,1000,10,1024,100,5,29,0.250094301981
2,10,4,10,10,0,1000,1000,512,10000,2,0,0.77487223273
4,10,2,10,1,0,1000,10,1024,100,2,29,0.566148244077
4,10,2,1000000,10,0,1,10,1024,100,2,0,7.35351191473e-05
4,1,2,10,1,1,1000,10,512,100,2,0,0.47406865729
4,1,4,10,10,1,1000,10,1024,100,2,29,0.456970380326
2,10,2,1000000,1,1,1,10,1024,100,2,29,0.00243619126212
4,1,4,1000000,1,1,1,1000,1024,10000,2,0,0.00186697496946
2,10,4,10,10,1,1000,1000,512,10000,5,0,0.336541643347
2,10,2,10,10,1,1000,10,512,100,5,0,0.312053086909
4,1,2,1000000,1,0,1000,1000,512,10000,5,29,3.26822751766e-05
4,1,4,10,10,0,1000,10,1024,100,5,29,0.187027043221
2,10,2,1000000,1,0,1,1000,512,10000,5,29,0.00101178876901
4,10,2,10,10,0,1000,10,1024,100,5,0,0.201600614427
2,1,4,1000000,1,0,1,10,1024,100,2,29,0.00140397607113
2,10,4,10,1,0,1000,1000,1024,10000,2,29,0.944629417044
2,10,4,10,1,1,1000,10,512,100,2,0,0.891786263367
2,1,4,10,1,0,1000,10,1024,100,5,29,0.37289114215
2,10,4,1000000,1,0,1000,10,1024,100,5,0,0.00017702899054
4,1,2,10,1,0,1,1000,1024,10000,5,0,0.0148009853706
4,1,4,1000000,1,1,1,1000,1024,10000,5,0,0.00089740080589
4,10,2,1000000,1,0,1,10,1024,100,5,0,0.000883783191234
2,1,2,10,10,0,1000,1000,512,10000,2,29,0.773194542605
4,10,4,10,1,1,1000,1000,1024,10000,5,0,0.218911326179
4,10,2,1000000,10,0,1,10,1024,100,5,0,0.000814333356483
2,10,4,10,1,1,1,10,1024,100,2,0,0.0147751119027
4,10,2,10,1,0,1,1000,512,10000,2,29,0.0144809714262
4,10,4,1000000,1,0,1000,10,1024,100,2,0,4.76616512992e-05
4,1,2,10,1,1,1000,1000,512,10000,5,29,0.226742816368
2,10,2,10,10,0,1000,1000,512,10000,2,29,0.727817927045
4,10,2,10,1,0,1,10,512,100,2,29,0.0146743415543
4,1,2,10,1,1,1,1000,1024,10000,2,29,0.0147764736642
4,1,2,10,1,0,1,1000,1024,10000,2,0,0.015024314251
4,10,4,1000000,1,0,1,1000,512,10000,5,0,0.000875612622439
2,10,2,10,1,1,1000,1000,512,10000,2,29,0.793924637397
2,1,4,10,10,0,1,10,1024,100,5,29,0.137058567999
4,10,2,1000000,1,0,1,10,512,100,2,29,0.0029808958484
4,10,4,10,1,0,1000,1000,512,10000,2,29,0.7093619739
2,1,4,1000000,1,0,1000,1000,512,10000,2,0,0.000303672806849
2,1,2,1000000,1,0,1000,10,1024,100,5,29,4.22146054364e-05
2,1,2,10,1,0,1000,10,512,100,5,29,0.285698917263
4,10,4,1000000,10,0,1,10,1024,100,5,29,1.90646605197e-05
4,1,4,10,1,1,1,1000,1024,10000,2,0,0.014766941334
4,10,4,10,1,0,1,1000,1024,10000,2,0,0.0144360332978
2,1,2,1000000,1,1,1,10,512,100,2,0,0.00140669959406
4,1,4,1000000,10,0,1,10,1024,100,2,29,0.00542117239492
2,10,4,10,10,1,1000,1000,1024,10000,2,0,0.762781152677
2,1,2,10,1,1,1000,10,1024,100,5,0,0.291071066246
2,10,4,1000000,1,0,1000,10,1024,100,2,29,0.000637304365943
2,10,4,10,10,1,1000,1000,1024,10000,2,29,0.768632641695
4,1,2,1000000,1,1,1,1000,512,10000,2,0,0.00319333063705
2,10,2,1000000,1,1,1,10,512,100,5,0,0.00111255911747
2,10,2,1000000,1,0,1000,1000,1024,10000,5,29,5.17469356963e-05
2,10,4,1000000,1,0,1,1000,1024,10000,5,0,0.00102268286073
2,1,2,10,1,1,1000,1000,1024,10000,2,29,0.860604649326
4,10,2,10,10,1,1000,1000,512,10000,5,29,0.185796010856
2,10,4,10,10,0,1,1000,512,10000,5,29,0.136865197871
4,1,2,10,1,1,1,10,512,100,5,29,0.0146580004167
4,10,4,1000000,10,1,1,1000,512,10000,2,29,0.00177301342833
2,1,4,10,10,0,1000,1000,512,10000,2,29,0.780360131437
2,1,4,10,10,1,1,1000,1024,10000,5,29,0.138593273171
2,1,2,10,1,1,1000,10,1024,100,2,0,0.838395681582
4,10,4,1000000,10,1,1000,10,1024,100,2,0,8.03439264758e-05
2,10,2,10,10,1,1000,10,1024,100,2,29,0.750085450532
2,1,2,10,1,0,1,10,1024,100,5,29,0.0147887295174
4,10,2,10,1,1,1,10,512,100,2,29,0.0145354418848
4,1,4,10,10,0,1000,1000,512,10000,5,29,0.178547354574
4,10,4,10,10,1,1000,10,1024,100,2,29,0.399770951721
2,10,2,10,1,0,1,10,1024,100,5,0,0.0147138326368
2,10,4,10,10,0,1,1000,512,10000,2,0,0.150037516528
2,1,2,10,1,0,1000,10,1024,100,2,0,0.847511312833
2,1,2,10,1,1,1,1000,1024,10000,5,29,0.0151455110214
4,10,2,10,10,0,1000,10,512,100,2,29,0.531624867398
4,10,2,1000000,10,1,1,10,512,100,5,0,0.000340440366423
2,1,2,1000000,1,0,1,10,1024,100,2,29,0.00128958810801
2,10,4,10,1,1,1,1000,1024,10000,5,29,0.0147696648569
4,10,4,10,1,1,1,10,1024,100,5,0,0.0140288666195
4,10,4,1000000,1,0,1,1000,512,10000,2,29,0.0023735502347
2,10,4,10,10,0,1000,10,512,100,2,0,0.719325982545
2,10,2,10,1,1,1,1000,512,10000,5,29,0.0147506001964
2,10,4,10,10,0,1,1000,512,10000,2,29,0.149491450181
4,10,2,10,1,1,1000,1000,1024,10000,5,0,0.205123491339
4,10,2,1000000,1,0,1000,10,1024,100,2,0,8.03439264758e-05
4,10,4,10,10,0,1,10,1024,100,5,29,0.0787057274325
2,1,4,1000000,1,0,1,1000,1024,10000,2,29,0.00144210539217
2,1,4,1000000,1,1,1,1000,512,10000,2,0,0.00138491141061
4,10,4,1000000,1,0,1,10,512,100,2,29,0.00245253239971
4,10,2,1000000,10,0,1,1000,1024,10000,2,29,0.00026554348581
4,1,2,1000000,10,1,1,10,1024,100,5,0,3.9491082505e-05
2,10,4,10,10,0,1000,1000,512,10000,5,29,0.34149709332
4,1,4,10,1,1,1,1000,512,10000,2,0,0.0150801464711
4,1,2,1000000,10,0,1,1000,1024,10000,2,0,0.00530406090887
2,1,2,10,10,1,1,10,1024,100,2,0,0.150052495905
4,1,2,1000000,10,0,1,10,512,100,5,0,0.000708115962159
4,1,4,10,1,1,1000,1000,1024,10000,2,0,0.723991377326
4,10,2,1000000,1,0,1000,10,512,100,5,29,0.000130729100706
2,1,2,10,1,0,1,1000,1024,10000,2,29,0.0150392936271
4,10,2,10,10,1,1000,10,1024,100,5,0,0.190913510444
4,10,2,1000000,1,1,1,10,1024,100,5,0,0.00091646546641
4,10,4,10,10,0,1000,10,512,100,5,29,0.175595055716
2,10,4,10,10,0,1000,1000,1024,10000,2,0,0.752064089942
4,1,4,1000000,10,0,1,10,512,100,2,29,0.00560909547718
4,1,2,10,1,0,1,10,1024,100,5,29,0.0144823331876
4,1,4,1000000,1,1,1000,10,1024,100,5,0,0.000117111486049
2,1,2,10,1,1,1,1000,512,10000,2,0,0.015021590728
2,10,2,10,10,0,1000,10,1024,100,2,0,0.812023809037
4,10,2,10,10,1,1000,1000,1024,10000,5,29,0.199316940449
4,1,4,1000000,1,0,1000,10,1024,100,2,0,0.00250427933541
4,1,2,1000000,10,1,1000,1000,512,10000,2,0,0.00010757915579
2,10,2,10,1,1,1000,10,512,100,2,29,0.773247651302
4,1,2,1000000,1,0,1,10,512,100,5,29,0.000644113173272
4,10,2,10,10,1,1,10,1024,100,5,29,0.0821210251885
4,1,2,10,1,1,1,1000,512,10000,5,0,0.0145354418848
4,10,4,1000000,1,1,1,10,512,100,5,0,0.000930083081067
4,1,4,1000000,10,1,1,10,1024,100,5,29,0.0
2,1,4,1000000,1,0,1000,1000,1024,10000,5,29,3.26822751766e-05
2,1,2,10,10,1,1000,1000,512,10000,2,0,0.778524476981
4,10,4,1000000,1,0,1,1000,1024,10000,2,0,0.00236537966591
4,1,4,10,10,0,1000,10,1024,100,2,0,0.477584725394
4,1,2,10,10,1,1000,1000,512,10000,2,29,0.533227660644
4,1,2,1000000,1,0,1,1000,512,10000,5,29,0.000742159998802
2,1,4,10,10,0,1000,10,1024,100,2,29,0.754700460139
4,1,4,10,1,0,1000,1000,1024,10000,5,29,0.2480298716
4,10,4,10,10,0,1,10,512,100,2,0,0.140114360728
4,10,2,1000000,1,0,1,10,512,100,5,0,0.000870165576577
4,10,2,10,10,1,1000,1000,1024,10000,5,0,0.194381916897
2,10,4,1000000,1,1,1000,10,512,100,2,0,0.000792545173032
4,10,2,10,1,0,1,10,1024,100,2,0,0.0147791971871
2,10,2,10,10,0,1,10,512,100,5,29,0.136498884036
4,10,4,1000000,10,1,1,1000,1024,10000,5,0,0.000446657760747
4,10,2,10,1,1,1000,1000,512,10000,2,0,0.615073610016
2,1,2,1000000,1,1,1,1000,512,10000,5,0,0.000853824438988
4,1,4,10,10,0,1,1000,1024,10000,5,29,0.0803207765309
4,1,4,1000000,1,0,1,10,512,100,5,0,0.000750330567596
2,10,4,1000000,1,1,1000,1000,512,10000,2,29,0.000559683962399
2,10,2,10,10,0,1,1000,1024,10000,2,0,0.148388423393
2,10,2,10,1,1,1000,10,512,100,5,0,0.283799260019
2,1,2,10,10,1,1000,10,1024,100,5,29,0.340601054276
2,10,2,10,10,1,1000,10,512,100,2,0,0.746230303823
2,1,4,10,1,0,1,10,1024,100,5,0,0.0149766525997
4,1,2,10,1,0,1000,1000,512,10000,2,0,0.475834861911
2,1,2,10,10,1,1000,10,1024,100,5,0,0.321165994637
2,1,4,10,10,1,1,1000,1024,10000,2,0,0.149349826988
4,10,2,10,1,1,1000,10,1024,100,2,29,0.59133946943
2,1,4,10,1,0,1000,10,512,100,2,29,0.973091593438
2,10,2,10,1,0,1000,1000,512,10000,5,0,0.282869176938
4,10,4,10,1,0,1,1000,512,10000,2,0,0.0150188672051
2,10,4,10,10,0,1,1000,512,10000,5,0,0.132074521034
2,1,4,10,10,1,1000,10,1024,100,5,0,0.308120319796
2,1,2,10,10,1,1000,1000,1024,10000,5,29,0.344351345352
2,10,2,10,10,0,1,1000,512,10000,5,0,0.136152996624
2,10,4,1000000,1,1,1,10,512,100,2,29,0.00249883228954
2,10,2,10,1,0,1,10,512,100,2,29,0.0148540940678
2,1,2,10,1,0,1000,10,1024,100,5,0,0.304670978003
4,10,4,1000000,1,1,1,1000,1024,10000,5,0,0.000943700695724
4,10,4,1000000,1,0,1000,1000,1024,10000,2,0,0.00175667229074
4,10,2,1000000,10,0,1,10,1024,100,5,29,0.000326822751766
2,10,2,10,10,0,1,1000,512,10000,2,29,0.149028451282
4,1,2,10,1,1,1000,10,512,100,5,29,0.232716863918
2,1,2,10,10,1,1000,1000,1024,10000,2,29,0.760018138663
4,10,4,1000000,1,1,1,10,512,100,2,29,0.00236537966591
2,1,4,1000000,1,1,1000,10,512,100,5,29,0.000118473247515
2,1,2,10,1,0,1,1000,512,10000,5,0,0.0148772440127
4,1,4,10,1,1,1000,1000,512,10000,5,0,0.240849303391
4,1,2,1000000,10,0,1,10,512,100,2,0,0.00502217628547
4,10,4,10,1,0,1,1000,1024,10000,5,0,0.0146076152425
4,1,4,10,10,1,1,1000,1024,10000,5,29,0.0819317403448
4,10,2,1000000,10,0,1000,10,512,100,2,0,5.3108697162e-05
2,1,2,10,10,1,1000,10,512,100,2,29,0.754680033717
2,1,2,1000000,1,1,1000,1000,512,10000,5,29,4.08528439707e-05
4,1,4,10,10,0,1000,1000,1024,10000,5,0,0.183366628401
4,10,2,10,10,0,1000,10,1024,100,2,0,0.534879477301
4,1,4,1000000,1,1,1,10,1024,100,5,29,0.000821142163812
4,10,4,10,10,1,1,1000,1024,10000,5,29,0.0787465802765
2,10,2,10,10,0,1000,10,512,100,5,29,0.280570523584
4,10,4,10,1,1,1000,1000,512,10000,2,29,0.718788086766
4,10,4,10,1,1,1000,10,512,100,5,29,0.216153759211
4,10,2,10,10,0,1000,10,1024,100,2,29,0.519597790133
4,1,2,10,10,1,1,1000,1024,10000,2,0,0.143979039768
4,1,2,1000000,10,0,1,10,1024,100,2,0,0.0025641968399
4,10,4,1000000,1,1,1,1000,1024,10000,5,29,0.000867442053645
4,10,2,1000000,1,0,1,1000,1024,10000,5,29,0.000861995007782
2,10,4,10,1,1,1000,1000,1024,10000,2,29,0.906264511271
2,1,4,10,10,1,1,1000,512,10000,5,29,0.138384923666
2,1,2,10,1,1,1000,10,512,100,2,0,0.82909348901
4,1,4,10,1,1,1,1000,512,10000,5,29,0.0143407099952
2,1,2,10,1,0,1000,1000,512,10000,5,0,0.309475272454
2,1,4,10,1,1,1,1000,512,10000,2,0,0.0149507791318
2,1,4,10,10,0,1000,10,1024,100,5,0,0.319450175191
4,10,2,10,1,0,1000,10,512,100,2,0,0.615695935006
4,10,2,10,10,1,1,10,1024,100,2,29,0.143674005199
2,1,4,10,10,0,1000,1000,1024,10000,5,29,0.31464588074
4,1,4,1000000,1,1,1000,1000,1024,10000,5,0,1.36176146569e-06
4,10,4,1000000,10,1,1,1000,512,10000,5,29,0.000324099228834
4,1,2,10,10,0,1,10,1024,100,2,0,0.14434399184
2,10,2,10,1,0,1,10,1024,100,5,29,0.0146321269489
4,1,4,10,1,1,1,1000,512,10000,5,0,0.0146634474626
4,1,4,1000000,1,0,1,10,1024,100,2,0,0.00201132168483
4,1,2,10,10,0,1,1000,512,10000,2,0,0.14358140542
4,10,4,1000000,1,1,1000,1000,512,10000,5,0,0.000129367339241
4,10,4,10,10,1,1000,1000,1024,10000,2,29,0.395154580353
2,10,2,10,1,0,1,10,512,100,5,29,0.0147791971871
2,1,2,1000000,1,0,1,10,1024,100,2,0,0.00130048219974
4,10,2,10,1,0,1,10,512,100,5,0,0.0145803800132
4,1,4,10,1,1,1000,10,512,100,2,0,0.714781784534
2,10,2,10,10,1,1,1000,512,10000,2,0,0.149265397777
2,1,4,1000000,1,0,1000,1000,1024,10000,2,29,0.000664539595257
2,1,4,10,1,1,1000,1000,512,10000,2,0,0.972996270135
4,1,4,10,1,0,1,1000,512,10000,2,29,0.0151700227278
2,10,4,1000000,1,1,1,10,512,100,5,0,0.00102540638367
2,1,4,10,10,1,1000,1000,1024,10000,5,29,0.310698134251
4,10,4,1000000,10,1,1,1000,1024,10000,5,29,2.72352293138e-06
4,1,4,1000000,10,1,1000,1000,1024,10000,2,29,0.00174986348341
4,10,4,1000000,1,1,1,1000,512,10000,2,0,0.00237899728056
4,10,4,10,10,0,1,1000,512,10000,2,29,0.142023550303
2,1,2,10,10,0,1000,1000,1024,10000,5,0,0.339530709764
2,10,2,10,10,1,1,1000,512,10000,2,29,0.149454682621
2,1,4,1000000,1,1,1,10,1024,100,5,0,0.000851100916057
2,1,2,10,1,0,1000,1000,1024,10000,5,29,0.312337695055
2,10,2,10,1,0,1000,10,1024,100,2,29,0.747589341765
4,1,4,10,10,0,1,1000,512,10000,5,29,0.0823675040138
2,10,4,10,1,1,1000,10,512,100,2,29,0.89817156288
2,1,2,10,10,1,1,1000,1024,10000,2,0,0.149646690988
2,1,4,10,1,0,1000,1000,1024,10000,2,0,0.990031906071
2,10,4,10,1,1,1000,10,512,100,5,29,0.315559622683
4,10,2,1000000,1,1,1,10,512,100,5,0,0.00089740080589
4,10,4,10,1,1,1,1000,1024,10000,2,29,0.014664809224
4,1,4,10,1,0,1,1000,1024,10000,5,29,0.0144796096647
4,10,2,10,10,0,1000,1000,1024,10000,2,29,0.518455272264
4,10,2,1000000,10,1,1,10,1024,100,2,0,0.002421211886
4,1,4,1000000,10,0,1,1000,512,10000,5,29,0.00135495265836
2,1,4,10,10,0,1,1000,1024,10000,2,0,0.149219097887
2,1,4,10,1,1,1,10,1024,100,5,0,0.0152135990947
4,1,4,1000000,10,0,1,10,512,100,5,29,0.000118473247515
4,1,4,10,10,1,1000,10,512,100,5,0,0.182719791705
2,1,2,10,1,1,1000,10,512,100,2,29,0.84315095262
4,1,2,1000000,10,0,1,1000,1024,10000,2,29,0.00523052578972
2,1,4,10,10,1,1,1000,512,10000,5,0,0.139689491151
2,10,4,10,10,1,1000,10,1024,100,2,29,0.739896751246
2,10,4,10,1,0,1000,1000,1024,10000,5,29,0.302060481274
2,10,2,10,1,1,1000,10,1024,100,5,0,0.268175770723
4,1,4,1000000,10,1,1,1000,512,10000,5,0,4.35763669021e-05
4,10,2,10,1,0,1,10,1024,100,2,29,0.0146280416645
2,10,2,10,1,1,1,10,1024,100,2,0,0.0148717969668
4,1,2,1000000,10,1,1,10,512,100,2,29,0.00268947889474
4,10,2,10,10,0,1000,10,512,100,2,0,0.516144363057
2,1,4,10,10,0,1000,1000,512,10000,5,29,0.313608218503
4,1,4,1000000,10,0,1000,1000,1024,10000,2,0,0.000192008366662
2,1,2,1000000,1,0,1000,1000,1024,10000,2,29,0.000320013944437
4,1,4,10,10,0,1000,10,512,100,5,0,0.0546256994347
2,10,2,10,1,1,1,1000,512,10000,5,0,0.0150597200491
2,10,4,1000000,1,0,1,1000,512,10000,5,0,0.00100361820021
4,1,2,1000000,10,1,1,1000,1024,10000,2,0,0.00514882010178
4,1,4,1000000,10,0,1000,10,1024,100,2,29,0.000783012842772
2,1,4,10,10,1,1,1000,1024,10000,2,29,0.150166883868
2,1,2,10,10,0,1,10,512,100,2,0,0.150621712197
2,1,4,10,10,0,1000,1000,512,10000,5,0,0.316135647783
4,10,2,1000000,10,0,1000,1000,512,10000,5,0,1.36176146569e-05
2,10,2,10,1,0,1000,1000,512,10000,2,0,0.750070471156
2,10,4,10,10,0,1,1000,1024,10000,2,29,0.149328038805
4,10,4,10,10,1,1000,10,512,100,5,0,0.182422927705
4,10,4,1000000,1,1,1000,1000,1024,10000,2,29,0.000510660549634
4,10,2,10,1,1,1000,1000,1024,10000,2,29,0.617667765608
2,10,2,1000000,1,1,1000,10,512,100,5,0,0.000162049614417
4,10,2,10,10,1,1,1000,512,10000,2,29,0.145487871472
4,1,2,1000000,1,1,1000,10,512,100,5,0,0.000136176146569
2,1,4,1000000,1,0,1,10,1024,100,5,29,0.00085654796192
2,1,2,10,10,1,1,1000,1024,10000,5,0,0.142538296137
2,10,2,10,10,1,1,10,512,100,5,29,0.133558841032
2,10,2,1000000,1,1,1,10,1024,100,5,29,0.00102540638367
4,1,2,1000000,1,1,1,1000,1024,10000,2,29,0.00332950678361
4,10,2,1000000,1,0,1,1000,1024,10000,5,0,0.000951871264518
2,10,2,10,10,1,1000,10,1024,100,5,0,0.296298868512
2,1,2,10,1,0,1,10,512,100,5,29,0.0151536815902
2,10,4,1000000,1,0,1,10,1024,100,2,29,0.00250155581247
4,10,2,1000000,10,0,1000,10,1024,100,2,0,0.000389463779188
4,10,4,10,1,1,1,1000,1024,10000,5,0,0.0141064870231
2,1,4,10,10,0,1000,10,1024,100,2,0,0.786817604308
4,10,2,1000000,1,0,1000,1000,512,10000,2,29,0.00610750017362
2,1,4,10,10,0,1000,10,512,100,2,29,0.763978141005
4,1,2,10,10,1,1000,10,512,100,2,0,0.539437292927
4,1,4,1000000,1,0,1,10,1024,100,5,29,0.000802077503292
4,1,4,10,1,1,1,1000,1024,10000,5,29,0.0144523744354
2,10,4,1000000,1,0,1,10,1024,100,5,0,0.00105808865884
2,1,2,10,10,1,1000,10,1024,100,2,29,0.767748858503
2,1,4,10,1,0,1000,1000,512,10000,2,0,0.988717806257
2,1,4,1000000,1,1,1,10,512,100,5,0,0.0
2,1,4,1000000,1,0,1000,10,1024,100,5,0,9.53233025984e-06
2,1,2,10,10,0,1,1000,1024,10000,2,0,0.149539111832
2,10,4,10,1,1,1,1000,1024,10000,2,0,0.0147819207101
2,10,2,10,10,1,1000,10,512,100,5,29,0.267153087862
4,1,4,1000000,1,0,1,1000,512,10000,2,29,0.00188876315291
2,10,4,10,10,1,1000,10,512,100,2,0,0.731410253791
2,1,2,10,1,0,1,1000,1024,10000,5,29,0.0149466938474
4,10,4,1000000,1,0,1000,10,1024,100,2,29,0.00710294780504
2,1,4,1000000,1,0,1,1000,512,10000,5,0,0.000769395228115
2,1,4,10,1,0,1000,10,512,100,5,0,0.373795351763
4,1,4,1000000,10,1,1000,10,1024,100,2,29,0.000556960439468
4,1,4,1000000,1,1,1,10,1024,100,5,0,0.000859271484851
2,10,4,1000000,1,0,1,1000,512,10000,2,0,0.00248793819782
4,1,2,1000000,1,1,1000,10,512,100,2,29,1.63411375883e-05
2,10,2,10,10,1,1000,1000,512,10000,5,0,0.30751978299
4,10,4,1000000,1,1,1000,10,1024,100,5,0,0.000130729100706
2,10,2,10,1,0,1000,1000,1024,10000,5,29,0.283517375395
2,10,2,10,10,0,1,10,512,100,2,29,0.148818740017
2,10,2,10,1,1,1000,10,1024,100,2,29,0.771134197507
4,1,2,10,1,1,1000,1000,512,10000,5,0,0.223450077144
2,10,2,10,1,0,1,1000,1024,10000,2,29,0.0147778354257
2,1,4,1000000,1,1,1,10,512,100,5,29,0.000826589209674
4,1,4,10,1,0,1,10,512,100,2,0,0.00857365018799
2,10,4,10,10,0,1000,10,1024,100,2,0,0.742142295903
4,10,4,1000000,1,1,1000,10,1024,100,2,29,0.00575344219254
4,10,4,1000000,10,1,1,10,1024,100,5,29,0.000362228549874
2,1,4,10,10,0,1,1000,1024,10000,5,29,0.138764855115
2,1,4,10,10,1,1,10,1024,100,5,0,0.137652295998
4,10,4,1000000,1,1,1000,1000,512,10000,2,0,0.000174305467608
2,10,2,10,10,1,1000,10,1024,100,2,0,0.778427791917
4,1,2,10,10,0,1000,10,1024,100,2,29,0.541828546061
4,10,4,1000000,1,0,1,1000,1024,10000,5,0,0.00091646546641
4,1,2,1000000,10,0,1,10,512,100,5,29,8.17056879415e-06
2,10,4,10,1,0,1000,10,1024,100,2,0,0.878905361663
2,10,4,10,10,1,1,10,512,100,5,0,0.135334577983
2,1,2,10,10,1,1,10,512,100,5,29,0.139705832288
2,10,4,1000000,1,1,1000,1000,512,10000,5,29,0.000110302678721
2,10,2,1000000,1,1,1,10,1024,100,2,0,0.00253151456472
4,10,4,10,10,0,1000,1000,512,10000,2,0,0.392703409715
2,1,4,1000000,1,0,1000,1000,1024,10000,2,0,8.85144952699e-05
4,1,2,10,10,1,1000,10,1024,100,2,29,0.517943249953
4,10,2,1000000,1,0,1000,1000,512,10000,2,0,0.000182476036403
4,10,2,10,10,0,1,10,512,100,2,29,0.144466550372
4,1,2,10,10,0,1,10,1024,100,2,29,0.144944528647
2,1,2,10,10,0,1,1000,512,10000,2,0,0.149115604016
4,1,2,1000000,1,1,1,10,512,100,2,29,0.00321239529757
4,1,2,10,1,0,1,10,512,100,5,29,0.014389733408
4,10,4,10,1,0,1000,10,1024,100,5,29,0.219074737555
2,10,2,10,10,0,1000,1000,512,10000,5,0,0.275247398014
4,1,2,1000000,1,0,1000,10,512,100,5,29,0.000152517284157
4,1,2,1000000,1,1,1,1000,1024,10000,5,0,0.000704030677762
4,1,4,10,10,0,1000,1000,1024,10000,2,29,0.463039751179
2,1,4,10,1,1,1,10,512,100,5,0,0.0148513705448
2,1,4,10,1,1,1000,10,512,100,2,0,0.987025136755
4,10,4,10,1,0,1,1000,512,10000,5,0,0.0144060745455
4,10,2,1000000,1,1,1,10,512,100,2,29,0.00292642538977
2,1,4,10,1,1,1000,10,1024,100,5,29,0.373738157782
2,1,4,10,10,1,1000,1000,1024,10000,5,0,0.305102656388
2,10,2,1000000,1,0,1,10,1024,100,2,29,0.00246615001437
4,10,2,10,1,0,1,10,512,100,5,29,0.014468715573
4,10,2,10,10,1,1000,10,1024,100,2,29,0.512553398071
4,10,4,10,10,1,1000,1000,512,10000,5,29,0.179715745912
4,1,2,1000000,1,0,1000,1000,512,10000,2,0,0.000168858421746
4,10,2,1000000,10,0,1000,1000,512,10000,2,29,0.000126643816309
4,1,4,1000000,10,0,1,10,512,100,2,0,0.00514201129445
4,1,4,1000000,10,0,1,1000,1024,10000,2,0,0.00547836637648
2,10,2,10,10,1,1,10,512,100,2,0,0.148818740017
4,1,2,1000000,10,1,1,10,1024,100,5,29,0.000228775926236
2,1,2,1000000,1,1,1,1000,512,10000,5,29,0.000761224659321
2,1,4,10,10,1,1000,10,512,100,5,0,0.314545110391
2,10,2,10,1,0,1,1000,512,10000,2,29,0.0152544519387
4,10,2,10,1,1,1,10,1024,100,2,0,0.0146375739947
2,1,2,10,10,1,1000,10,512,100,2,0,0.732797888725
4,10,4,10,1,0,1000,10,1024,100,2,29,0.685785797645
4,10,4,10,10,0,1,1000,512,10000,5,0,0.0785831689006
2,10,4,10,1,1,1,10,512,100,5,0,0.0147819207101
4,10,4,10,1,0,1000,10,512,100,2,0,0.697882324745
4,1,2,10,1,0,1,1000,512,10000,5,29,0.0145599535912
2,10,4,10,1,0,1,10,512,100,5,0,0.0148309441228
4,1,4,1000000,1,0,1,1000,1024,10000,2,0,0.00198408645551
2,1,2,10,1,1,1000,1000,512,10000,5,0,0.310406717297
4,10,4,10,10,1,1000,1000,512,10000,2,0,0.382028561585
2,1,4,1000000,1,1,1,1000,512,10000,2,29,0.00136039970423
4,10,2,10,1,0,1,10,1024,100,5,0,0.0144142451143
2,1,2,10,10,0,1,10,512,100,5,29,0.14065498003
4,10,2,1000000,1,0,1000,1000,1024,10000,5,29,3.5405798108e-05
2,1,4,1000000,1,1,1,1000,1024,10000,5,29,0.000842930347263
4,10,4,10,10,0,1000,10,1024,100,2,29,0.402449536524
4,1,4,1000000,10,1,1,1000,1024,10000,5,0,0.0001388996695
2,10,2,1000000,1,1,1000,1000,1024,10000,2,0,0.000339078604957
2,1,2,10,1,1,1,1000,512,10000,5,29,0.0146811503616
4,1,2,1000000,1,0,1,1000,1024,10000,2,29,0.00330499507723
4,1,2,10,1,0,1000,10,512,100,5,0,0.231592048947
4,10,2,10,10,1,1,1000,512,10000,2,0,0.142654045861
4,10,2,10,1,0,1,1000,1024,10000,5,29,0.0144414803437
2,10,2,1000000,1,0,1000,10,1024,100,2,29,0.000106217394324
4,10,4,10,1,0,1000,1000,512,10000,5,29,0.216247720752
4,1,2,10,10,1,1,10,512,100,2,29,0.145083428316
2,10,4,10,1,0,1000,10,512,100,2,29,0.871975357565
4,10,2,1000000,1,0,1,10,1024,100,2,29,0.00289646663752
4,1,2,1000000,10,0,1,1000,512,10000,2,0,0.00676386920009
4,1,2,10,1,0,1,10,512,100,2,29,0.0149072027649
2,1,4,10,1,1,1,10,512,100,2,0,0.014664809224
4,1,4,1000000,1,0,1000,1000,512,10000,2,0,0.00164909313495
2,10,2,1000000,1,0,1,10,1024,100,5,0,0.00103630047539
2,1,4,10,1,0,1,1000,1024,10000,5,0,0.0150542730032
4,10,2,10,10,1,1,1000,1024,10000,2,29,0.143476549787
4,10,4,10,1,0,1000,10,1024,100,5,0,0.213441130371
4,1,2,1000000,1,0,1,1000,1024,10000,2,0,0.00323145995808
2,10,2,1000000,1,0,1,10,512,100,5,0,0.0010281299066
4,10,4,10,10,1,1000,10,512,100,2,29,0.443045007578
4,1,2,10,1,0,1,1000,512,10000,2,0,0.0146484680864
4,10,2,10,1,0,1000,10,1024,100,2,0,0.5960865699
4,1,4,10,1,1,1,1000,1024,10000,2,29,0.0148949469117
4,1,2,1000000,1,1,1,10,512,100,5,29,0.000671348402586
2,10,2,10,10,0,1000,1000,1024,10000,5,29,0.275935087554
2,1,2,1000000,1,1,1,1000,1024,10000,5,29,0.000821142163812
2,1,2,10,10,1,1,1000,1024,10000,2,29,0.1497134173
4,1,4,1000000,1,1,1,1000,512,10000,2,0,0.00186697496946
2,1,4,10,10,0,1000,1000,1024,10000,2,0,0.765556422544
4,1,4,1000000,1,1,1000,1000,512,10000,2,0,0.000133452623638
2,1,4,10,1,0,1000,1000,1024,10000,5,29,0.383363087821
4,1,2,10,10,0,1,10,1024,100,5,29,0.0890741792323
4,1,4,1000000,1,1,1000,10,512,100,5,29,0.000121196770447
2,1,2,10,10,1,1,10,1024,100,5,0,0.142562807843
4,1,2,10,10,0,1000,1000,512,10000,5,0,0.215850086404
4,10,4,10,10,1,1,10,1024,100,5,0,0.0793307759453
2,10,2,10,1,1,1000,1000,512,10000,5,0,0.287192769591
4,10,2,10,1,1,1,1000,1024,10000,5,0,0.0145545065453
4,10,2,1000000,1,1,1,1000,512,10000,5,0,0.000832036255537
2,1,2,10,10,0,1000,10,1024,100,2,0,0.776984324764
4,1,2,10,1,1,1,10,512,100,2,29,0.0148595411136
2,10,4,1000000,1,1,1000,10,1024,100,5,29,7.08115962159e-05
2,1,4,10,1,0,1000,1000,1024,10000,5,0,0.375210221926
4,1,2,1000000,10,0,1,1000,512,10000,5,29,0.0010635357047
4,1,4,1000000,1,0,1,10,1024,100,2,29,0.00192961599688
4,1,2,1000000,1,1,1,1000,1024,10000,2,0,0.00324780109567
4,10,4,1000000,1,1,1,10,1024,100,2,0,0.00241167955574
4,1,4,1000000,10,0,1,10,512,100,5,0,5.44704586276e-06
4,10,2,10,1,1,1000,1000,512,10000,5,29,0.19773865891
4,10,2,1000000,10,1,1,10,512,100,5,29,0.000385378494791
4,10,2,10,10,1,1000,1000,512,10000,2,0,0.505337424065
2,1,2,1000000,1,1,1000,10,1024,100,2,0,5.3108697162e-05
2,10,2,10,10,0,1000,10,1024,100,2,29,0.743858115349
2,1,2,10,10,1,1,10,1024,100,2,29,0.149412468016
2,10,4,10,1,0,1,10,1024,100,2,29,0.0147083855909
4,10,4,10,1,1,1,10,1024,100,2,0,0.0147696648569
2,1,2,10,10,1,1000,1000,512,10000,5,29,0.320426558162
2,1,2,10,10,0,1,10,1024,100,2,0,0.149368891649
2,10,4,1000000,1,1,1000,10,1024,100,2,0,0.000234222972099
2,10,4,10,10,0,1000,1000,512,10000,5,0,0.333326524526
2,1,4,10,10,0,1,1000,512,10000,5,0,0.13884383728
2,10,2,10,1,0,1,1000,512,10000,5,0,0.0146811503616
2,10,4,1000000,1,1,1,10,1024,100,5,0,0.00106898275057
4,10,2,1000000,1,1,1,1000,1024,10000,2,29,0.00296455471081
4,1,4,1000000,10,1,1000,1000,1024,10000,2,0,4.62998898335e-05
2,1,2,10,1,1,1,10,1024,100,5,29,0.0150433789115
4,1,2,10,10,1,1,1000,512,10000,5,0,0.087321592226
2,1,4,1000000,1,0,1,1000,512,10000,5,29,0.000832036255537
4,1,4,1000000,1,1,1,1000,1024,10000,2,29,0.00188603962998
2,1,4,10,1,1,1,10,1024,100,5,29,0.0150188672051
2,10,4,1000000,1,0,1,1000,1024,10000,5,29,0.00100634172315
2,10,4,10,10,1,1,10,1024,100,5,29,0.133050904005
4,1,2,10,1,0,1000,10,1024,100,2,0,0.488861472091
4,10,2,10,10,0,1,10,1024,100,2,0,0.143605917126
4,10,2,10,10,0,1,10,512,100,5,29,0.0819725931887
4,10,2,1000000,1,1,1000,10,512,100,5,0,0.000114387963118
4,1,2,10,1,1,1,1000,512,10000,2,29,0.0146770650772
4,10,4,1000000,1,0,1000,1000,512,10000,2,29,0.00154423750209
4,10,4,1000000,10,0,1,1000,1024,10000,5,0,1.36176146569e-05
4,1,2,10,1,0,1000,10,1024,100,5,29,0.228244839264
4,10,4,10,1,1,1,10,512,100,5,0,0.0144373950593
4,10,2,10,10,0,1,10,512,100,2,0,0.142641790008
2,10,2,10,10,1,1000,10,1024,100,5,29,0.254663011699
2,10,4,10,1,1,1,10,1024,100,5,29,0.0149099262879
2,1,4,10,10,1,1,10,512,100,5,0,0.137867454309
4,10,2,10,1,1,1,1000,1024,10000,5,29,0.0144060745455
4,10,2,10,10,0,1,10,1024,100,5,29,0.0790502530834
2,1,4,1000000,1,0,1,10,1024,100,2,0,0.00132771742905
4,10,4,1000000,1,1,1,1000,512,10000,5,29,0.0
4,10,2,10,10,0,1000,1000,1024,10000,5,29,0.206384482456
2,10,4,10,1,1,1000,10,1024,100,5,29,0.297267080915
2,1,2,10,10,1,1000,10,1024,100,2,0,0.759816597966
2,10,2,10,10,1,1,1000,1024,10000,2,29,0.14982508174
2,10,2,1000000,1,0,1,1000,512,10000,2,0,0.00244163830798
2,10,2,1000000,1,0,1000,10,1024,100,2,0,4.08528439707e-06
4,10,2,1000000,10,1,1000,1000,512,10000,2,29,0.000121196770447
4,1,4,1000000,1,0,1,10,1024,100,5,0,0.000791183411567
2,10,4,10,10,1,1,1000,512,10000,2,29,0.149799208272
2,1,2,1000000,1,1,1,10,1024,100,2,29,0.00138218788768
4,10,4,10,1,0,1,1000,512,10000,5,29,0.0143679452245
2,10,4,10,1,1,1000,1000,1024,10000,2,0,0.875202732238
4,1,2,10,10,0,1000,10,512,100,2,0,0.525837381169
2,10,4,10,10,1,1,1000,1024,10000,5,29,0.136312322716
4,1,2,10,10,1,1000,10,512,100,5,0,0.210217840982
4,1,4,10,10,0,1,1000,1024,10000,5,0,0.0794478874314
2,10,2,10,1,0,1,1000,512,10000,5,29,0.0148731587283
2,10,2,1000000,1,1,1000,10,1024,100,2,0,0.00313613665549
4,10,4,10,10,0,1,10,1024,100,2,0,0.143043509641
4,1,2,10,10,0,1,1000,512,10000,5,0,0.0901962706801
4,1,2,10,10,0,1,1000,1024,10000,2,0,0.145475615618
4,1,4,10,1,1,1000,10,1024,100,5,0,0.251247713943
2,1,2,10,10,0,1000,10,512,100,2,0,0.435357864104
4,10,4,1000000,1,1,1,1000,1024,10000,2,29,0.00224282113399
2,10,4,1000000,1,0,1000,10,512,100,2,29,0.000747607044664
4,1,4,10,10,0,1000,1000,1024,10000,5,29,0.184829160215
2,10,2,1000000,1,1,1,1000,1024,10000,2,0,0.0024171266016
4,10,2,10,1,1,1000,1000,512,10000,2,29,0.602764648128
4,1,4,10,1,0,1000,10,512,100,5,0,0.237465326149
4,10,2,10,1,1,1000,10,1024,100,2,0,0.61947209955
2,10,2,1000000,1,1,1,10,1024,100,5,0,0.00113979434678
2,10,2,10,1,1,1,1000,1024,10000,5,0,0.014945332086
2,1,2,1000000,1,0,1000,1000,512,10000,2,29,0.000202902458388
2,1,2,10,1,1,1000,10,1024,100,2,29,0.849573019692
4,1,2,1000000,1,0,1,1000,1024,10000,5,0,0.000619601466889
4,10,2,10,10,1,1,1000,1024,10000,5,0,0.0808859075391
2,1,4,1000000,1,0,1,1000,512,10000,2,0,0.00138763493354
2,1,4,1000000,1,1,1000,10,1024,100,2,0,0.000328184513232
2,1,2,10,1,0,1,10,1024,100,5,0,0.0149480556089
4,1,4,10,10,1,1000,1000,1024,10000,2,29,0.461535004759
2,1,4,10,10,1,1000,10,1024,100,2,0,0.760871963102
2,1,4,10,1,0,1,1000,512,10000,2,29,0.0149289909484
4,10,4,1000000,10,1,1,10,512,100,2,29,0.000637304365943
4,1,2,10,10,1,1,10,512,100,5,29,0.084423763827
4,10,2,10,1,1,1000,10,512,100,2,29,0.604989766363
2,1,4,10,1,1,1,10,512,100,5,29,0.0149671202694
4,10,2,10,10,1,1,10,512,100,2,29,0.143687622814
2,10,4,1000000,1,0,1000,1000,512,10000,5,29,0.000418060769967
4,10,4,10,1,0,1,1000,512,10000,2,29,0.014743791389
4,1,2,1000000,1,0,1,10,512,100,5,0,0.000706754200694
4,1,4,10,10,1,1,10,512,100,5,0,0.0818268847119
2,10,2,1000000,1,1,1000,10,512,100,2,29,0.00014843199976
2,1,4,10,1,1,1000,10,1024,100,2,0,0.987492220938
4,1,2,10,1,0,1000,1000,1024,10000,5,29,0.231713245718
2,1,4,10,1,0,1000,10,1024,100,5,0,0.382819744997
2,10,4,10,10,0,1,1000,1024,10000,5,29,0.134856599709
4,1,2,10,10,0,1,1000,1024,10000,5,0,0.0870383458411
4,1,4,10,10,1,1,10,1024,100,2,29,0.145015340243
4,10,4,10,1,0,1000,1000,512,10000,5,0,0.216100650513
2,10,4,1000000,1,1,1,10,1024,100,2,29,0.00253151456472
4,1,2,10,1,0,1,10,1024,100,2,0,0.0148146029853
4,1,4,1000000,1,1,1,10,1024,100,2,0,0.00202493929948
4,10,2,10,10,1,1000,10,512,100,5,29,0.201494397032
4,10,2,1000000,1,1,1,10,1024,100,5,29,0.000921912512273
2,1,2,10,10,0,1000,1000,1024,10000,2,0,0.758193378299
4,1,2,1000000,10,0,1,10,1024,100,2,29,0.0059577064124
4,10,2,1000000,10,1,1,10,1024,100,5,0,0.000390825540653
4,10,2,10,1,1,1,10,512,100,2,0,0.0145585918297
2,1,2,10,10,0,1,10,512,100,5,0,0.085953021953
4,10,4,1000000,1,1,1,1000,512,10000,5,0,0.000908294897616
2,1,4,10,1,0,1,10,512,100,5,29,0.014983461407
4,1,2,1000000,10,1,1,10,1024,100,2,0,0.00490642656089
4,1,4,10,10,0,1000,1000,512,10000,5,0,0.0597527313531
2,1,4,10,10,1,1000,10,512,100,2,0,0.781535331582
2,10,2,10,10,0,1,1000,1024,10000,5,29,0.13551705402
2,10,2,10,1,0,1000,10,512,100,2,29,0.801860983219
4,10,2,1000000,1,0,1,1000,1024,10000,2,29,0.00290191368339
4,1,2,1000000,10,0,1,1000,1024,10000,5,29,0.00023694649503
2,10,4,10,10,0,1,10,1024,100,5,0,0.133851619747
2,1,4,10,1,1,1,1000,1024,10000,2,29,0.0147356208202
2,10,4,1000000,1,1,1,1000,512,10000,5,29,0.000979106493832
4,1,4,1000000,1,1,1,1000,512,10000,5,0,0.000804801026223
2,1,2,10,10,1,1,10,1024,100,5,29,0.142215558669
4,10,2,1000000,1,0,1000,10,1024,100,5,0,0.00015796433002
4,10,4,10,1,1,1000,1000,1024,10000,2,29,0.73716914303
4,1,4,10,1,0,1000,10,512,100,2,0,0.727047170055
2,1,4,10,1,0,1,1000,512,10000,2,0,0.0150379318656
4,1,4,10,10,1,1000,1000,512,10000,5,29,0.184939462894
2,1,2,10,10,1,1,1000,512,10000,2,0,0.149191862658
2,1,2,10,1,1,1000,1000,512,10000,2,0,0.867090719187
2,1,4,10,10,1,1000,1000,512,10000,5,0,0.305572464094
4,10,4,10,1,1,1,10,512,100,5,29,0.0144578214812
2,10,4,10,10,0,1000,10,1024,100,5,29,0.320329873097
4,1,2,10,10,1,1000,10,512,100,2,29,0.512839367979
2,10,2,10,10,1,1,10,1024,100,2,29,0.148894998659
2,10,2,10,10,1,1,1000,512,10000,5,0,0.135296448662
2,1,4,10,1,1,1000,10,512,100,2,29,0.954793604623
2,1,4,10,1,0,1000,1000,512,10000,2,29,1.0
4,1,2,10,1,0,1000,1000,1024,10000,5,0,0.223424203676
2,1,4,10,10,0,1,1000,512,10000,5,29,0.136729021724
4,10,4,10,1,1,1000,1000,512,10000,5,0,0.215494666661
4,1,2,10,1,0,1000,1000,1024,10000,2,29,0.478412676365
4,10,4,10,10,1,1,10,512,100,2,29,0.144190112795
4,10,4,1000000,1,1,1000,10,512,100,2,29,0.000144346715363
4,10,2,10,1,1,1,1000,512,10000,2,29,0.0148377529302
2,10,2,10,1,1,1000,1000,1024,10000,2,29,0.794947320258
2,10,2,1000000,1,1,1000,10,512,100,2,0,0.000731265907076
4,10,2,10,1,1,1,10,1024,100,5,0,0.0145599535912
2,1,2,10,1,0,1000,1000,512,10000,2,0,0.857260163166
4,1,2,10,1,1,1000,1000,1024,10000,2,29,0.468721020014
4,1,2,10,1,1,1,1000,512,10000,2,0,0.0147860059945
4,1,4,10,1,1,1,10,512,100,5,0,0.0145504212609
2,1,2,1000000,1,1,1,1000,512,10000,2,29,0.00130048219974
4,1,2,1000000,10,1,1,10,512,100,2,0,0.00619329114596
4,10,2,1000000,1,1,1,10,1024,100,2,0,0.00301357812357
4,1,2,1000000,1,1,1,10,1024,100,2,29,0.00343027713208
2,10,4,10,10,1,1000,10,512,100,5,0,0.326403329234
4,1,2,10,1,1,1,10,512,100,5,0,0.0146048917195
2,1,2,10,10,0,1000,10,1024,100,2,29,0.758812979766
4,1,2,1000000,10,0,1,10,512,100,2,29,0.00515154362471
4,10,2,1000000,1,1,1,10,512,100,2,0,0.00291825482098
2,10,4,10,10,1,1,10,512,100,2,0,0.149863211061
4,10,2,10,1,1,1,1000,512,10000,5,0,0.014287601298
2,1,4,10,1,1,1,10,1024,100,2,29,0.0151523198287
4,10,2,1000000,1,1,1,1000,512,10000,2,29,0.00305443096755
4,1,4,10,10,1,1,10,1024,100,5,29,0.0813570770062
4,10,4,10,10,0,1000,1000,512,10000,2,29,0.443644182623
4,1,4,10,10,0,1,10,1024,100,2,0,0.145061640133
4,10,4,10,10,1,1,1000,512,10000,5,29,0.0782849431396
4,1,2,1000000,1,1,1000,1000,512,10000,5,29,1.49793761226e-05
2,10,2,1000000,1,0,1,10,1024,100,5,29,0.00105808865884
4,10,2,10,10,0,1,1000,512,10000,5,0,0.0800388919075
4,1,2,1000000,10,1,1,1000,512,10000,2,0,0.00525367573464
4,1,4,10,1,1,1000,1000,1024,10000,5,29,0.240286895906
4,10,2,1000000,1,0,1,10,1024,100,2,0,0.00286378436235
2,1,2,1000000,1,1,1000,10,1024,100,2,29,5.7193981559e-05
4,1,2,10,1,0,1,10,512,100,5,0,0.0146117005269
4,10,4,1000000,10,1,1,10,1024,100,2,29,0.000970935925038
4,1,4,10,10,1,1,1000,512,10000,5,29,0.081207283245
2,10,2,1000000,1,0,1,10,512,100,2,0,0.00259687911507
2,1,2,1000000,1,1,1,1000,1024,10000,5,0,0.000783012842772
2,10,4,10,10,1,1,1000,512,10000,2,0,0.149755631905
2,10,2,10,1,0,1,10,1024,100,2,29,0.0146294034259
4,10,2,10,1,0,1,10,512,100,2,0,0.0147288120129
2,1,2,1000000,1,0,1,1000,512,10000,2,29,0.00136312322716
4,1,4,10,1,1,1,10,1024,100,5,29,0.0146661709855
2,10,2,1000000,1,0,1000,1000,512,10000,5,29,0.000175667229074
2,10,2,10,10,0,1000,10,512,100,5,0,0.270726349948
4,10,2,10,10,1,1,1000,512,10000,5,29,0.0816416851526
4,10,4,10,10,0,1000,1000,512,10000,5,0,0.168552025416
2,1,2,10,1,1,1000,10,512,100,5,0,0.302173507475
4,1,2,10,1,1,1,10,1024,100,2,0,0.0148963086732
2,10,4,1000000,1,1,1000,10,1024,100,5,0,0.000253287632619
4,10,4,10,1,1,1000,10,1024,100,2,0,0.724116659381
2,10,2,1000000,1,0,1,1000,1024,10000,5,29,0.00105264161298
2,10,2,10,1,1,1000,1000,512,10000,5,29,0.284368476311
4,1,2,1000000,1,1,1000,1000,1024,10000,5,29,1.7702899054e-05
2,1,4,1000000,1,0,1,10,1024,100,5,0,0.000842930347263
2,1,4,10,10,0,1,10,512,100,2,29,0.149673926217
4,1,2,10,1,0,1,10,1024,100,2,29,0.0147751119027
4,10,2,10,10,0,1000,1000,512,10000,2,0,0.518967294575
4,1,4,1000000,10,0,1,1000,512,10000,2,0,0.00546202523889
4,1,4,10,1,0,1,10,1024,100,5,0,0.0144714390959
4,10,2,10,10,0,1000,1000,1024,10000,2,0,0.496549977327
4,10,4,10,1,1,1,10,512,100,2,0,0.0146702562699
2,1,2,1000000,1,1,1,10,512,100,5,29,0.000785736365704
2,1,2,10,10,1,1,10,512,100,2,29,0.149932660896
2,10,4,10,1,1,1,10,1024,100,2,29,0.0148037088935
4,1,4,1000000,1,1,1,1000,512,10000,2,29,0.00208485680397
4,1,2,10,10,0,1000,1000,512,10000,2,0,0.544580665983
2,10,2,10,1,1,1000,10,1024,100,2,0,0.777358809167
2,10,2,1000000,1,1,1,1000,512,10000,2,0,0.00246615001437
2,10,2,10,10,1,1,1000,1024,10000,2,0,0.14924905664
2,1,2,1000000,1,1,1,1000,512,10000,2,0,0.00139852902526
2,1,2,10,1,0,1,10,1024,100,2,0,0.0149943554987
4,10,2,10,1,1,1,1000,512,10000,5,29,0.014366583463
4,1,2,10,1,1,1000,10,1024,100,2,29,0.469754596966
2,1,2,1000000,1,0,1000,10,512,100,5,29,1.08940917255e-05
2,10,4,10,10,1,1000,10,512,100,2,29,0.742085101921
2,10,2,1000000,1,1,1000,1000,512,10000,5,0,6.80880732846e-05
4,10,2,10,10,1,1000,1000,1024,10000,2,0,0.511203892459
4,10,2,1000000,1,0,1,1000,1024,10000,2,0,0.00294821357322
4,10,2,1000000,1,1,1,1000,1024,10000,2,0,0.00276301401389
2,10,2,1000000,1,0,1000,1000,1024,10000,5,0,0.00128822634654
4,1,4,1000000,1,1,1000,1000,512,10000,2,29,2.31499449167e-05
4,1,2,1000000,1,1,1,10,1024,100,5,0,0.000649560219135
4,10,4,1000000,1,1,1000,1000,1024,10000,2,0,8.17056879415e-05
4,1,4,1000000,10,1,1,1000,1024,10000,2,29,0.00549743103699
4,10,4,10,10,0,1000,10,512,100,2,29,0.426353897293
2,1,4,10,1,1,1000,10,512,100,5,0,0.369689640944
4,10,4,10,10,0,1000,1000,1024,10000,5,0,0.185206368141
4,10,2,10,10,0,1,10,1024,100,2,29,0.145768394333
4,1,4,1000000,1,0,1000,1000,1024,10000,2,29,0.00218018010657
2,10,4,10,1,0,1000,1000,512,10000,5,29,0.308821626951
4,1,2,10,1,0,1000,1000,1024,10000,2,0,0.465313892827
2,1,2,10,1,1,1,10,512,100,5,29,0.0148009853706
2,10,2,10,1,0,1,1000,512,10000,2,0,0.0146294034259
4,1,4,1000000,1,0,1,10,512,100,5,29,0.000864718530714
4,10,2,10,1,0,1,10,1024,100,5,29,0.0143025806742
4,1,4,10,10,1,1000,1000,512,10000,2,0,0.48217113801
2,10,2,1000000,1,1,1000,10,1024,100,5,29,0.000262819962878
2,10,2,10,1,1,1,10,1024,100,5,0,0.0146498298479
2,10,2,10,10,1,1,1000,1024,10000,5,0,0.135143931378
4,1,4,10,1,0,1,1000,1024,10000,2,29,0.0147805589486
2,10,4,1000000,1,1,1,1000,512,10000,5,0,0.00103357695246
2,10,4,10,1,1,1,1000,1024,10000,2,29,0.0148486470219
4,1,2,10,10,1,1,10,1024,100,2,29,0.143289988466
2,1,4,10,1,1,1,10,512,100,2,29,0.0146593621782
2,10,4,10,1,0,1000,1000,512,10000,2,0,0.895412634151
2,10,2,1000000,1,1,1,1000,1024,10000,5,29,0.000998171154352
2,10,2,1000000,1,0,1000,10,512,100,2,0,0.000607345613698
4,10,2,10,10,1,1,1000,512,10000,5,0,0.0811432804561
4,10,4,10,1,1,1000,1000,512,10000,2,0,0.738397451872
4,10,2,10,10,1,1000,10,1024,100,5,29,0.192980664349
2,1,4,10,10,0,1000,1000,1024,10000,5,0,0.323645762266
2,10,4,1000000,1,0,1,1000,1024,10000,2,29,0.00246615001437
4,10,4,10,10,0,1,10,512,100,5,29,0.077277239655
4,1,2,10,10,1,1,1000,1024,10000,5,0,0.0880133670505
4,10,2,10,10,0,1000,1000,512,10000,5,0,0.197146292672
4,1,4,10,1,0,1000,1000,1024,10000,2,0,0.742192681077
4,10,2,1000000,1,0,1000,1000,512,10000,5,0,0.000717648292419
2,10,2,10,1,1,1,1000,1024,10000,5,29,0.0150597200491
4,10,4,10,10,1,1,1000,1024,10000,5,0,0.0790379972302
4,10,4,10,1,1,1000,10,512,100,2,0,0.726714900258
2,1,4,10,1,0,1,1000,512,10000,5,0,0.0150801464711
2,1,2,10,1,1,1,10,512,100,2,0,0.0151196375536
4,10,2,1000000,10,1,1,1000,1024,10000,5,29,0.000226052403305
2,10,4,10,1,0,1,10,1024,100,5,29,0.0145667623985
4,1,4,1000000,1,1,1000,1000,512,10000,5,29,0.000130729100706
2,10,4,10,1,0,1,10,512,100,2,29,0.0148568175907
4,1,4,10,10,0,1000,10,512,100,5,29,0.178319940409
4,1,4,10,10,0,1,10,512,100,5,29,0.0796371722751
4,1,4,10,10,0,1,1000,1024,10000,2,29,0.145110663546
2,1,2,10,10,0,1,10,1024,100,5,29,0.142305434926
2,10,4,10,1,1,1,1000,512,10000,2,0,0.0149003939576
2,1,4,10,1,1,1,1000,512,10000,5,0,0.0148799675356
2,10,2,10,1,1,1000,1000,512,10000,2,0,0.785892968272
2,1,2,1000000,1,1,1,10,1024,100,5,29,0.00075850113639
2,1,2,1000000,1,1,1000,1000,512,10000,2,0,0.000122558531912
4,1,2,10,10,0,1,1000,1024,10000,2,29,0.145302671912
4,1,2,10,10,1,1,1000,512,10000,2,29,0.14432492718
4,10,2,1000000,10,0,1,1000,512,10000,5,0,0.000201540696922
2,10,2,10,10,1,1,10,1024,100,5,29,0.135583780332
2,1,2,10,1,1,1,1000,512,10000,2,29,0.0152544519387
4,1,2,10,10,1,1000,1000,1024,10000,5,29,0.200738619419
4,1,4,10,1,1,1000,10,1024,100,2,0,0.718935157004
2,1,2,10,1,1,1,1000,1024,10000,2,29,0.0148268588384
2,10,2,1000000,1,0,1,1000,1024,10000,5,0,0.000976382970901
4,1,2,1000000,1,0,1000,10,1024,100,2,0,6.53645503532e-05
2,1,2,1000000,1,0,1,1000,1024,10000,2,29,0.00136857027302
4,10,2,10,10,1,1,1000,1024,10000,2,0,0.143550084906
4,1,2,1000000,1,0,1000,1000,1024,10000,2,0,0.00136993203449
4,10,4,10,1,0,1000,10,512,100,2,29,0.735413832501
2,10,4,10,10,0,1,10,512,100,5,29,0.134853876186
2,1,2,10,1,0,1000,1000,512,10000,2,29,0.863104843377
4,1,2,1000000,1,0,1,10,512,100,2,29,0.00329682450844
4,10,4,10,10,0,1000,10,512,100,2,0,0.413272816654
2,1,2,1000000,1,0,1,10,1024,100,5,29,0.000832036255537
2,10,4,10,10,1,1,1000,1024,10000,2,29,0.148709799099
4,1,2,1000000,1,0,1000,10,512,100,2,29,0.000559683962399
2,1,2,10,1,0,1,10,512,100,5,0,0.0150175054436
4,1,2,10,10,0,1000,10,1024,100,5,29,0.208231031003
2,10,4,10,10,1,1000,10,1024,100,5,0,0.339419045324
4,10,4,10,1,0,1,10,1024,100,2,0,0.0146525533708
4,1,4,1000000,1,0,1,1000,1024,10000,2,29,0.00196502179499
2,10,2,10,1,1,1,10,512,100,5,29,0.0150229524895
4,1,4,10,10,1,1000,1000,512,10000,2,29,0.459703435588
4,10,4,10,1,0,1,10,1024,100,5,0,0.0145027596096
2,1,4,10,10,0,1,10,512,100,5,29,0.138024056878
4,10,4,10,10,1,1,10,1024,100,2,0,0.143780222594
4,1,2,10,1,0,1000,1000,512,10000,5,29,0.235824403583
4,1,4,10,10,1,1000,10,512,100,5,29,0.175908260854
4,10,4,10,10,0,1000,10,512,100,5,0,0.179681701875
4,10,2,1000000,1,0,1,1000,512,10000,2,0,0.0029808958484
2,10,4,1000000,1,1,1000,1000,1024,10000,2,29,0.00332542149922
4,1,2,10,10,0,1000,1000,1024,10000,2,0,0.536351541446
2,1,4,10,1,1,1,1000,1024,10000,5,29,0.0149848231685
2,1,2,1000000,1,0,1,1000,512,10000,5,29,0.000810248072086
4,1,2,10,1,0,1000,10,1024,100,2,29,0.484517453016
2,1,4,10,10,0,1000,10,512,100,5,29,0.315574602059
4,10,4,10,1,0,1000,10,1024,100,2,0,0.695608183097
4,1,4,1000000,10,1,1,1000,1024,10000,2,0,0.00529452857861
2,10,2,10,10,1,1,10,512,100,5,0,0.134906984883
4,1,4,10,1,1,1000,10,512,100,5,0,0.238260594845
2,1,4,10,1,0,1,1000,512,10000,5,29,0.0148486470219
4,1,4,1000000,1,0,1,1000,1024,10000,5,0,0.000783012842772
4,1,2,10,1,1,1,10,1024,100,2,29,0.0148554558292
4,1,2,10,10,0,1,1000,1024,10000,5,29,0.0876361591246
4,1,4,10,10,0,1,10,1024,100,5,0,0.0804814643838
2,10,2,10,10,1,1000,1000,1024,10000,2,0,0.799272274673
4,10,2,10,1,0,1000,1000,512,10000,2,29,0.601702474184
4,10,2,10,1,0,1,1000,1024,10000,5,0,0.0141132958304
2,1,2,10,1,1,1,10,1024,100,2,0,0.0149058410035
4,1,2,10,1,1,1000,1000,1024,10000,5,29,0.232227991552
2,1,2,10,10,0,1,1000,512,10000,2,29,0.149820996455
4,1,2,1000000,1,0,1000,1000,1024,10000,5,29,8.17056879415e-06
4,1,2,10,1,1,1,1000,1024,10000,5,0,0.0145871888205
2,10,2,1000000,1,1,1000,10,1024,100,2,29,4.08528439707e-05
4,10,2,10,1,0,1000,1000,1024,10000,2,29,0.586281887347
2,1,2,10,10,1,1,1000,512,10000,2,29,0.149468300236
4,1,4,1000000,1,0,1,1000,512,10000,5,0,0.000821142163812
2,1,4,10,10,0,1000,1000,512,10000,2,0,0.455138811155
2,10,4,10,1,1,1000,1000,512,10000,2,0,0.896315482002
4,10,2,10,1,0,1000,10,512,100,5,0,0.204465760551
2,1,4,10,1,0,1,10,1024,100,2,0,0.0148908616273
2,10,4,10,1,0,1000,10,1024,100,5,0,0.30384983584
2,10,2,10,1,0,1,10,512,100,5,0,0.0148704352053
4,10,4,10,1,0,1000,1000,512,10000,2,0,0.709227159515
2,1,2,10,10,0,1,1000,1024,10000,5,29,0.142566893128
4,10,2,10,1,1,1000,1000,512,10000,5,0,0.201985992922
4,1,2,1000000,10,0,1,10,1024,100,5,0,2.72352293138e-06
4,10,2,1000000,1,1,1000,10,1024,100,5,29,0.000153879045623
2,10,4,10,1,0,1,1000,512,10000,2,29,0.0150283995354
4,10,4,10,10,0,1000,1000,1024,10000,2,0,0.43694295445
2,10,4,1000000,1,1,1,10,512,100,2,0,0.00250427933541
2,1,2,1000000,1,1,1000,10,512,100,2,29,0.0013495056125
4,1,4,10,1,0,1000,1000,1024,10000,2,29,0.719722255131
2,10,4,10,10,1,1000,1000,1024,10000,5,0,0.32848001547
2,10,2,10,10,1,1000,1000,1024,10000,2,29,0.739846366071
4,10,4,10,1,1,1000,10,1024,100,2,29,0.721348198321
4,1,2,10,10,0,1000,10,1024,100,5,0,0.206825693171
2,1,2,10,10,0,1000,10,1024,100,5,29,0.332463167757
2,10,2,10,10,0,1,1000,1024,10000,5,0,0.135519777543
4,10,2,1000000,1,0,1000,1000,1024,10000,2,29,0.00589642714644
2,1,4,10,10,0,1000,1000,1024,10000,2,29,0.801290405165
2,10,4,10,10,1,1,10,1024,100,2,0,0.150398383317
4,10,4,10,1,0,1000,1000,1024,10000,5,0,0.214959494405
2,1,4,10,1,1,1,1000,512,10000,2,29,0.0149357997557
4,1,4,10,10,0,1,10,512,100,2,0,0.14637846347
2,1,2,10,10,0,1000,10,512,100,5,0,0.204363628441
2,10,2,10,1,0,1000,1000,1024,10000,5,0,0.278203782156
4,10,2,1000000,10,0,1,1000,1024,10000,5,29,0.000592366237576
4,10,4,1000000,1,0,1,10,1024,100,5,29,0.000960041833312
4,1,4,1000000,1,1,1000,10,1024,100,5,29,0.000122558531912
4,10,4,1000000,10,1,1000,1000,1024,10000,2,0,0.000129367339241
4,10,4,1000000,1,0,1000,10,512,100,2,0,0.000114387963118
4,1,4,1000000,10,1,1,1000,1024,10000,5,29,8.17056879415e-06
2,1,2,1000000,1,0,1000,1000,512,10000,5,29,4.49381283678e-05
2,10,2,10,1,1,1,10,512,100,5,0,0.014746514912
4,10,4,10,1,0,1,1000,1024,10000,2,29,0.0148745204897
2,1,4,1000000,1,1,1,1000,1024,10000,2,0,0.00131137629146
2,1,4,10,1,0,1,1000,1024,10000,2,29,0.0151046581774
4,1,4,10,1,1,1,10,512,100,2,29,0.0144101598299
4,10,4,1000000,10,0,1,1000,1024,10000,5,29,0.0
4,10,4,1000000,10,1,1000,1000,512,10000,5,0,0.000472531228595
4,1,4,1000000,1,1,1000,10,512,100,5,0,1.90646605197e-05
4,1,4,10,10,0,1,10,1024,100,2,29,0.146159219874
4,1,4,1000000,1,1,1000,10,512,100,2,0,6.67263118189e-05
4,10,2,1000000,1,0,1,1000,512,10000,5,29,0.000870165576577
2,10,2,1000000,1,0,1,1000,512,10000,2,29,0.00250155581247
4,10,2,1000000,1,0,1000,1000,1024,10000,2,0,0.0036753941959
4,10,2,1000000,1,1,1,1000,1024,10000,5,29,0.00091646546641
4,10,4,1000000,1,0,1,10,1024,100,2,0,0.00232725034487
4,1,2,1000000,1,0,1,10,1024,100,5,29,0.000690413063105
2,1,2,10,10,0,1000,10,1024,100,5,0,0.333179454288
4,1,2,10,10,1,1000,1000,512,10000,5,0,0.20873896803
2,10,2,10,10,1,1000,1000,512,10000,5,29,0.280537841308
2,1,4,10,1,0,1000,1000,512,10000,5,29,0.370629256356
2,10,4,10,1,0,1000,10,1024,100,5,29,0.307363180421
2,10,2,10,10,0,1,1000,512,10000,2,0,0.148562728861
4,10,4,1000000,10,0,1,1000,512,10000,2,0,2.31499449167e-05
2,10,4,10,10,0,1,10,1024,100,2,29,0.148873210475
2,1,2,10,10,1,1000,1000,512,10000,2,29,0.771711584369
2,10,4,10,10,1,1,10,1024,100,5,0,0.132562031639
4,10,2,10,1,0,1,1000,512,10000,2,0,0.0149330762328
2,1,2,10,10,1,1000,1000,1024,10000,5,0,0.336333293842
2,1,4,10,1,0,1,10,1024,100,2,29,0.0150787847096
2,1,2,10,1,1,1,10,1024,100,5,0,0.0150283995354
4,1,4,10,1,1,1000,10,512,100,5,29,0.244024931129
4,10,2,10,1,1,1,10,512,100,5,29,0.0143148365273
4,1,2,10,10,0,1,10,512,100,2,29,0.144850567106
2,10,4,1000000,1,0,1000,10,1024,100,5,29,2.72352293138e-05
2,10,2,1000000,1,1,1,1000,512,10000,5,29,0.000984553539695
2,10,4,10,1,1,1000,1000,512,10000,2,29,0.894173431217
4,1,4,10,10,1,1,1000,512,10000,2,29,0.143545999621
2,1,4,1000000,1,1,1,10,1024,100,2,0,0.0013495056125
4,1,4,10,10,0,1000,1000,512,10000,2,0,0.493398861295
4,1,4,1000000,1,0,1000,10,1024,100,5,0,0.000198817173991
4,10,2,1000000,10,1,1000,1000,1024,10000,2,0,4.08528439707e-05
4,1,2,10,10,1,1000,1000,1024,10000,2,0,0.54452211024
4,10,2,1000000,1,1,1,1000,512,10000,5,29,0.000851100916057
4,1,4,1000000,1,1,1,1000,512,10000,5,29,0.000815695117949
2,10,2,10,1,1,1,10,512,100,2,0,0.0148527323063
4,1,4,10,1,0,1000,1000,512,10000,2,0,0.752529812363
2,1,2,1000000,1,0,1000,10,512,100,2,29,0.000644113173272
2,1,4,10,10,1,1,10,1024,100,2,0,0.150124669262
4,10,4,10,10,1,1,1000,512,10000,2,0,0.141127511258
2,10,4,1000000,1,0,1,10,512,100,5,0,0.00100906524608
4,10,2,1000000,10,1,1,10,1024,100,2,29,0.00103085342953
2,10,2,10,10,1,1000,1000,1024,10000,5,29,0.275378127115
2,10,4,10,10,0,1000,1000,1024,10000,5,29,0.326084677051
4,10,4,10,1,0,1000,1000,1024,10000,5,29,0.217802852346
2,10,2,10,10,0,1000,1000,1024,10000,2,0,0.8307194322
2,10,4,10,1,1,1,10,512,100,2,0,0.0147546854808
4,10,2,10,1,0,1000,1000,1024,10000,2,0,0.603760095759
4,1,2,1000000,1,1,1,10,512,100,2,0,0.00328320689378
