min_child_weight,nthread,n_estimators,max_depth,learning_rate,max_delta_step,subsample,colsample_bytree,lambda,alpha,scale_pos_weight,$<training_time
0,0,0,0,0,0,0,0,0,0,0,20.88777137
0,0,0,0,0,0,0,0,0,0,1,20.9043541
0,0,0,0,0,0,0,0,0,1,0,20.92098212
0,0,0,0,0,0,0,0,0,1,1,20.84312582
0,0,0,0,0,0,0,0,1,0,0,21.04813671
0,0,0,0,0,0,0,0,1,0,1,20.90362644
0,0,0,0,0,0,0,0,1,1,0,20.82934475
0,0,0,0,0,0,0,0,1,1,1,20.91200352
0,0,0,0,0,0,0,1,0,0,0,32.92652321
0,0,0,0,0,0,0,1,0,0,1,33.05803585
0,0,0,0,0,0,0,1,0,1,0,32.97724676
0,0,0,0,0,0,0,1,0,1,1,32.98875356
0,0,0,0,0,0,0,1,1,0,0,32.96360779
0,0,0,0,0,0,0,1,1,0,1,32.97784853
0,0,0,0,0,0,0,1,1,1,0,33.01513505
0,0,0,0,0,0,0,1,1,1,1,33.10686898
0,0,0,0,0,0,1,0,0,0,0,15.70407653
0,0,0,0,0,0,1,0,0,0,1,15.77595735
0,0,0,0,0,0,1,0,0,1,0,15.74198055
0,0,0,0,0,0,1,0,0,1,1,15.73501873
0,0,0,0,0,0,1,0,1,0,0,15.69059682
0,0,0,0,0,0,1,0,1,0,1,15.819489
0,0,0,0,0,0,1,0,1,1,0,15.72613668
0,0,0,0,0,0,1,0,1,1,1,15.70260811
0,0,0,0,0,0,1,1,0,0,0,24.50927472
0,0,0,0,0,0,1,1,0,0,1,24.48175621
0,0,0,0,0,0,1,1,0,1,0,24.45464516
0,0,0,0,0,0,1,1,0,1,1,24.47788048
0,0,0,0,0,0,1,1,1,0,0,24.52909756
0,0,0,0,0,0,1,1,1,0,1,24.75097466
0,0,0,0,0,0,1,1,1,1,0,24.55095935
0,0,0,0,0,0,1,1,1,1,1,24.59559917
0,0,0,0,0,1,0,0,0,0,0,20.92851591
0,0,0,0,0,1,0,0,0,0,1,20.96988106
0,0,0,0,0,1,0,0,0,1,0,21.01486111
0,0,0,0,0,1,0,0,0,1,1,20.98755956
0,0,0,0,0,1,0,0,1,0,0,20.90679121
0,0,0,0,0,1,0,0,1,0,1,20.93926668
0,0,0,0,0,1,0,0,1,1,0,21.025805
0,0,0,0,0,1,0,0,1,1,1,20.96037102
0,0,0,0,0,1,0,1,0,0,0,33.15916204
0,0,0,0,0,1,0,1,0,0,1,33.08983135
0,0,0,0,0,1,0,1,0,1,0,33.15105295
0,0,0,0,0,1,0,1,0,1,1,33.29036403
0,0,0,0,0,1,0,1,1,0,0,33.06587911
0,0,0,0,0,1,0,1,1,0,1,33.03651333
0,0,0,0,0,1,0,1,1,1,0,33.21358466
0,0,0,0,0,1,0,1,1,1,1,33.08991337
0,0,0,0,0,1,1,0,0,0,0,15.79818797
0,0,0,0,0,1,1,0,0,0,1,15.86494422
0,0,0,0,0,1,1,0,0,1,0,15.8864615
0,0,0,0,0,1,1,0,0,1,1,15.81305981
0,0,0,0,0,1,1,0,1,0,0,15.74738407
0,0,0,0,0,1,1,0,1,0,1,15.94179201
0,0,0,0,0,1,1,0,1,1,0,15.86034989
0,0,0,0,0,1,1,0,1,1,1,15.86709023
0,0,0,0,0,1,1,1,0,0,0,24.57546735
0,0,0,0,0,1,1,1,0,0,1,24.52721643
0,0,0,0,0,1,1,1,0,1,0,24.73493576
0,0,0,0,0,1,1,1,0,1,1,24.60527968
0,0,0,0,0,1,1,1,1,0,0,24.60284448
0,0,0,0,0,1,1,1,1,0,1,24.59491062
0,0,0,0,0,1,1,1,1,1,0,24.6598177
0,0,0,0,0,1,1,1,1,1,1,24.6595757
0,0,0,0,1,0,0,0,0,0,0,20.74665308
0,0,0,0,1,0,0,0,0,0,1,54.25112271
0,0,0,0,1,0,0,0,0,1,0,108.2278111
0,0,0,0,1,0,0,0,0,1,1,108.6326365
0,0,0,0,1,0,0,0,1,0,0,108.2394938
0,0,0,0,1,0,0,0,1,0,1,108.4588869
0,0,0,0,1,0,0,0,1,1,0,108.4622955
0,0,0,0,1,0,0,0,1,1,1,108.331743
0,0,0,0,1,0,0,1,0,0,0,171.1630819
0,0,0,0,1,0,0,1,0,0,1,171.8301644
0,0,0,0,1,0,0,1,0,1,0,171.6818719
0,0,0,0,1,0,0,1,0,1,1,171.9117219
0,0,0,0,1,0,0,1,1,0,0,171.7325349
0,0,0,0,1,0,0,1,1,0,1,173.28302
0,0,0,0,1,0,0,1,1,1,0,171.6351585
0,0,0,0,1,0,0,1,1,1,1,172.3400764
0,0,0,0,1,0,1,0,0,0,0,83.0508635
0,0,0,0,1,0,1,0,0,0,1,82.59787822
0,0,0,0,1,0,1,0,0,1,0,82.69836211
0,0,0,0,1,0,1,0,0,1,1,82.72663283
0,0,0,0,1,0,1,0,1,0,0,82.65703559
0,0,0,0,1,0,1,0,1,0,1,82.66135263
0,0,0,0,1,0,1,0,1,1,0,82.92495918
0,0,0,0,1,0,1,0,1,1,1,83.1553297
0,0,0,0,1,0,1,1,0,0,0,128.5184557
0,0,0,0,1,0,1,1,0,0,1,128.0825498
0,0,0,0,1,0,1,1,0,1,0,128.5298967
0,0,0,0,1,0,1,1,0,1,1,128.9411876
0,0,0,0,1,0,1,1,1,0,0,127.9745784
0,0,0,0,1,0,1,1,1,0,1,128.0958416
0,0,0,0,1,0,1,1,1,1,0,128.3669546
0,0,0,0,1,0,1,1,1,1,1,128.5926991
0,0,0,0,1,1,0,0,0,0,0,108.348115
0,0,0,0,1,1,0,0,0,0,1,108.3218629
0,0,0,0,1,1,0,0,0,1,0,108.2424023
0,0,0,0,1,1,0,0,0,1,1,107.9723315
0,0,0,0,1,1,0,0,1,0,0,108.0868065
0,0,0,0,1,1,0,0,1,0,1,108.5456638
0,0,0,0,1,1,0,0,1,1,0,68.99467683
0,0,0,0,1,1,0,0,1,1,1,108.4222753
0,0,0,0,1,1,0,1,0,0,0,171.4083662
0,0,0,0,1,1,0,1,0,0,1,170.6471374
0,0,0,0,1,1,0,1,0,1,0,171.335228
0,0,0,0,1,1,0,1,0,1,1,171.1480751
0,0,0,0,1,1,0,1,1,0,0,170.6026511
0,0,0,0,1,1,0,1,1,0,1,170.8111842
0,0,0,0,1,1,0,1,1,1,0,171.076329
0,0,0,0,1,1,0,1,1,1,1,171.4220424
0,0,0,0,1,1,1,0,0,0,0,82.97139645
0,0,0,0,1,1,1,0,0,0,1,82.73044133
0,0,0,0,1,1,1,0,0,1,0,83.10394669
0,0,0,0,1,1,1,0,0,1,1,82.89471626
0,0,0,0,1,1,1,0,1,0,0,82.80312109
0,0,0,0,1,1,1,0,1,0,1,82.74732542
0,0,0,0,1,1,1,0,1,1,0,83.33897901
0,0,0,0,1,1,1,0,1,1,1,83.09317565
0,0,0,0,1,1,1,1,0,0,0,128.5362976
0,0,0,0,1,1,1,1,0,0,1,128.5958021
0,0,0,0,1,1,1,1,0,1,0,129.1361754
0,0,0,0,1,1,1,1,0,1,1,128.8473549
0,0,0,0,1,1,1,1,1,0,0,128.7022073
0,0,0,0,1,1,1,1,1,0,1,92.61269212
0,0,0,0,1,1,1,1,1,1,0,124.6437747
0,0,0,0,1,1,1,1,1,1,1,129.3396389
0,0,0,1,0,0,0,0,0,0,0,391.8646843
0,0,0,1,0,0,0,0,0,0,1,390.648155
0,0,0,1,0,0,0,0,0,1,0,372.9569809
0,0,0,1,0,0,0,0,0,1,1,371.3406568
0,0,0,1,0,0,0,0,1,0,0,372.2858586
0,0,0,1,0,0,0,0,1,0,1,371.5222261
0,0,0,1,0,0,0,0,1,1,0,372.0541313
0,0,0,1,0,0,0,0,1,1,1,329.1082675
0,0,0,1,0,0,0,1,0,0,0,698.1503153
0,0,0,1,0,0,0,1,0,0,1,698.1437631
0,0,0,1,0,0,0,1,0,1,0,670.3544996
0,0,0,1,0,0,0,1,0,1,1,626.9561281
0,0,0,1,0,0,0,1,1,0,0,665.7452319
0,0,0,1,0,0,0,1,1,0,1,666.4797833
0,0,0,1,0,0,0,1,1,1,0,664.8141184
0,0,0,1,0,0,0,1,1,1,1,670.7250538
0,0,0,1,0,0,1,0,0,0,0,252.2434552
0,0,0,1,0,0,1,0,0,0,1,294.0574172
0,0,0,1,0,0,1,0,0,1,0,295.9874964
0,0,0,1,0,0,1,0,0,1,1,295.841501
0,0,0,1,0,0,1,0,1,0,0,294.0038285
0,0,0,1,0,0,1,0,1,0,1,293.7362761
0,0,0,1,0,0,1,0,1,1,0,295.43273
0,0,0,1,0,0,1,0,1,1,1,297.637532
0,0,0,1,0,0,1,1,0,0,0,518.6220186
0,0,0,1,0,0,1,1,0,0,1,476.5164399
0,0,0,1,0,0,1,1,0,1,0,521.4213965
0,0,0,1,0,0,1,1,0,1,1,521.1499374
0,0,0,1,0,0,1,1,1,0,0,515.018266
0,0,0,1,0,0,1,1,1,0,1,516.2915244
0,0,0,1,0,0,1,1,1,1,0,522.480866
0,0,0,1,0,0,1,1,1,1,1,480.1410971
0,0,0,1,0,1,0,0,0,0,0,390.7344649
0,0,0,1,0,1,0,0,0,0,1,391.4289286
0,0,0,1,0,1,0,0,0,1,0,372.6211233
0,0,0,1,0,1,0,0,0,1,1,372.5401363
0,0,0,1,0,1,0,0,1,0,0,372.1104093
0,0,0,1,0,1,0,0,1,0,1,371.5738823
0,0,0,1,0,1,0,0,1,1,0,371.4079165
0,0,0,1,0,1,0,0,1,1,1,329.1611879
0,0,0,1,0,1,0,1,0,0,0,701.3231993
0,0,0,1,0,1,0,1,0,0,1,698.0121517
0,0,0,1,0,1,0,1,0,1,0,669.1609981
0,0,0,1,0,1,0,1,0,1,1,669.1997519
0,0,0,1,0,1,0,1,1,0,0,630.210269
0,0,0,1,0,1,0,1,1,0,1,668.5245824
0,0,0,1,0,1,0,1,1,1,0,667.8940425
0,0,0,1,0,1,0,1,1,1,1,668.8258631
0,0,0,1,0,1,1,0,0,0,0,297.847224
0,0,0,1,0,1,1,0,0,0,1,299.0243936
0,0,0,1,0,1,1,0,0,1,0,258.7484231
0,0,0,1,0,1,1,0,0,1,1,301.1256306
0,0,0,1,0,1,1,0,1,0,0,296.7413471
0,0,0,1,0,1,1,0,1,0,1,297.3681586
0,0,0,1,0,1,1,0,1,1,0,298.8833585
0,0,0,1,0,1,1,0,1,1,1,300.4942358
0,0,0,1,0,1,1,1,0,0,0,523.138499
0,0,0,1,0,1,1,1,0,0,1,492.4495344
0,0,0,1,0,1,1,1,0,1,0,527.4090769
0,0,0,1,0,1,1,1,0,1,1,529.2025895
0,0,0,1,0,1,1,1,1,0,0,523.6722934
0,0,0,1,0,1,1,1,1,0,1,521.6524136
0,0,0,1,0,1,1,1,1,1,0,529.2397823
0,0,0,1,0,1,1,1,1,1,1,529.4017158
0,0,0,1,1,0,0,0,0,0,0,348.8717699
0,0,0,1,1,0,0,0,0,0,1,391.5277789
0,0,0,1,1,0,0,0,0,1,0,374.3663955
0,0,0,1,1,0,0,0,0,1,1,373.4310732
0,0,0,1,1,0,0,0,1,0,0,380.7919645
0,0,0,1,1,0,0,0,1,0,1,380.1484783
0,0,0,1,1,0,0,0,1,1,0,373.459028
0,0,0,1,1,0,0,0,1,1,1,372.35007
0,0,0,1,1,0,0,1,0,0,0,674.4098752
0,0,0,1,1,0,0,1,0,0,1,713.1365404
0,0,0,1,1,0,0,1,0,1,0,668.6107929
0,0,0,1,1,0,0,1,0,1,1,667.0412626
0,0,0,1,1,0,0,1,1,0,0,642.2920184
0,0,0,1,1,0,0,1,1,0,1,683.6333916
0,0,0,1,1,0,0,1,1,1,0,666.7886162
0,0,0,1,1,0,0,1,1,1,1,665.69699
0,0,0,1,1,0,1,0,0,0,0,305.5424709
0,0,0,1,1,0,1,0,0,0,1,331.4508209
0,0,0,1,1,0,1,0,0,1,0,246.9529467
0,0,0,1,1,0,1,0,0,1,1,290.4983876
0,0,0,1,1,0,1,0,1,0,0,290.0149746
0,0,0,1,1,0,1,0,1,0,1,289.6899476
0,0,0,1,1,0,1,0,1,1,0,289.6870391
0,0,0,1,1,0,1,0,1,1,1,289.1419554
0,0,0,1,1,0,1,1,0,0,0,527.0189316
0,0,0,1,1,0,1,1,0,0,1,526.283601
0,0,0,1,1,0,1,1,0,1,0,473.4697282
0,0,0,1,1,0,1,1,0,1,1,515.1045301
0,0,0,1,1,0,1,1,1,0,0,516.0033827
0,0,0,1,1,0,1,1,1,0,1,515.5501268
0,0,0,1,1,0,1,1,1,1,0,515.2602208
0,0,0,1,1,0,1,1,1,1,1,514.5990248
0,0,0,1,1,1,0,0,0,0,0,354.006789
0,0,0,1,1,1,0,0,0,0,1,394.0278809
0,0,0,1,1,1,0,0,0,1,0,376.3231101
0,0,0,1,1,1,0,0,0,1,1,375.7431881
0,0,0,1,1,1,0,0,1,0,0,381.4962678
0,0,0,1,1,1,0,0,1,0,1,383.0993328
0,0,0,1,1,1,0,0,1,1,0,375.4877377
0,0,0,1,1,1,0,0,1,1,1,375.110059
0,0,0,1,1,1,0,1,0,0,0,671.2126403
0,0,0,1,1,1,0,1,0,0,1,713.8370149
0,0,0,1,1,1,0,1,0,1,0,671.0493612
0,0,0,1,1,1,0,1,0,1,1,672.5369585
0,0,0,1,1,1,0,1,1,0,0,646.898169
0,0,0,1,1,1,0,1,1,0,1,688.9988492
0,0,0,1,1,1,0,1,1,1,0,672.7803369
0,0,0,1,1,1,0,1,1,1,1,670.327004
0,0,0,1,1,1,1,0,0,0,0,297.7051635
0,0,0,1,1,1,1,0,0,0,1,298.6741011
0,0,0,1,1,1,1,0,0,1,0,294.0390604
0,0,0,1,1,1,1,0,0,1,1,251.8680208
0,0,0,1,1,1,1,0,1,0,0,292.9839585
0,0,0,1,1,1,1,0,1,0,1,294.2844625
0,0,0,1,1,1,1,0,1,1,0,293.2850444
0,0,0,1,1,1,1,0,1,1,1,292.7700548
0,0,0,1,1,1,1,1,0,0,0,534.4777889
0,0,0,1,1,1,1,1,0,0,1,529.781842
0,0,0,1,1,1,1,1,0,1,0,495.9674788
0,0,0,1,1,1,1,1,0,1,1,510.1849368
0,0,0,1,1,1,1,1,1,0,0,521.0105686
0,0,0,1,1,1,1,1,1,0,1,520.0983679
0,0,0,1,1,1,1,1,1,1,0,522.7318277
0,0,0,1,1,1,1,1,1,1,1,524.0593846
0,0,1,0,0,0,0,0,0,0,0,54.26956224
0,0,1,0,0,0,0,0,0,0,1,54.15805221
0,0,1,0,0,0,0,0,0,1,0,54.13896394
0,0,1,0,0,0,0,0,0,1,1,54.24804163
0,0,1,0,0,0,0,0,1,0,0,54.21656084
0,0,1,0,0,0,0,0,1,0,1,54.66320491
0,0,1,0,0,0,0,0,1,1,0,28.58326316
0,0,1,0,0,0,0,0,1,1,1,39.23490381
0,0,1,0,0,0,0,1,0,0,0,84.96399045
0,0,1,0,0,0,0,1,0,0,1,85.24134731
0,0,1,0,0,0,0,1,0,1,0,85.18802261
0,0,1,0,0,0,0,1,0,1,1,85.07575965
0,0,1,0,0,0,0,1,1,0,0,85.34203959
0,0,1,0,0,0,0,1,1,0,1,84.90367603
0,0,1,0,0,0,0,1,1,1,0,85.4859283
0,0,1,0,0,0,0,1,1,1,1,85.22589803
0,0,1,0,0,0,1,0,0,0,0,41.33782649
0,0,1,0,0,0,1,0,0,0,1,41.45231652
0,0,1,0,0,0,1,0,0,1,0,41.50467181
0,0,1,0,0,0,1,0,0,1,1,41.48050809
0,0,1,0,0,0,1,0,1,0,0,41.28317618
0,0,1,0,0,0,1,0,1,0,1,41.96182919
0,0,1,0,0,0,1,0,1,1,0,41.60540438
0,0,1,0,0,0,1,0,1,1,1,41.77848601
0,0,1,0,0,0,1,1,0,0,0,64.01326299
0,0,1,0,0,0,1,1,0,0,1,64.60183072
0,0,1,0,0,0,1,1,0,1,0,63.87431931
0,0,1,0,0,0,1,1,0,1,1,64.0065825
0,0,1,0,0,0,1,1,1,0,0,64.00966144
0,0,1,0,0,0,1,1,1,0,1,63.81359291
0,0,1,0,0,0,1,1,1,1,0,64.43744969
0,0,1,0,0,0,1,1,1,1,1,65.64000416
0,0,1,0,0,1,0,0,0,0,0,54.29368663
0,0,1,0,0,1,0,0,0,0,1,54.32886124
0,0,1,0,0,1,0,0,0,1,0,54.3698597
0,0,1,0,0,1,0,0,0,1,1,54.48426843
0,0,1,0,0,1,0,0,1,0,0,54.41778708
0,0,1,0,0,1,0,0,1,0,1,54.46958137
0,0,1,0,0,1,0,0,1,1,0,54.58214021
0,0,1,0,0,1,0,0,1,1,1,54.47520423
0,0,1,0,0,1,0,1,0,0,0,85.48400092
0,0,1,0,0,1,0,1,0,0,1,85.5952208
0,0,1,0,0,1,0,1,0,1,0,85.60252881
0,0,1,0,0,1,0,1,0,1,1,86.30611396
0,0,1,0,0,1,0,1,1,0,0,85.52092981
0,0,1,0,0,1,0,1,1,0,1,85.60646963
0,0,1,0,0,1,0,1,1,1,0,85.80330205
0,0,1,0,0,1,0,1,1,1,1,85.67691398
0,0,1,0,0,1,1,0,0,0,0,41.8477447
0,0,1,0,0,1,1,0,0,0,1,41.8314774
0,0,1,0,0,1,1,0,0,1,0,41.97454238
0,0,1,0,0,1,1,0,0,1,1,41.88343477
0,0,1,0,0,1,1,0,1,0,0,41.67792296
0,0,1,0,0,1,1,0,1,0,1,41.62821364
0,0,1,0,0,1,1,0,1,1,0,41.65727258
0,0,1,0,0,1,1,0,1,1,1,42.03422737
0,0,1,0,0,1,1,1,0,0,0,63.81502867
0,0,1,0,0,1,1,1,0,0,1,64.00388241
0,0,1,0,0,1,1,1,0,1,0,64.17099643
0,0,1,0,0,1,1,1,0,1,1,22.77025032
0,0,1,0,0,1,1,1,1,0,0,65.36713004
0,0,1,0,0,1,1,1,1,0,1,63.94373155
0,0,1,0,0,1,1,1,1,1,0,64.10188699
0,0,1,0,0,1,1,1,1,1,1,64.11994529
0,0,1,0,1,0,0,0,0,0,0,53.98596025
0,0,1,0,1,0,0,0,0,0,1,54.00464797
0,0,1,0,1,0,0,0,0,1,0,53.88408947
0,0,1,0,1,0,0,0,0,1,1,53.84082627
0,0,1,0,1,0,0,0,1,0,0,53.81713653
0,0,1,0,1,0,0,0,1,0,1,53.89546299
0,0,1,0,1,0,0,0,1,1,0,53.92308426
0,0,1,0,1,0,0,0,1,1,1,53.95861006
0,0,1,0,1,0,0,1,0,0,0,86.09015274
0,0,1,0,1,0,0,1,0,0,1,84.69222617
0,0,1,0,1,0,0,1,0,1,0,85.19389391
0,0,1,0,1,0,0,1,0,1,1,85.18187547
0,0,1,0,1,0,0,1,1,0,0,85.06864142
0,0,1,0,1,0,0,1,1,0,1,85.30901551
0,0,1,0,1,0,0,1,1,1,0,86.02295613
0,0,1,0,1,0,0,1,1,1,1,85.2718091
0,0,1,0,1,0,1,0,0,0,0,41.25661111
0,0,1,0,1,0,1,0,0,0,1,41.33548522
0,0,1,0,1,0,1,0,0,1,0,41.4263649
0,0,1,0,1,0,1,0,0,1,1,41.24526072
0,0,1,0,1,0,1,0,1,0,0,41.14708805
0,0,1,0,1,0,1,0,1,0,1,41.40342999
0,0,1,0,1,0,1,0,1,1,0,41.33020592
0,0,1,0,1,0,1,0,1,1,1,41.38823867
0,0,1,0,1,0,1,1,0,0,0,64.28357911
0,0,1,0,1,0,1,1,0,0,1,64.22572541
0,0,1,0,1,0,1,1,0,1,0,64.6651001
0,0,1,0,1,0,1,1,0,1,1,64.35030746
0,0,1,0,1,0,1,1,1,0,0,65.65221071
0,0,1,0,1,0,1,1,1,0,1,63.84901452
0,0,1,0,1,0,1,1,1,1,0,63.54925704
0,0,1,0,1,0,1,1,1,1,1,63.58523941
0,0,1,0,1,1,0,0,0,0,0,54.23315263
0,0,1,0,1,1,0,0,0,0,1,54.03675103
0,0,1,0,1,1,0,0,0,1,0,54.20024467
0,0,1,0,1,1,0,0,0,1,1,54.16117477
0,0,1,0,1,1,0,0,1,0,0,54.1482234
0,0,1,0,1,1,0,0,1,0,1,54.02778149
0,0,1,0,1,1,0,0,1,1,0,54.23913836
0,0,1,0,1,1,0,0,1,1,1,54.32352233
0,0,1,0,1,1,0,1,0,0,0,85.38889265
0,0,1,0,1,1,0,1,0,0,1,85.54786348
0,0,1,0,1,1,0,1,0,1,0,85.58579373
0,0,1,0,1,1,0,1,0,1,1,44.06978869
0,0,1,0,1,1,0,1,1,0,0,85.71043944
0,0,1,0,1,1,0,1,1,0,1,85.49032307
0,0,1,0,1,1,0,1,1,1,0,85.6697104
0,0,1,0,1,1,0,1,1,1,1,85.59684515
0,0,1,0,1,1,1,0,0,0,0,41.31270456
0,0,1,0,1,1,1,0,0,0,1,41.44384742
0,0,1,0,1,1,1,0,0,1,0,41.54321861
0,0,1,0,1,1,1,0,0,1,1,41.59993911
0,0,1,0,1,1,1,0,1,0,0,41.51608515
0,0,1,0,1,1,1,0,1,0,1,41.73257089
0,0,1,0,1,1,1,0,1,1,0,41.59847879
0,0,1,0,1,1,1,0,1,1,1,41.68336463
0,0,1,0,1,1,1,1,0,0,0,64.13486814
0,0,1,0,1,1,1,1,0,0,1,64.51128936
0,0,1,0,1,1,1,1,0,1,0,64.75572824
0,0,1,0,1,1,1,1,0,1,1,64.47241807
0,0,1,0,1,1,1,1,1,0,0,64.20994902
0,0,1,0,1,1,1,1,1,0,1,64.60239005
0,0,1,0,1,1,1,1,1,1,0,64.91699862
0,0,1,0,1,1,1,1,1,1,1,69.58129072
0,0,1,1,0,0,0,0,0,0,0,206.9334154
0,0,1,1,0,0,0,0,0,0,1,316.5099671
0,0,1,1,0,0,0,0,0,1,0,183.7713273
0,0,1,1,0,0,0,0,0,1,1,183.9217675
0,0,1,1,0,0,0,0,1,0,0,186.031472
0,0,1,1,0,0,0,0,1,0,1,186.6967409
0,0,1,1,0,0,0,0,1,1,0,153.1720717
0,0,1,1,0,0,0,0,1,1,1,177.2466908
0,0,1,1,0,0,0,1,0,0,0,349.9541392
0,0,1,1,0,0,0,1,0,0,1,349.9002097
0,0,1,1,0,0,0,1,0,1,0,321.0098848
0,0,1,1,0,0,0,1,0,1,1,321.2416017
0,0,1,1,0,0,0,1,1,0,0,323.7503188
0,0,1,1,0,0,0,1,1,0,1,324.2086368
0,0,1,1,0,0,0,1,1,1,0,320.8350208
0,0,1,1,0,0,0,1,1,1,1,320.4048882
0,0,1,1,0,0,1,0,0,0,0,143.7646809
0,0,1,1,0,0,1,0,0,0,1,117.3791311
0,0,1,1,0,0,1,0,0,1,0,147.47858
0,0,1,1,0,0,1,0,0,1,1,148.9198911
0,0,1,1,0,0,1,0,1,0,0,147.7332225
0,0,1,1,0,0,1,0,1,0,1,147.3258286
0,0,1,1,0,0,1,0,1,1,0,147.6949883
0,0,1,1,0,0,1,0,1,1,1,147.9403768
0,0,1,1,0,0,1,1,0,0,0,262.6257601
0,0,1,1,0,0,1,1,0,0,1,262.5688202
0,0,1,1,0,0,1,1,0,1,0,258.6999233
0,0,1,1,0,0,1,1,0,1,1,259.0614691
0,0,1,1,0,0,1,1,1,0,0,256.8993762
0,0,1,1,0,0,1,1,1,0,1,258.5268574
0,0,1,1,0,0,1,1,1,1,0,258.9245489
0,0,1,1,0,0,1,1,1,1,1,216.9211006
0,0,1,1,0,1,0,0,0,0,0,200.6205561
0,0,1,1,0,1,0,0,0,0,1,200.6691093
0,0,1,1,0,1,0,0,0,1,0,103.2107067
0,0,1,1,0,1,0,0,0,1,1,34.81646395
0,0,1,1,0,1,0,0,1,0,0,169.187263
0,0,1,1,0,1,0,0,1,0,1,122.7765822
0,0,1,1,0,1,0,0,1,1,0,185.0320215
0,0,1,1,0,1,0,0,1,1,1,184.7432172
0,0,1,1,0,1,0,1,0,0,0,351.3591125
0,0,1,1,0,1,0,1,0,0,1,381.5462477
0,0,1,1,0,1,0,1,0,1,0,322.6045542
0,0,1,1,0,1,0,1,0,1,1,322.9251225
0,0,1,1,0,1,0,1,1,0,0,324.7548518
0,0,1,1,0,1,0,1,1,0,1,325.008621
0,0,1,1,0,1,0,1,1,1,0,322.2505879
0,0,1,1,0,1,0,1,1,1,1,322.9026899
0,0,1,1,0,1,1,0,0,0,0,149.578018
0,0,1,1,0,1,1,0,0,0,1,149.8440781
0,0,1,1,0,1,1,0,0,1,0,149.2522492
0,0,1,1,0,1,1,0,0,1,1,149.9621329
0,0,1,1,0,1,1,0,1,0,0,149.147902
0,0,1,1,0,1,1,0,1,0,1,149.140394
0,0,1,1,0,1,1,0,1,1,0,151.7127805
0,0,1,1,0,1,1,0,1,1,1,150.3772936
0,0,1,1,0,1,1,1,0,0,0,268.4775512
0,0,1,1,0,1,1,1,0,0,1,266.5985188
0,0,1,1,0,1,1,1,0,1,0,262.6851943
0,0,1,1,0,1,1,1,0,1,1,263.4357128
0,0,1,1,0,1,1,1,1,0,0,259.7798464
0,0,1,1,0,1,1,1,1,0,1,260.3590212
0,0,1,1,0,1,1,1,1,1,0,263.3334138
0,0,1,1,0,1,1,1,1,1,1,263.1524227
0,0,1,1,1,0,0,0,0,0,0,197.2140696
0,0,1,1,1,0,0,0,0,0,1,197.3072762
0,0,1,1,1,0,0,0,0,1,0,187.8878133
0,0,1,1,1,0,0,0,0,1,1,187.7753012
0,0,1,1,1,0,0,0,1,0,0,190.5275762
0,0,1,1,1,0,0,0,1,0,1,190.2408051
0,0,1,1,1,0,0,0,1,1,0,187.0237453
0,0,1,1,1,0,0,0,1,1,1,187.19256
0,0,1,1,1,0,0,1,0,0,0,357.03953
0,0,1,1,1,0,0,1,0,0,1,356.181896
0,0,1,1,1,0,0,1,0,1,0,335.1725795
0,0,1,1,1,0,0,1,0,1,1,334.5743349
0,0,1,1,1,0,0,1,1,0,0,344.8171866
0,0,1,1,1,0,0,1,1,0,1,345.3930552
0,0,1,1,1,0,0,1,1,1,0,334.5240266
0,0,1,1,1,0,0,1,1,1,1,335.0639758
0,0,1,1,1,0,1,0,0,0,0,147.0941656
0,0,1,1,1,0,1,0,0,0,1,146.8184342
0,0,1,1,1,0,1,0,0,1,0,146.0558376
0,0,1,1,1,0,1,0,0,1,1,145.9846981
0,0,1,1,1,0,1,0,1,0,0,146.6691635
0,0,1,1,1,0,1,0,1,0,1,146.4006748
0,0,1,1,1,0,1,0,1,1,0,147.2186658
0,0,1,1,1,0,1,0,1,1,1,147.087678
0,0,1,1,1,0,1,1,0,0,0,266.604995
0,0,1,1,1,0,1,1,0,0,1,264.835273
0,0,1,1,1,0,1,1,0,1,0,259.6876791
0,0,1,1,1,0,1,1,0,1,1,258.9279861
0,0,1,1,1,0,1,1,1,0,0,258.6526248
0,0,1,1,1,0,1,1,1,0,1,258.633039
0,0,1,1,1,0,1,1,1,1,0,259.1398282
0,0,1,1,1,0,1,1,1,1,1,258.488286
0,0,1,1,1,1,0,0,0,0,0,198.2148428
0,0,1,1,1,1,0,0,0,0,1,200.6244502
0,0,1,1,1,1,0,0,0,1,0,189.0209079
0,0,1,1,1,1,0,0,0,1,1,189.1130724
0,0,1,1,1,1,0,0,1,0,0,191.833082
0,0,1,1,1,1,0,0,1,0,1,191.8739948
0,0,1,1,1,1,0,0,1,1,0,188.2197304
0,0,1,1,1,1,0,0,1,1,1,188.1442735
0,0,1,1,1,1,0,1,0,0,0,358.710356
0,0,1,1,1,1,0,1,0,0,1,359.3452415
0,0,1,1,1,1,0,1,0,1,0,337.6630356
0,0,1,1,1,1,0,1,0,1,1,338.3615713
0,0,1,1,1,1,0,1,1,0,0,347.425441
0,0,1,1,1,1,0,1,1,0,1,347.2631278
0,0,1,1,1,1,0,1,1,1,0,337.6796587
0,0,1,1,1,1,0,1,1,1,1,337.9378376
0,0,1,1,1,1,1,0,0,0,0,148.7244043
0,0,1,1,1,1,1,0,0,0,1,149.2471995
0,0,1,1,1,1,1,0,0,1,0,147.7909565
0,0,1,1,1,1,1,0,0,1,1,148.2844832
0,0,1,1,1,1,1,0,1,0,0,147.996712
0,0,1,1,1,1,1,0,1,0,1,147.0321472
0,0,1,1,1,1,1,0,1,1,0,147.7846069
0,0,1,1,1,1,1,0,1,1,1,147.7616806
0,0,1,1,1,1,1,1,0,0,0,267.4881818
0,0,1,1,1,1,1,1,0,0,1,266.6587932
0,0,1,1,1,1,1,1,0,1,0,262.9607196
0,0,1,1,1,1,1,1,0,1,1,261.8332853
0,0,1,1,1,1,1,1,1,0,0,260.6283953
0,0,1,1,1,1,1,1,1,0,1,260.8088329
0,0,1,1,1,1,1,1,1,1,0,262.1852601
0,0,1,1,1,1,1,1,1,1,1,262.3766868
0,1,0,0,0,0,0,0,0,0,0,109.0330775
0,1,0,0,0,0,0,0,0,0,1,109.6496205
0,1,0,0,0,0,0,0,0,1,0,109.1427693
0,1,0,0,0,0,0,0,0,1,1,109.4467683
0,1,0,0,0,0,0,0,1,0,0,109.8004489
0,1,0,0,0,0,0,0,1,0,1,109.2305706
0,1,0,0,0,0,0,0,1,1,0,109.2962151
0,1,0,0,0,0,0,0,1,1,1,109.2373924
0,1,0,0,0,0,0,1,0,0,0,171.4031382
0,1,0,0,0,0,0,1,0,0,1,171.3254788
0,1,0,0,0,0,0,1,0,1,0,171.4311171
0,1,0,0,0,0,0,1,0,1,1,171.7575586
0,1,0,0,0,0,0,1,1,0,0,171.3368363
0,1,0,0,0,0,0,1,1,0,1,171.4352608
0,1,0,0,0,0,0,1,1,1,0,131.3268197
0,1,0,0,0,0,0,1,1,1,1,170.2828295
0,1,0,0,0,0,1,0,0,0,0,83.01718116
0,1,0,0,0,0,1,0,0,0,1,83.20339012
0,1,0,0,0,0,1,0,0,1,0,83.38973451
0,1,0,0,0,0,1,0,0,1,1,83.16912103
0,1,0,0,0,0,1,0,1,0,0,83.18341017
0,1,0,0,0,0,1,0,1,0,1,82.89743543
0,1,0,0,0,0,1,0,1,1,0,83.83751154
0,1,0,0,0,0,1,0,1,1,1,83.14466357
0,1,0,0,0,0,1,1,0,0,0,127.9240539
0,1,0,0,0,0,1,1,0,0,1,128.329241
0,1,0,0,0,0,1,1,0,1,0,129.2585933
0,1,0,0,0,0,1,1,0,1,1,128.7519939
0,1,0,0,0,0,1,1,1,0,0,128.2692382
0,1,0,0,0,0,1,1,1,0,1,128.7964292
0,1,0,0,0,0,1,1,1,1,0,129.2893269
0,1,0,0,0,0,1,1,1,1,1,128.5613809
0,1,0,0,0,1,0,0,0,0,0,109.1496933
0,1,0,0,0,1,0,0,0,0,1,109.1605783
0,1,0,0,0,1,0,0,0,1,0,109.919838
0,1,0,0,0,1,0,0,0,1,1,109.3736985
0,1,0,0,0,1,0,0,1,0,0,109.2310317
0,1,0,0,0,1,0,0,1,0,1,109.2739058
0,1,0,0,0,1,0,0,1,1,0,110.286545
0,1,0,0,0,1,0,0,1,1,1,110.2618279
0,1,0,0,0,1,0,1,0,0,0,164.6413965
0,1,0,0,0,1,0,1,0,0,1,139.4642847
0,1,0,0,0,1,0,1,0,1,0,172.9073248
0,1,0,0,0,1,0,1,0,1,1,172.2647266
0,1,0,0,0,1,0,1,1,0,0,171.6422977
0,1,0,0,0,1,0,1,1,0,1,171.7037268
0,1,0,0,0,1,0,1,1,1,0,171.9159281
0,1,0,0,0,1,0,1,1,1,1,172.1676695
0,1,0,0,0,1,1,0,0,0,0,83.41939354
0,1,0,0,0,1,1,0,0,0,1,83.80324292
0,1,0,0,0,1,1,0,0,1,0,83.97128439
0,1,0,0,0,1,1,0,0,1,1,84.06031656
0,1,0,0,0,1,1,0,1,0,0,84.33602858
0,1,0,0,0,1,1,0,1,0,1,84.1737361
0,1,0,0,0,1,1,0,1,1,0,83.67466426
0,1,0,0,0,1,1,0,1,1,1,84.42290187
0,1,0,0,0,1,1,1,0,0,0,129.3550785
0,1,0,0,0,1,1,1,0,0,1,129.2877593
0,1,0,0,0,1,1,1,0,1,0,129.0902236
0,1,0,0,0,1,1,1,0,1,1,130.0490205
0,1,0,0,0,1,1,1,1,0,0,128.7851002
0,1,0,0,0,1,1,1,1,0,1,129.6395333
0,1,0,0,0,1,1,1,1,1,0,129.44855
0,1,0,0,0,1,1,1,1,1,1,130.7052939
0,1,0,0,1,0,0,0,0,0,0,66.23614693
0,1,0,0,1,0,0,0,0,0,1,109.0788915
0,1,0,0,1,0,0,0,0,1,0,108.5288503
0,1,0,0,1,0,0,0,0,1,1,109.2995868
0,1,0,0,1,0,0,0,1,0,0,108.5311894
0,1,0,0,1,0,0,0,1,0,1,108.2146263
0,1,0,0,1,0,0,0,1,1,0,108.9704797
0,1,0,0,1,0,0,0,1,1,1,108.3028407
0,1,0,0,1,0,0,1,0,0,0,171.8957565
0,1,0,0,1,0,0,1,0,0,1,170.5580378
0,1,0,0,1,0,0,1,0,1,0,171.5512495
0,1,0,0,1,0,0,1,0,1,1,171.1883583
0,1,0,0,1,0,0,1,1,0,0,170.9651957
0,1,0,0,1,0,0,1,1,0,1,170.9318545
0,1,0,0,1,0,0,1,1,1,0,171.1326852
0,1,0,0,1,0,0,1,1,1,1,170.889833
0,1,0,0,1,0,1,0,0,0,0,82.45823216
0,1,0,0,1,0,1,0,0,0,1,82.58372855
0,1,0,0,1,0,1,0,0,1,0,82.83816457
0,1,0,0,1,0,1,0,0,1,1,82.8877871
0,1,0,0,1,0,1,0,1,0,0,83.03844857
0,1,0,0,1,0,1,0,1,0,1,83.09982324
0,1,0,0,1,0,1,0,1,1,0,83.14181566
0,1,0,0,1,0,1,0,1,1,1,83.16014767
0,1,0,0,1,0,1,1,0,0,0,111.8083808
0,1,0,0,1,0,1,1,0,0,1,105.9808784
0,1,0,0,1,0,1,1,0,1,0,129.209964
0,1,0,0,1,0,1,1,0,1,1,129.0736551
0,1,0,0,1,0,1,1,1,0,0,130.1294763
0,1,0,0,1,0,1,1,1,0,1,128.8859613
0,1,0,0,1,0,1,1,1,1,0,130.0276341
0,1,0,0,1,0,1,1,1,1,1,129.344341
0,1,0,0,1,1,0,0,0,0,0,108.583235
0,1,0,0,1,1,0,0,0,0,1,109.0741315
0,1,0,0,1,1,0,0,0,1,0,109.3320286
0,1,0,0,1,1,0,0,0,1,1,109.5361459
0,1,0,0,1,1,0,0,1,0,0,109.9872103
0,1,0,0,1,1,0,0,1,0,1,109.1479549
0,1,0,0,1,1,0,0,1,1,0,109.41939
0,1,0,0,1,1,0,0,1,1,1,109.9849133
0,1,0,0,1,1,0,1,0,0,0,172.3469739
0,1,0,0,1,1,0,1,0,0,1,173.3487244
0,1,0,0,1,1,0,1,0,1,0,173.0508125
0,1,0,0,1,1,0,1,0,1,1,172.8845956
0,1,0,0,1,1,0,1,1,0,0,173.5985479
0,1,0,0,1,1,0,1,1,0,1,173.3677223
0,1,0,0,1,1,0,1,1,1,0,148.1125031
0,1,0,0,1,1,0,1,1,1,1,158.4359818
0,1,0,0,1,1,1,0,0,0,0,83.54587626
0,1,0,0,1,1,1,0,0,0,1,84.06532669
0,1,0,0,1,1,1,0,0,1,0,84.02664161
0,1,0,0,1,1,1,0,0,1,1,84.85325551
0,1,0,0,1,1,1,0,1,0,0,83.72702026
0,1,0,0,1,1,1,0,1,0,1,83.74751306
0,1,0,0,1,1,1,0,1,1,0,83.78118992
0,1,0,0,1,1,1,0,1,1,1,84.28717542
0,1,0,0,1,1,1,1,0,0,0,130.8055499
0,1,0,0,1,1,1,1,0,0,1,130.0972528
0,1,0,0,1,1,1,1,0,1,0,130.2287538
0,1,0,0,1,1,1,1,0,1,1,130.3120937
0,1,0,0,1,1,1,1,1,0,0,130.5940049
0,1,0,0,1,1,1,1,1,0,1,130.0513515
0,1,0,0,1,1,1,1,1,1,0,130.3077078
0,1,0,0,1,1,1,1,1,1,1,130.5179341
0,1,0,1,0,0,0,0,0,0,0,396.5999954
0,1,0,1,0,0,0,0,0,0,1,399.5922935
0,1,0,1,0,0,0,0,0,1,0,335.4299722
0,1,0,1,0,0,0,0,0,1,1,377.9443889
0,1,0,1,0,0,0,0,1,0,0,377.4320056
0,1,0,1,0,0,0,0,1,0,1,378.0035372
0,1,0,1,0,0,0,0,1,1,0,377.795104
0,1,0,1,0,0,0,0,1,1,1,377.7006409
0,1,0,1,0,0,0,1,0,0,0,672.6979363
0,1,0,1,0,0,0,1,0,0,1,708.7096918
0,1,0,1,0,0,0,1,0,1,0,677.8360195
0,1,0,1,0,0,0,1,0,1,1,678.2158217
0,1,0,1,0,0,0,1,1,0,0,676.8628242
0,1,0,1,0,0,0,1,1,0,1,634.2968686
0,1,0,1,0,0,0,1,1,1,0,677.190212
0,1,0,1,0,0,0,1,1,1,1,676.6308432
0,1,0,1,0,0,1,0,0,0,0,301.9107745
0,1,0,1,0,0,1,0,0,0,1,302.158803
0,1,0,1,0,0,1,0,0,1,0,302.5714624
0,1,0,1,0,0,1,0,0,1,1,258.5227363
0,1,0,1,0,0,1,0,1,0,0,299.8577759
0,1,0,1,0,0,1,0,1,0,1,299.7793624
0,1,0,1,0,0,1,0,1,1,0,302.2928724
0,1,0,1,0,0,1,0,1,1,1,302.1989517
0,1,0,1,0,0,1,1,0,0,0,530.2201629
0,1,0,1,0,0,1,1,0,0,1,530.0962162
0,1,0,1,0,0,1,1,0,1,0,530.9187927
0,1,0,1,0,0,1,1,0,1,1,489.0456295
0,1,0,1,0,0,1,1,1,0,0,525.4075413
0,1,0,1,0,0,1,1,1,0,1,523.9409685
0,1,0,1,0,0,1,1,1,1,0,532.2479398
0,1,0,1,0,0,1,1,1,1,1,532.3158407
0,1,0,1,0,1,0,0,0,0,0,355.3513963
0,1,0,1,0,1,0,0,0,0,1,397.2148762
0,1,0,1,0,1,0,0,0,1,0,378.4550872
0,1,0,1,0,1,0,0,0,1,1,377.6938205
0,1,0,1,0,1,0,0,1,0,0,377.9531546
0,1,0,1,0,1,0,0,1,0,1,377.8728592
0,1,0,1,0,1,0,0,1,1,0,378.8194568
0,1,0,1,0,1,0,0,1,1,1,379.3328972
0,1,0,1,0,1,0,1,0,0,0,665.5293777
0,1,0,1,0,1,0,1,0,0,1,706.3743865
0,1,0,1,0,1,0,1,0,1,0,677.7404923
0,1,0,1,0,1,0,1,0,1,1,677.2665946
0,1,0,1,0,1,0,1,1,0,0,635.1010869
0,1,0,1,0,1,0,1,1,0,1,676.6434565
0,1,0,1,0,1,0,1,1,1,0,676.4328184
0,1,0,1,0,1,0,1,1,1,1,676.7026727
0,1,0,1,0,1,1,0,0,0,0,303.6306975
0,1,0,1,0,1,1,0,0,0,1,264.344589
0,1,0,1,0,1,1,0,0,1,0,303.4030676
0,1,0,1,0,1,1,0,0,1,1,303.3320279
0,1,0,1,0,1,1,0,1,0,0,300.2368863
0,1,0,1,0,1,1,0,1,0,1,300.7969615
0,1,0,1,0,1,1,0,1,1,0,304.7377851
0,1,0,1,0,1,1,0,1,1,1,303.2108755
0,1,0,1,0,1,1,1,0,0,0,531.5800257
0,1,0,1,0,1,1,1,0,0,1,532.6516278
0,1,0,1,0,1,1,1,0,1,0,492.3541946
0,1,0,1,0,1,1,1,0,1,1,534.9794457
0,1,0,1,0,1,1,1,1,0,0,527.9227166
0,1,0,1,0,1,1,1,1,0,1,529.2368302
0,1,0,1,0,1,1,1,1,1,0,536.0697408
0,1,0,1,0,1,1,1,1,1,1,491.4582613
0,1,0,1,1,0,0,0,0,0,0,397.4813662
0,1,0,1,1,0,0,0,0,0,1,398.0709345
0,1,0,1,1,0,0,0,0,1,0,377.9394436
0,1,0,1,1,0,0,0,0,1,1,378.2348576
0,1,0,1,1,0,0,0,1,0,0,385.7679899
0,1,0,1,1,0,0,0,1,0,1,385.4210942
0,1,0,1,1,0,0,0,1,1,0,377.9103763
0,1,0,1,1,0,0,0,1,1,1,334.7078838
0,1,0,1,1,0,0,1,0,0,0,720.2582412
0,1,0,1,1,0,0,1,0,0,1,721.5429282
0,1,0,1,1,0,0,1,0,1,0,674.8725653
0,1,0,1,1,0,0,1,0,1,1,631.6289878
0,1,0,1,1,0,0,1,1,0,0,694.1206141
0,1,0,1,1,0,0,1,1,0,1,694.4162629
0,1,0,1,1,0,0,1,1,1,0,676.8986998
0,1,0,1,1,0,0,1,1,1,1,689.3622751
0,1,0,1,1,0,1,0,0,0,0,256.5959759
0,1,0,1,1,0,1,0,0,0,1,300.0455132
0,1,0,1,1,0,1,0,0,1,0,298.4361584
0,1,0,1,1,0,1,0,0,1,1,295.9047015
0,1,0,1,1,0,1,0,1,0,0,296.3545215
0,1,0,1,1,0,1,0,1,0,1,296.9061921
0,1,0,1,1,0,1,0,1,1,0,296.6920128
0,1,0,1,1,0,1,0,1,1,1,296.7231376
0,1,0,1,1,0,1,1,0,0,0,495.8690186
0,1,0,1,1,0,1,1,0,0,1,537.5901725
0,1,0,1,1,0,1,1,0,1,0,525.5333862
0,1,0,1,1,0,1,1,0,1,1,525.5351539
0,1,0,1,1,0,1,1,1,0,0,522.6285484
0,1,0,1,1,0,1,1,1,0,1,522.7539976
0,1,0,1,1,0,1,1,1,1,0,482.1354208
0,1,0,1,1,0,1,1,1,1,1,523.7566617
0,1,0,1,1,1,0,0,0,0,0,400.9470642
0,1,0,1,1,1,0,0,0,0,1,400.5924375
0,1,0,1,1,1,0,0,0,1,0,382.0538979
0,1,0,1,1,1,0,0,0,1,1,381.6028271
0,1,0,1,1,1,0,0,1,0,0,389.199594
0,1,0,1,1,1,0,0,1,0,1,322.9041793
0,1,0,1,1,1,0,0,1,1,0,381.5714529
0,1,0,1,1,1,0,0,1,1,1,381.7038453
0,1,0,1,1,1,0,1,0,0,0,722.7183993
0,1,0,1,1,1,0,1,0,0,1,724.0878606
0,1,0,1,1,1,0,1,0,1,0,681.0953116
0,1,0,1,1,1,0,1,0,1,1,682.3511393
0,1,0,1,1,1,0,1,1,0,0,656.6042721
0,1,0,1,1,1,0,1,1,0,1,698.3621893
0,1,0,1,1,1,0,1,1,1,0,680.9273448
0,1,0,1,1,1,0,1,1,1,1,681.5639532
0,1,0,1,1,1,1,0,0,0,0,302.2376661
0,1,0,1,1,1,1,0,0,0,1,302.2816715
0,1,0,1,1,1,1,0,0,1,0,257.4668705
0,1,0,1,1,1,1,0,0,1,1,300.0175388
0,1,0,1,1,1,1,0,1,0,0,301.6046567
0,1,0,1,1,1,1,0,1,0,1,301.4471414
0,1,0,1,1,1,1,0,1,1,0,300.5754995
0,1,0,1,1,1,1,0,1,1,1,301.4395978
0,1,0,1,1,1,1,1,0,0,0,543.7915168
0,1,0,1,1,1,1,1,0,0,1,544.1072316
0,1,0,1,1,1,1,1,0,1,0,490.6698563
0,1,0,1,1,1,1,1,0,1,1,532.7473328
0,1,0,1,1,1,1,1,1,0,0,530.185863
0,1,0,1,1,1,1,1,1,0,1,529.5793324
0,1,0,1,1,1,1,1,1,1,0,490.5583706
0,1,0,1,1,1,1,1,1,1,1,533.3984718
0,1,1,0,0,0,0,0,0,0,0,55.4679153
0,1,1,0,0,0,0,0,0,0,1,55.02144194
0,1,1,0,0,0,0,0,0,1,0,55.2327342
0,1,1,0,0,0,0,0,0,1,1,55.24722695
0,1,1,0,0,0,0,0,1,0,0,55.21224999
0,1,1,0,0,0,0,0,1,0,1,55.17603469
0,1,1,0,0,0,0,0,1,1,0,55.44315696
0,1,1,0,0,0,0,0,1,1,1,55.06778812
0,1,1,0,0,0,0,1,0,0,0,86.68020606
0,1,1,0,0,0,0,1,0,0,1,86.45733666
0,1,1,0,0,0,0,1,0,1,0,86.39394975
0,1,1,0,0,0,0,1,0,1,1,86.38694119
0,1,1,0,0,0,0,1,1,0,0,86.34792161
0,1,1,0,0,0,0,1,1,0,1,86.37915945
0,1,1,0,0,0,0,1,1,1,0,86.82130671
0,1,1,0,0,0,0,1,1,1,1,86.57103062
0,1,1,0,0,0,1,0,0,0,0,42.55843544
0,1,1,0,0,0,1,0,0,0,1,42.01608872
0,1,1,0,0,0,1,0,0,1,0,42.20737362
0,1,1,0,0,0,1,0,0,1,1,41.99000454
0,1,1,0,0,0,1,0,1,0,0,42.09266353
0,1,1,0,0,0,1,0,1,0,1,42.09396076
0,1,1,0,0,0,1,0,1,1,0,41.97869205
0,1,1,0,0,0,1,0,1,1,1,42.0256319
0,1,1,0,0,0,1,1,0,0,0,64.71679187
0,1,1,0,0,0,1,1,0,0,1,64.65103722
0,1,1,0,0,0,1,1,0,1,0,65.09475946
0,1,1,0,0,0,1,1,0,1,1,65.00522351
0,1,1,0,0,0,1,1,1,0,0,64.73283958
0,1,1,0,0,0,1,1,1,0,1,64.77659559
0,1,1,0,0,0,1,1,1,1,0,64.58891964
0,1,1,0,0,0,1,1,1,1,1,64.49954391
0,1,1,0,0,1,0,0,0,0,0,55.25728869
0,1,1,0,0,1,0,0,0,0,1,55.00380969
0,1,1,0,0,1,0,0,0,1,0,55.06638169
0,1,1,0,0,1,0,0,0,1,1,55.04489684
0,1,1,0,0,1,0,0,1,0,0,55.0729301
0,1,1,0,0,1,0,0,1,0,1,55.4461298
0,1,1,0,0,1,0,0,1,1,0,28.02152872
0,1,1,0,0,1,0,0,1,1,1,42.03133249
0,1,1,0,0,1,0,1,0,0,0,86.49652219
0,1,1,0,0,1,0,1,0,0,1,86.6560638
0,1,1,0,0,1,0,1,0,1,0,86.81102514
0,1,1,0,0,1,0,1,0,1,1,86.48651838
0,1,1,0,0,1,0,1,1,0,0,86.44523644
0,1,1,0,0,1,0,1,1,0,1,86.55721259
0,1,1,0,0,1,0,1,1,1,0,86.99417019
0,1,1,0,0,1,0,1,1,1,1,86.78650331
0,1,1,0,0,1,1,0,0,0,0,42.1868329
0,1,1,0,0,1,1,0,0,0,1,42.68810558
0,1,1,0,0,1,1,0,0,1,0,42.42773366
0,1,1,0,0,1,1,0,0,1,1,42.31257772
0,1,1,0,0,1,1,0,1,0,0,42.33428621
0,1,1,0,0,1,1,0,1,0,1,42.53194356
0,1,1,0,0,1,1,0,1,1,0,42.37406778
0,1,1,0,0,1,1,0,1,1,1,42.49052882
0,1,1,0,0,1,1,1,0,0,0,65.147439
0,1,1,0,0,1,1,1,0,0,1,65.36470461
0,1,1,0,0,1,1,1,0,1,0,64.99155807
0,1,1,0,0,1,1,1,0,1,1,65.36168361
0,1,1,0,0,1,1,1,1,0,0,65.4163785
0,1,1,0,0,1,1,1,1,0,1,65.29908609
0,1,1,0,0,1,1,1,1,1,0,65.11323714
0,1,1,0,0,1,1,1,1,1,1,65.42989111
0,1,1,0,1,0,0,0,0,0,0,54.76386046
0,1,1,0,1,0,0,0,0,0,1,54.80299783
0,1,1,0,1,0,0,0,0,1,0,55.08810449
0,1,1,0,1,0,0,0,0,1,1,54.98958182
0,1,1,0,1,0,0,0,1,0,0,54.85763764
0,1,1,0,1,0,0,0,1,0,1,54.73666477
0,1,1,0,1,0,0,0,1,1,0,54.82795286
0,1,1,0,1,0,0,0,1,1,1,54.93268371
0,1,1,0,1,0,0,1,0,0,0,86.67875814
0,1,1,0,1,0,0,1,0,0,1,86.24885941
0,1,1,0,1,0,0,1,0,1,0,86.24720883
0,1,1,0,1,0,0,1,0,1,1,86.73973966
0,1,1,0,1,0,0,1,1,0,0,86.71285081
0,1,1,0,1,0,0,1,1,0,1,86.40588284
0,1,1,0,1,0,0,1,1,1,0,86.90832448
0,1,1,0,1,0,0,1,1,1,1,86.6937952
0,1,1,0,1,0,1,0,0,0,0,41.95868611
0,1,1,0,1,0,1,0,0,0,1,42.18963432
0,1,1,0,1,0,1,0,0,1,0,42.25462651
0,1,1,0,1,0,1,0,0,1,1,42.28656292
0,1,1,0,1,0,1,0,1,0,0,35.94889617
0,1,1,0,1,0,1,0,1,0,1,10.31593132
0,1,1,0,1,0,1,0,1,1,0,38.2812376
0,1,1,0,1,0,1,0,1,1,1,42.14668226
0,1,1,0,1,0,1,1,0,0,0,64.74265242
0,1,1,0,1,0,1,1,0,0,1,65.0254972
0,1,1,0,1,0,1,1,0,1,0,64.53350163
0,1,1,0,1,0,1,1,0,1,1,64.58725023
0,1,1,0,1,0,1,1,1,0,0,64.56045198
0,1,1,0,1,0,1,1,1,0,1,64.94419193
0,1,1,0,1,0,1,1,1,1,0,64.60346437
0,1,1,0,1,0,1,1,1,1,1,64.86785626
0,1,1,0,1,1,0,0,0,0,0,55.07134485
0,1,1,0,1,1,0,0,0,0,1,55.14057136
0,1,1,0,1,1,0,0,0,1,0,54.9578166
0,1,1,0,1,1,0,0,0,1,1,55.10878587
0,1,1,0,1,1,0,0,1,0,0,55.11664677
0,1,1,0,1,1,0,0,1,0,1,54.91035557
0,1,1,0,1,1,0,0,1,1,0,54.68962288
0,1,1,0,1,1,0,0,1,1,1,55.19371533
0,1,1,0,1,1,0,1,0,0,0,86.89812064
0,1,1,0,1,1,0,1,0,0,1,86.04955435
0,1,1,0,1,1,0,1,0,1,0,86.53183317
0,1,1,0,1,1,0,1,0,1,1,86.85134697
0,1,1,0,1,1,0,1,1,0,0,86.82282138
0,1,1,0,1,1,0,1,1,0,1,86.9040556
0,1,1,0,1,1,0,1,1,1,0,86.89846277
0,1,1,0,1,1,0,1,1,1,1,86.52083802
0,1,1,0,1,1,1,0,0,0,0,42.34767532
0,1,1,0,1,1,1,0,0,0,1,41.86695051
0,1,1,0,1,1,1,0,0,1,0,41.98157167
0,1,1,0,1,1,1,0,0,1,1,42.40465713
0,1,1,0,1,1,1,0,1,0,0,42.00161982
0,1,1,0,1,1,1,0,1,0,1,42.15174103
0,1,1,0,1,1,1,0,1,1,0,42.22870898
0,1,1,0,1,1,1,0,1,1,1,42.39711308
0,1,1,0,1,1,1,1,0,0,0,65.2153213
0,1,1,0,1,1,1,1,0,0,1,65.28234959
0,1,1,0,1,1,1,1,0,1,0,65.41775894
0,1,1,0,1,1,1,1,0,1,1,65.60057116
0,1,1,0,1,1,1,1,1,0,0,65.43792319
0,1,1,0,1,1,1,1,1,0,1,64.91119957
0,1,1,0,1,1,1,1,1,1,0,65.09573317
0,1,1,0,1,1,1,1,1,1,1,65.27365923
0,1,1,1,0,0,0,0,0,0,0,202.7399805
0,1,1,1,0,0,0,0,0,0,1,159.4508414
0,1,1,1,0,0,0,0,0,1,0,187.1881962
0,1,1,1,0,0,0,0,0,1,1,186.3215914
0,1,1,1,0,0,0,0,1,0,0,188.1962326
0,1,1,1,0,0,0,0,1,0,1,188.216053
0,1,1,1,0,0,0,0,1,1,0,186.6813691
0,1,1,1,0,0,0,0,1,1,1,187.1538367
0,1,1,1,0,0,0,1,0,0,0,354.7750359
0,1,1,1,0,0,0,1,0,0,1,354.2475247
0,1,1,1,0,0,0,1,0,1,0,325.3669302
0,1,1,1,0,0,0,1,0,1,1,324.9349954
0,1,1,1,0,0,0,1,1,0,0,327.4528396
0,1,1,1,0,0,0,1,1,0,1,327.990061
0,1,1,1,0,0,0,1,1,1,0,281.1187606
0,1,1,1,0,0,0,1,1,1,1,323.3487794
0,1,1,1,0,0,1,0,0,0,0,151.4471788
0,1,1,1,0,0,1,0,0,0,1,150.82198
0,1,1,1,0,0,1,0,0,1,0,149.8670928
0,1,1,1,0,0,1,0,0,1,1,149.9055033
0,1,1,1,0,0,1,0,1,0,0,149.5960679
0,1,1,1,0,0,1,0,1,0,1,149.8843126
0,1,1,1,0,0,1,0,1,1,0,150.1509018
0,1,1,1,0,0,1,0,1,1,1,149.7800052
0,1,1,1,0,0,1,1,0,0,0,265.8802836
0,1,1,1,0,0,1,1,0,0,1,265.572659
0,1,1,1,0,0,1,1,0,1,0,262.3511803
0,1,1,1,0,0,1,1,0,1,1,263.1348212
0,1,1,1,0,0,1,1,1,0,0,218.8081653
0,1,1,1,0,0,1,1,1,0,1,260.4455619
0,1,1,1,0,0,1,1,1,1,0,261.9320872
0,1,1,1,0,0,1,1,1,1,1,263.9005878
0,1,1,1,0,1,0,0,0,0,0,203.9606829
0,1,1,1,0,1,0,0,0,0,1,205.1182604
0,1,1,1,0,1,0,0,0,1,0,188.7476776
0,1,1,1,0,1,0,0,0,1,1,189.3439941
0,1,1,1,0,1,0,0,1,0,0,191.2315266
0,1,1,1,0,1,0,0,1,0,1,190.5994527
0,1,1,1,0,1,0,0,1,1,0,192.6478865
0,1,1,1,0,1,0,0,1,1,1,146.2728398
0,1,1,1,0,1,0,1,0,0,0,356.6050403
0,1,1,1,0,1,0,1,0,0,1,357.0151343
0,1,1,1,0,1,0,1,0,1,0,327.7998719
0,1,1,1,0,1,0,1,0,1,1,326.364851
0,1,1,1,0,1,0,1,1,0,0,329.2182257
0,1,1,1,0,1,0,1,1,0,1,328.8719172
0,1,1,1,0,1,0,1,1,1,0,326.0984385
0,1,1,1,0,1,0,1,1,1,1,325.7129185
0,1,1,1,0,1,1,0,0,0,0,153.1114881
0,1,1,1,0,1,1,0,0,0,1,153.6897266
0,1,1,1,0,1,1,0,0,1,0,175.1094353
0,1,1,1,0,1,1,0,0,1,1,152.768918
0,1,1,1,0,1,1,0,1,0,0,151.6967306
0,1,1,1,0,1,1,0,1,0,1,107.8878033
0,1,1,1,0,1,1,0,1,1,0,152.2493837
0,1,1,1,0,1,1,0,1,1,1,152.077244
0,1,1,1,0,1,1,1,0,0,0,269.1689398
0,1,1,1,0,1,1,1,0,0,1,269.031451
0,1,1,1,0,1,1,1,0,1,0,266.8365872
0,1,1,1,0,1,1,1,0,1,1,266.2861183
0,1,1,1,0,1,1,1,1,0,0,263.5803547
0,1,1,1,0,1,1,1,1,0,1,263.1504607
0,1,1,1,0,1,1,1,1,1,0,222.9159727
0,1,1,1,0,1,1,1,1,1,1,265.7346408
0,1,1,1,1,0,0,0,0,0,0,199.3862941
0,1,1,1,1,0,0,0,0,0,1,199.5327299
0,1,1,1,1,0,0,0,0,1,0,189.7370455
0,1,1,1,1,0,0,0,0,1,1,189.5432377
0,1,1,1,1,0,0,0,1,0,0,193.0776689
0,1,1,1,1,0,0,0,1,0,1,192.8281913
0,1,1,1,1,0,0,0,1,1,0,189.6656137
0,1,1,1,1,0,0,0,1,1,1,189.5011642
0,1,1,1,1,0,0,1,0,0,0,360.4655116
0,1,1,1,1,0,0,1,0,0,1,360.0836694
0,1,1,1,1,0,0,1,0,1,0,337.5125039
0,1,1,1,1,0,0,1,0,1,1,295.4731052
0,1,1,1,1,0,0,1,1,0,0,347.890743
0,1,1,1,1,0,0,1,1,0,1,348.1133044
0,1,1,1,1,0,0,1,1,1,0,337.340086
0,1,1,1,1,0,0,1,1,1,1,337.1730771
0,1,1,1,1,0,1,0,0,0,0,148.7925384
0,1,1,1,1,0,1,0,0,0,1,148.1475825
0,1,1,1,1,0,1,0,0,1,0,148.0336618
0,1,1,1,1,0,1,0,0,1,1,147.8390496
0,1,1,1,1,0,1,0,1,0,0,147.9170499
0,1,1,1,1,0,1,0,1,0,1,148.1704345
0,1,1,1,1,0,1,0,1,1,0,147.6882744
0,1,1,1,1,0,1,0,1,1,1,147.9447255
0,1,1,1,1,0,1,1,0,0,0,266.3588436
0,1,1,1,1,0,1,1,0,0,1,266.8071799
0,1,1,1,1,0,1,1,0,1,0,219.0384004
0,1,1,1,1,0,1,1,0,1,1,262.5035975
0,1,1,1,1,0,1,1,1,0,0,261.4374659
0,1,1,1,1,0,1,1,1,0,1,260.5850644
0,1,1,1,1,0,1,1,1,1,0,259.8141553
0,1,1,1,1,0,1,1,1,1,1,259.7411027
0,1,1,1,1,1,0,0,0,0,0,199.4579043
0,1,1,1,1,1,0,0,0,0,1,199.6672168
0,1,1,1,1,1,0,0,0,1,0,189.7576387
0,1,1,1,1,1,0,0,0,1,1,189.7878382
0,1,1,1,1,1,0,0,1,0,0,193.251646
0,1,1,1,1,1,0,0,1,0,1,192.9689219
0,1,1,1,1,1,0,0,1,1,0,189.4103353
0,1,1,1,1,1,0,0,1,1,1,165.5314977
0,1,1,1,1,1,0,1,0,0,0,345.0171978
0,1,1,1,1,1,0,1,0,0,1,363.1270585
0,1,1,1,1,1,0,1,0,1,0,339.6464362
0,1,1,1,1,1,0,1,0,1,1,340.5113256
0,1,1,1,1,1,0,1,1,0,0,349.87409
0,1,1,1,1,1,0,1,1,0,1,350.1934879
0,1,1,1,1,1,0,1,1,1,0,340.5794067
0,1,1,1,1,1,0,1,1,1,1,339.9128721
0,1,1,1,1,1,1,0,0,0,0,150.9201691
0,1,1,1,1,1,1,0,0,0,1,106.3168612
0,1,1,1,1,1,1,0,0,1,0,149.7435064
0,1,1,1,1,1,1,0,0,1,1,149.566467
0,1,1,1,1,1,1,0,1,0,0,149.2306011
0,1,1,1,1,1,1,0,1,0,1,148.8766396
0,1,1,1,1,1,1,0,1,1,0,149.7523019
0,1,1,1,1,1,1,0,1,1,1,149.5826826
0,1,1,1,1,1,1,1,0,0,0,269.9662127
0,1,1,1,1,1,1,1,0,0,1,270.2066298
0,1,1,1,1,1,1,1,0,1,0,265.592798
0,1,1,1,1,1,1,1,0,1,1,265.311048
0,1,1,1,1,1,1,1,1,0,0,264.5233767
0,1,1,1,1,1,1,1,1,0,1,264.3181372
0,1,1,1,1,1,1,1,1,1,0,265.6653249
0,1,1,1,1,1,1,1,1,1,1,222.4101131
1,0,0,0,0,0,0,0,0,0,0,108.311619
1,0,0,0,0,0,0,0,0,0,1,110.2453482
1,0,0,0,0,0,0,0,0,1,0,108.26668
1,0,0,0,0,0,0,0,0,1,1,108.4914255
1,0,0,0,0,0,0,0,1,0,0,108.1953104
1,0,0,0,0,0,0,0,1,0,1,108.3786237
1,0,0,0,0,0,0,0,1,1,0,108.6149004
1,0,0,0,0,0,0,0,1,1,1,108.5515015
1,0,0,0,0,0,0,1,0,0,0,170.1853032
1,0,0,0,0,0,0,1,0,0,1,170.3984392
1,0,0,0,0,0,0,1,0,1,0,170.586381
1,0,0,0,0,0,0,1,0,1,1,172.3061306
1,0,0,0,0,0,0,1,1,0,0,171.8101821
1,0,0,0,0,0,0,1,1,0,1,172.4435649
1,0,0,0,0,0,0,1,1,1,0,172.2694328
1,0,0,0,0,0,0,1,1,1,1,170.4184797
1,0,0,0,0,0,1,0,0,0,0,84.53770995
1,0,0,0,0,0,1,0,0,0,1,82.92734432
1,0,0,0,0,0,1,0,0,1,0,82.86412787
1,0,0,0,0,0,1,0,0,1,1,40.71163154
1,0,0,0,0,0,1,0,1,0,0,82.93909645
1,0,0,0,0,0,1,0,1,0,1,82.66646886
1,0,0,0,0,0,1,0,1,1,0,84.57204461
1,0,0,0,0,0,1,0,1,1,1,83.03461766
1,0,0,0,0,0,1,1,0,0,0,127.6724179
1,0,0,0,0,0,1,1,0,0,1,128.5199995
1,0,0,0,0,0,1,1,0,1,0,130.4831965
1,0,0,0,0,0,1,1,0,1,1,128.2891121
1,0,0,0,0,0,1,1,1,0,0,127.6021633
1,0,0,0,0,0,1,1,1,0,1,127.5085232
1,0,0,0,0,0,1,1,1,1,0,127.8351178
1,0,0,0,0,0,1,1,1,1,1,127.9008887
1,0,0,0,0,1,0,0,0,0,0,108.2356846
1,0,0,0,0,1,0,0,0,0,1,108.2458925
1,0,0,0,0,1,0,0,0,1,0,108.6505888
1,0,0,0,0,1,0,0,0,1,1,109.2312498
1,0,0,0,0,1,0,0,1,0,0,108.7688718
1,0,0,0,0,1,0,0,1,0,1,108.9946752
1,0,0,0,0,1,0,0,1,1,0,109.061954
1,0,0,0,0,1,0,0,1,1,1,108.0619018
1,0,0,0,0,1,0,1,0,0,0,169.9343481
1,0,0,0,0,1,0,1,0,0,1,172.4148748
1,0,0,0,0,1,0,1,0,1,0,172.6351633
1,0,0,0,0,1,0,1,0,1,1,165.3200841
1,0,0,0,0,1,0,1,1,0,0,136.596195
1,0,0,0,0,1,0,1,1,0,1,171.8282719
1,0,0,0,0,1,0,1,1,1,0,171.6301384
1,0,0,0,0,1,0,1,1,1,1,170.1017005
1,0,0,0,0,1,1,0,0,0,0,82.54028273
1,0,0,0,0,1,1,0,0,0,1,84.72364736
1,0,0,0,0,1,1,0,0,1,0,83.26906872
1,0,0,0,0,1,1,0,0,1,1,82.63231039
1,0,0,0,0,1,1,0,1,0,0,84.49459481
1,0,0,0,0,1,1,0,1,0,1,82.8130343
1,0,0,0,0,1,1,0,1,1,0,82.95644927
1,0,0,0,0,1,1,0,1,1,1,83.07368183
1,0,0,0,0,1,1,1,0,0,0,127.4958436
1,0,0,0,0,1,1,1,0,0,1,127.9163399
1,0,0,0,0,1,1,1,0,1,0,129.5987656
1,0,0,0,0,1,1,1,0,1,1,127.7825048
1,0,0,0,0,1,1,1,1,0,0,127.8228621
1,0,0,0,0,1,1,1,1,0,1,127.5861647
1,0,0,0,0,1,1,1,1,1,0,127.5882039
1,0,0,0,0,1,1,1,1,1,1,120.6629207
1,0,0,0,1,0,0,0,0,0,0,79.04362249
1,0,0,0,1,0,0,0,0,0,1,107.2306206
1,0,0,0,1,0,0,0,0,1,0,107.4552135
1,0,0,0,1,0,0,0,0,1,1,107.6581426
1,0,0,0,1,0,0,0,1,0,0,109.3673122
1,0,0,0,1,0,0,0,1,0,1,109.5432656
1,0,0,0,1,0,0,0,1,1,0,107.8670299
1,0,0,0,1,0,0,0,1,1,1,108.0107012
1,0,0,0,1,0,0,1,0,0,0,170.1270962
1,0,0,0,1,0,0,1,0,0,1,172.4573848
1,0,0,0,1,0,0,1,0,1,0,170.4105411
1,0,0,0,1,0,0,1,0,1,1,170.7094414
1,0,0,0,1,0,0,1,1,0,0,170.580333
1,0,0,0,1,0,0,1,1,0,1,172.5760729
1,0,0,0,1,0,0,1,1,1,0,170.8944209
1,0,0,0,1,0,0,1,1,1,1,170.8675692
1,0,0,0,1,0,1,0,0,0,0,82.27375793
1,0,0,0,1,0,1,0,0,0,1,82.62992358
1,0,0,0,1,0,1,0,0,1,0,82.55537558
1,0,0,0,1,0,1,0,0,1,1,84.29748726
1,0,0,0,1,0,1,0,1,0,0,84.35460639
1,0,0,0,1,0,1,0,1,0,1,82.98331618
1,0,0,0,1,0,1,0,1,1,0,82.4832747
1,0,0,0,1,0,1,0,1,1,1,82.35588622
1,0,0,0,1,0,1,1,0,0,0,128.5258656
1,0,0,0,1,0,1,1,0,0,1,128.5124445
1,0,0,0,1,0,1,1,0,1,0,128.4594045
1,0,0,0,1,0,1,1,0,1,1,128.3443854
1,0,0,0,1,0,1,1,1,0,0,128.020813
1,0,0,0,1,0,1,1,1,0,1,86.07852173
1,0,0,0,1,0,1,1,1,1,0,130.4119439
1,0,0,0,1,0,1,1,1,1,1,128.9888699
1,0,0,0,1,1,0,0,0,0,0,108.4799404
1,0,0,0,1,1,0,0,0,0,1,108.1480346
1,0,0,0,1,1,0,0,0,1,0,108.3113029
1,0,0,0,1,1,0,0,0,1,1,108.6010528
1,0,0,0,1,1,0,0,1,0,0,110.4676878
1,0,0,0,1,1,0,0,1,0,1,108.2318461
1,0,0,0,1,1,0,0,1,1,0,110.3182368
1,0,0,0,1,1,0,0,1,1,1,108.4489224
1,0,0,0,1,1,0,1,0,0,0,171.5474722
1,0,0,0,1,1,0,1,0,0,1,171.0948021
1,0,0,0,1,1,0,1,0,1,0,171.1564548
1,0,0,0,1,1,0,1,0,1,1,171.3896801
1,0,0,0,1,1,0,1,1,0,0,173.3055763
1,0,0,0,1,1,0,1,1,0,1,173.2854266
1,0,0,0,1,1,0,1,1,1,0,171.3741765
1,0,0,0,1,1,0,1,1,1,1,171.5649526
1,0,0,0,1,1,1,0,0,0,0,83.09926724
1,0,0,0,1,1,1,0,0,0,1,83.28705645
1,0,0,0,1,1,1,0,0,1,0,83.06923556
1,0,0,0,1,1,1,0,0,1,1,83.06813383
1,0,0,0,1,1,1,0,1,0,0,40.01802683
1,0,0,0,1,1,1,0,1,0,1,82.90465617
1,0,0,0,1,1,1,0,1,1,0,83.27578855
1,0,0,0,1,1,1,0,1,1,1,83.49423385
1,0,0,0,1,1,1,1,0,0,0,129.4007664
1,0,0,0,1,1,1,1,0,0,1,128.7820754
1,0,0,0,1,1,1,1,0,1,0,129.0994515
1,0,0,0,1,1,1,1,0,1,1,129.5663483
1,0,0,0,1,1,1,1,1,0,0,131.0632768
1,0,0,0,1,1,1,1,1,0,1,128.8474617
1,0,0,0,1,1,1,1,1,1,0,129.1942811
1,0,0,0,1,1,1,1,1,1,1,128.6946247
1,0,0,1,0,0,0,0,0,0,0,380.7940521
1,0,0,1,0,0,0,0,0,0,1,382.8385162
1,0,0,1,0,0,0,0,0,1,0,361.2384293
1,0,0,1,0,0,0,0,0,1,1,360.8384571
1,0,0,1,0,0,0,0,1,0,0,318.9280424
1,0,0,1,0,0,0,0,1,0,1,362.3377059
1,0,0,1,0,0,0,0,1,1,0,360.0960279
1,0,0,1,0,0,0,0,1,1,1,358.7969131
1,0,0,1,0,0,0,1,0,0,0,671.5476196
1,0,0,1,0,0,0,1,0,0,1,670.5515239
1,0,0,1,0,0,0,1,0,1,0,625.9447083
1,0,0,1,0,0,0,1,0,1,1,617.7688882
1,0,0,1,0,0,0,1,1,0,0,644.8615608
1,0,0,1,0,0,0,1,1,0,1,642.2470748
1,0,0,1,0,0,0,1,1,1,0,638.0025287
1,0,0,1,0,0,0,1,1,1,1,598.0698042
1,0,0,1,0,0,1,0,0,0,0,293.8849287
1,0,0,1,0,0,1,0,0,0,1,295.3425157
1,0,0,1,0,0,1,0,0,1,0,292.7693739
1,0,0,1,0,0,1,0,0,1,1,292.0701785
1,0,0,1,0,0,1,0,1,0,0,290.4116943
1,0,0,1,0,0,1,0,1,0,1,303.4914541
1,0,0,1,0,0,1,0,1,1,0,295.546623
1,0,0,1,0,0,1,0,1,1,1,298.064966
1,0,0,1,0,0,1,1,0,0,0,481.2914164
1,0,0,1,0,0,1,1,0,0,1,521.1129975
1,0,0,1,0,0,1,1,0,1,0,515.5956626
1,0,0,1,0,0,1,1,0,1,1,516.4537065
1,0,0,1,0,0,1,1,1,0,0,517.9198248
1,0,0,1,0,0,1,1,1,0,1,551.8570585
1,0,0,1,0,0,1,1,1,1,0,505.9011171
1,0,0,1,0,0,1,1,1,1,1,503.3647447
1,0,0,1,0,1,0,0,0,0,0,381.3865612
1,0,0,1,0,1,0,0,0,0,1,382.3316202
1,0,0,1,0,1,0,0,0,1,0,362.7134163
1,0,0,1,0,1,0,0,0,1,1,362.7240434
1,0,0,1,0,1,0,0,1,0,0,367.3749151
1,0,0,1,0,1,0,0,1,0,1,367.6240525
1,0,0,1,0,1,0,0,1,1,0,321.4059505
1,0,0,1,0,1,0,0,1,1,1,362.0128481
1,0,0,1,0,1,0,1,0,0,0,676.169667
1,0,0,1,0,1,0,1,0,0,1,678.6788273
1,0,0,1,0,1,0,1,0,1,0,606.5711615
1,0,0,1,0,1,0,1,0,1,1,648.2717819
1,0,0,1,0,1,0,1,1,0,0,653.398288
1,0,0,1,0,1,0,1,1,0,1,650.4554434
1,0,0,1,0,1,0,1,1,1,0,646.5780652
1,0,0,1,0,1,0,1,1,1,1,644.2772055
1,0,0,1,0,1,1,0,0,0,0,298.6052773
1,0,0,1,0,1,1,0,0,0,1,251.2024412
1,0,0,1,0,1,1,0,0,1,0,296.5791175
1,0,0,1,0,1,1,0,0,1,1,294.847887
1,0,0,1,0,1,1,0,1,0,0,293.8584101
1,0,0,1,0,1,1,0,1,0,1,294.9077504
1,0,0,1,0,1,1,0,1,1,0,300.414695
1,0,0,1,0,1,1,0,1,1,1,296.5968027
1,0,0,1,0,1,1,1,0,0,0,525.6764865
1,0,0,1,0,1,1,1,0,0,1,524.7005773
1,0,0,1,0,1,1,1,0,1,0,480.4029055
1,0,0,1,0,1,1,1,0,1,1,522.6340721
1,0,0,1,0,1,1,1,1,0,0,520.4437747
1,0,0,1,0,1,1,1,1,0,1,519.8313591
1,0,0,1,0,1,1,1,1,1,0,526.3587482
1,0,0,1,0,1,1,1,1,1,1,482.9685092
1,0,0,1,1,0,0,0,0,0,0,391.0276089
1,0,0,1,1,0,0,0,0,0,1,391.3471377
1,0,0,1,1,0,0,0,0,1,0,369.9374373
1,0,0,1,1,0,0,0,0,1,1,370.9520261
1,0,0,1,1,0,0,0,1,0,0,378.5255117
1,0,0,1,1,0,0,0,1,0,1,361.809444
1,0,0,1,1,0,0,0,1,1,0,348.3355722
1,0,0,1,1,0,0,0,1,1,1,368.807194
1,0,0,1,1,0,0,1,0,0,0,708.6038818
1,0,0,1,1,0,0,1,0,0,1,706.4056425
1,0,0,1,1,0,0,1,0,1,0,658.4925473
1,0,0,1,1,0,0,1,0,1,1,621.2042148
1,0,0,1,1,0,0,1,1,0,0,675.50034
1,0,0,1,1,0,0,1,1,0,1,673.0897028
1,0,0,1,1,0,0,1,1,1,0,658.6077824
1,0,0,1,1,0,0,1,1,1,1,616.1486022
1,0,0,1,1,0,1,0,0,0,0,295.4316711
1,0,0,1,1,0,1,0,0,0,1,298.00302
1,0,0,1,1,0,1,0,0,1,0,295.5082278
1,0,0,1,1,0,1,0,0,1,1,294.8907669
1,0,0,1,1,0,1,0,1,0,0,295.1359808
1,0,0,1,1,0,1,0,1,0,1,293.3658261
1,0,0,1,1,0,1,0,1,1,0,291.7988784
1,0,0,1,1,0,1,0,1,1,1,292.9354184
1,0,0,1,1,0,1,1,0,0,0,528.6390862
1,0,0,1,1,0,1,1,0,0,1,488.4038651
1,0,0,1,1,0,1,1,0,1,0,521.9832714
1,0,0,1,1,0,1,1,0,1,1,521.8492081
1,0,0,1,1,0,1,1,1,0,0,527.0900104
1,0,0,1,1,0,1,1,1,0,1,527.1583698
1,0,0,1,1,0,1,1,1,1,0,520.1402988
1,0,0,1,1,0,1,1,1,1,1,481.7711346
1,0,0,1,1,1,0,0,0,0,0,391.8958197
1,0,0,1,1,1,0,0,0,0,1,394.321497
1,0,0,1,1,1,0,0,0,1,0,372.6228881
1,0,0,1,1,1,0,0,0,1,1,369.795464
1,0,0,1,1,1,0,0,1,0,0,377.0335023
1,0,0,1,1,1,0,0,1,0,1,377.17712
1,0,0,1,1,1,0,0,1,1,0,369.5055137
1,0,0,1,1,1,0,0,1,1,1,326.5743663
1,0,0,1,1,1,0,1,0,0,0,709.8958278
1,0,0,1,1,1,0,1,0,0,1,713.6638548
1,0,0,1,1,1,0,1,0,1,0,662.3070037
1,0,0,1,1,1,0,1,0,1,1,664.2214742
1,0,0,1,1,1,0,1,1,0,0,636.8302529
1,0,0,1,1,1,0,1,1,0,1,677.4091771
1,0,0,1,1,1,0,1,1,1,0,669.6128187
1,0,0,1,1,1,0,1,1,1,1,661.5674746
1,0,0,1,1,1,1,0,0,0,0,297.403657
1,0,0,1,1,1,1,0,0,0,1,253.1483486
1,0,0,1,1,1,1,0,0,1,0,293.3640373
1,0,0,1,1,1,1,0,0,1,1,296.5901411
1,0,0,1,1,1,1,0,1,0,0,299.507865
1,0,0,1,1,1,1,0,1,0,1,294.2163446
1,0,0,1,1,1,1,0,1,1,0,295.1462169
1,0,0,1,1,1,1,0,1,1,1,292.9218228
1,0,0,1,1,1,1,1,0,0,0,539.3182676
1,0,0,1,1,1,1,1,0,0,1,490.5967791
1,0,0,1,1,1,1,1,0,1,0,526.5823135
1,0,0,1,1,1,1,1,0,1,1,536.6001775
1,0,0,1,1,1,1,1,1,0,0,526.6086066
1,0,0,1,1,1,1,1,1,0,1,537.263284
1,0,0,1,1,1,1,1,1,1,0,529.4845796
1,0,0,1,1,1,1,1,1,1,1,485.615725
1,0,1,0,0,0,0,0,0,0,0,54.43349767
1,0,1,0,0,0,0,0,0,0,1,55.43978477
1,0,1,0,0,0,0,0,0,1,0,55.34289193
1,0,1,0,0,0,0,0,0,1,1,54.65093637
1,0,1,0,0,0,0,0,1,0,0,54.37981606
1,0,1,0,0,0,0,0,1,0,1,54.46196818
1,0,1,0,0,0,0,0,1,1,0,54.50432301
1,0,1,0,0,0,0,0,1,1,1,54.37470222
1,0,1,0,0,0,0,1,0,0,0,85.25826478
1,0,1,0,0,0,0,1,0,0,1,86.44007754
1,0,1,0,0,0,0,1,0,1,0,85.26502728
1,0,1,0,0,0,0,1,0,1,1,85.34816098
1,0,1,0,0,0,0,1,1,0,0,85.32841682
1,0,1,0,0,0,0,1,1,0,1,85.12475538
1,0,1,0,0,0,0,1,1,1,0,85.39635968
1,0,1,0,0,0,0,1,1,1,1,85.74083614
1,0,1,0,0,0,1,0,0,0,0,42.33998609
1,0,1,0,0,0,1,0,0,0,1,41.5524013
1,0,1,0,0,0,1,0,0,1,0,41.52469039
1,0,1,0,0,0,1,0,0,1,1,41.43836498
1,0,1,0,0,0,1,0,1,0,0,41.45098019
1,0,1,0,0,0,1,0,1,0,1,41.48846722
1,0,1,0,0,0,1,0,1,1,0,41.66499114
1,0,1,0,0,0,1,0,1,1,1,41.77768254
1,0,1,0,0,0,1,1,0,0,0,63.97446847
1,0,1,0,0,0,1,1,0,0,1,63.84600163
1,0,1,0,0,0,1,1,0,1,0,64.16977668
1,0,1,0,0,0,1,1,0,1,1,64.02110338
1,0,1,0,0,0,1,1,1,0,0,64.03433871
1,0,1,0,0,0,1,1,1,0,1,64.88626194
1,0,1,0,0,0,1,1,1,1,0,65.05093026
1,0,1,0,0,0,1,1,1,1,1,65.16847968
1,0,1,0,0,1,0,0,0,0,0,54.60447383
1,0,1,0,0,1,0,0,0,0,1,54.23071432
1,0,1,0,0,1,0,0,0,1,0,54.46295643
1,0,1,0,0,1,0,0,0,1,1,54.56196022
1,0,1,0,0,1,0,0,1,0,0,54.42671156
1,0,1,0,0,1,0,0,1,0,1,54.80125141
1,0,1,0,0,1,0,0,1,1,0,55.67587471
1,0,1,0,0,1,0,0,1,1,1,55.54361534
1,0,1,0,0,1,0,1,0,0,0,85.69793129
1,0,1,0,0,1,0,1,0,0,1,85.58248711
1,0,1,0,0,1,0,1,0,1,0,85.90663028
1,0,1,0,0,1,0,1,0,1,1,85.68262434
1,0,1,0,0,1,0,1,1,0,0,85.61937141
1,0,1,0,0,1,0,1,1,0,1,78.15898967
1,0,1,0,0,1,0,1,1,1,0,52.50587416
1,0,1,0,0,1,0,1,1,1,1,85.59314179
1,0,1,0,0,1,1,0,0,0,0,41.83361459
1,0,1,0,0,1,1,0,0,0,1,42.65244484
1,0,1,0,0,1,1,0,0,1,0,41.68518829
1,0,1,0,0,1,1,0,0,1,1,42.08401418
1,0,1,0,0,1,1,0,1,0,0,41.88624692
1,0,1,0,0,1,1,0,1,0,1,42.61808276
1,0,1,0,0,1,1,0,1,1,0,41.94036746
1,0,1,0,0,1,1,0,1,1,1,42.75283742
1,0,1,0,0,1,1,1,0,0,0,64.51728678
1,0,1,0,0,1,1,1,0,0,1,64.37404728
1,0,1,0,0,1,1,1,0,1,0,64.56852412
1,0,1,0,0,1,1,1,0,1,1,64.37813497
1,0,1,0,0,1,1,1,1,0,0,64.47011352
1,0,1,0,0,1,1,1,1,0,1,65.46249127
1,0,1,0,0,1,1,1,1,1,0,64.87388539
1,0,1,0,0,1,1,1,1,1,1,64.8540926
1,0,1,0,1,0,0,0,0,0,0,54.24887013
1,0,1,0,1,0,0,0,0,0,1,54.29075694
1,0,1,0,1,0,0,0,0,1,0,54.30135202
1,0,1,0,1,0,0,0,0,1,1,54.243011
1,0,1,0,1,0,0,0,1,0,0,54.11193514
1,0,1,0,1,0,0,0,1,0,1,55.26024175
1,0,1,0,1,0,0,0,1,1,0,54.27841473
1,0,1,0,1,0,0,0,1,1,1,55.26833582
1,0,1,0,1,0,0,1,0,0,0,86.44141555
1,0,1,0,1,0,0,1,0,0,1,85.45982504
1,0,1,0,1,0,0,1,0,1,0,86.64830542
1,0,1,0,1,0,0,1,0,1,1,85.5999732
1,0,1,0,1,0,0,1,1,0,0,85.73650789
1,0,1,0,1,0,0,1,1,0,1,85.56413841
1,0,1,0,1,0,0,1,1,1,0,85.6606636
1,0,1,0,1,0,0,1,1,1,1,85.83839989
1,0,1,0,1,0,1,0,0,0,0,41.35472322
1,0,1,0,1,0,1,0,0,0,1,41.27111292
1,0,1,0,1,0,1,0,0,1,0,41.50887203
1,0,1,0,1,0,1,0,0,1,1,42.43842983
1,0,1,0,1,0,1,0,1,0,0,41.50842977
1,0,1,0,1,0,1,0,1,0,1,41.40977192
1,0,1,0,1,0,1,0,1,1,0,41.50912261
1,0,1,0,1,0,1,0,1,1,1,41.30532932
1,0,1,0,1,0,1,1,0,0,0,65.01127434
1,0,1,0,1,0,1,1,0,0,1,64.54510498
1,0,1,0,1,0,1,1,0,1,0,64.37358451
1,0,1,0,1,0,1,1,0,1,1,64.15382552
1,0,1,0,1,0,1,1,1,0,0,64.99367595
1,0,1,0,1,0,1,1,1,0,1,64.32351995
1,0,1,0,1,0,1,1,1,1,0,64.47270346
1,0,1,0,1,0,1,1,1,1,1,39.98251724
1,0,1,0,1,1,0,0,0,0,0,37.54491782
1,0,1,0,1,1,0,0,0,0,1,54.48204279
1,0,1,0,1,1,0,0,0,1,0,54.6518321
1,0,1,0,1,1,0,0,0,1,1,55.55692148
1,0,1,0,1,1,0,0,1,0,0,54.47737336
1,0,1,0,1,1,0,0,1,0,1,54.86721802
1,0,1,0,1,1,0,0,1,1,0,54.67447042
1,0,1,0,1,1,0,0,1,1,1,55.83459878
1,0,1,0,1,1,0,1,0,0,0,86.15531158
1,0,1,0,1,1,0,1,0,0,1,86.10153461
1,0,1,0,1,1,0,1,0,1,0,86.49940157
1,0,1,0,1,1,0,1,0,1,1,87.34757304
1,0,1,0,1,1,0,1,1,0,0,86.29538059
1,0,1,0,1,1,0,1,1,0,1,87.44234252
1,0,1,0,1,1,0,1,1,1,0,86.14590192
1,0,1,0,1,1,0,1,1,1,1,86.54268646
1,0,1,0,1,1,1,0,0,0,0,41.77740264
1,0,1,0,1,1,1,0,0,0,1,41.67631531
1,0,1,0,1,1,1,0,0,1,0,41.82276607
1,0,1,0,1,1,1,0,0,1,1,41.91391134
1,0,1,0,1,1,1,0,1,0,0,41.71089625
1,0,1,0,1,1,1,0,1,0,1,41.68075585
1,0,1,0,1,1,1,0,1,1,0,42.12519431
1,0,1,0,1,1,1,0,1,1,1,42.87628698
1,0,1,0,1,1,1,1,0,0,0,64.97936583
1,0,1,0,1,1,1,1,0,0,1,65.73494887
1,0,1,0,1,1,1,1,0,1,0,66.29482174
1,0,1,0,1,1,1,1,0,1,1,65.31200624
1,0,1,0,1,1,1,1,1,0,0,64.94198036
1,0,1,0,1,1,1,1,1,0,1,65.20512986
1,0,1,0,1,1,1,1,1,1,0,65.19073987
1,0,1,0,1,1,1,1,1,1,1,66.08208203
1,0,1,1,0,0,0,0,0,0,0,197.9268706
1,0,1,1,0,0,0,0,0,0,1,198.2718947
1,0,1,1,0,0,0,0,0,1,0,179.8351231
1,0,1,1,0,0,0,0,0,1,1,181.254467
1,0,1,1,0,0,0,0,1,0,0,183.6733174
1,0,1,1,0,0,0,0,1,0,1,141.2540145
1,0,1,1,0,0,0,0,1,1,0,178.7810907
1,0,1,1,0,0,0,0,1,1,1,178.7092032
1,0,1,1,0,0,0,1,0,0,0,344.7986004
1,0,1,1,0,0,0,1,0,0,1,340.7967992
1,0,1,1,0,0,0,1,0,1,0,307.5222769
1,0,1,1,0,0,0,1,0,1,1,307.3802149
1,0,1,1,0,0,0,1,1,0,0,313.0466554
1,0,1,1,0,0,0,1,1,0,1,312.5741153
1,0,1,1,0,0,0,1,1,1,0,305.8292274
1,0,1,1,0,0,0,1,1,1,1,310.2723575
1,0,1,1,0,0,1,0,0,0,0,150.7360792
1,0,1,1,0,0,1,0,0,0,1,107.2399549
1,0,1,1,0,0,1,0,0,1,0,149.2227497
1,0,1,1,0,0,1,0,0,1,1,147.3845732
1,0,1,1,0,0,1,0,1,0,0,146.6512253
1,0,1,1,0,0,1,0,1,0,1,148.3489413
1,0,1,1,0,0,1,0,1,1,0,147.788419
1,0,1,1,0,0,1,0,1,1,1,147.6424522
1,0,1,1,0,0,1,1,0,0,0,264.2862632
1,0,1,1,0,0,1,1,0,0,1,263.8387637
1,0,1,1,0,0,1,1,0,1,0,258.1001501
1,0,1,1,0,0,1,1,0,1,1,257.0878417
1,0,1,1,0,0,1,1,1,0,0,257.1156874
1,0,1,1,0,0,1,1,1,0,1,260.9105394
1,0,1,1,0,0,1,1,1,1,0,259.1017835
1,0,1,1,0,0,1,1,1,1,1,216.7024834
1,0,1,1,0,1,0,0,0,0,0,198.634424
1,0,1,1,0,1,0,0,0,0,1,198.6351452
1,0,1,1,0,1,0,0,0,1,0,180.9096792
1,0,1,1,0,1,0,0,0,1,1,180.726465
1,0,1,1,0,1,0,0,1,0,0,184.8074923
1,0,1,1,0,1,0,0,1,0,1,185.0979424
1,0,1,1,0,1,0,0,1,1,0,181.5144005
1,0,1,1,0,1,0,0,1,1,1,180.6706455
1,0,1,1,0,1,0,1,0,0,0,345.4950547
1,0,1,1,0,1,0,1,0,0,1,343.4309735
1,0,1,1,0,1,0,1,0,1,0,307.4955912
1,0,1,1,0,1,0,1,0,1,1,308.6482861
1,0,1,1,0,1,0,1,1,0,0,313.5899189
1,0,1,1,0,1,0,1,1,0,1,313.4888427
1,0,1,1,0,1,0,1,1,1,0,306.0071163
1,0,1,1,0,1,0,1,1,1,1,265.3429692
1,0,1,1,0,1,1,0,0,0,0,149.1894085
1,0,1,1,0,1,1,0,0,0,1,150.8081491
1,0,1,1,0,1,1,0,0,1,0,147.5650558
1,0,1,1,0,1,1,0,0,1,1,147.7048059
1,0,1,1,0,1,1,0,1,0,0,146.1497591
1,0,1,1,0,1,1,0,1,0,1,147.8765731
1,0,1,1,0,1,1,0,1,1,0,147.9451532
1,0,1,1,0,1,1,0,1,1,1,148.6717281
1,0,1,1,0,1,1,1,0,0,0,266.5111873
1,0,1,1,0,1,1,1,0,0,1,223.0299082
1,0,1,1,0,1,1,1,0,1,0,260.6223454
1,0,1,1,0,1,1,1,0,1,1,264.7969892
1,0,1,1,0,1,1,1,1,0,0,258.1156635
1,0,1,1,0,1,1,1,1,0,1,258.5697651
1,0,1,1,0,1,1,1,1,1,0,260.382129
1,0,1,1,0,1,1,1,1,1,1,258.701417
1,0,1,1,1,0,0,0,0,0,0,196.8811121
1,0,1,1,1,0,0,0,0,0,1,196.5855579
1,0,1,1,1,0,0,0,0,1,0,187.7555804
1,0,1,1,1,0,0,0,0,1,1,187.188427
1,0,1,1,1,0,0,0,1,0,0,188.8359027
1,0,1,1,1,0,0,0,1,0,1,189.4128327
1,0,1,1,1,0,0,0,1,1,0,186.3197732
1,0,1,1,1,0,0,0,1,1,1,185.1965189
1,0,1,1,1,0,0,1,0,0,0,354.5482464
1,0,1,1,1,0,0,1,0,0,1,311.350744
1,0,1,1,1,0,0,1,0,1,0,328.8210142
1,0,1,1,1,0,0,1,0,1,1,329.718967
1,0,1,1,1,0,0,1,1,0,0,336.2995493
1,0,1,1,1,0,0,1,1,0,1,335.6598461
1,0,1,1,1,0,0,1,1,1,0,326.7549672
1,0,1,1,1,0,0,1,1,1,1,328.508049
1,0,1,1,1,0,1,0,0,0,0,149.284164
1,0,1,1,1,0,1,0,0,0,1,146.8000491
1,0,1,1,1,0,1,0,0,1,0,145.6469502
1,0,1,1,1,0,1,0,0,1,1,145.8757927
1,0,1,1,1,0,1,0,1,0,0,148.2752147
1,0,1,1,1,0,1,0,1,0,1,147.8465984
1,0,1,1,1,0,1,0,1,1,0,146.0359457
1,0,1,1,1,0,1,0,1,1,1,147.143822
1,0,1,1,1,0,1,1,0,0,0,220.7708461
1,0,1,1,1,0,1,1,0,0,1,263.5838487
1,0,1,1,1,0,1,1,0,1,0,259.6405082
1,0,1,1,1,0,1,1,0,1,1,262.0777459
1,0,1,1,1,0,1,1,1,0,0,263.4913957
1,0,1,1,1,0,1,1,1,0,1,262.9946635
1,0,1,1,1,0,1,1,1,1,0,261.3011649
1,0,1,1,1,0,1,1,1,1,1,259.2796671
1,0,1,1,1,1,0,0,0,0,0,196.5395455
1,0,1,1,1,1,0,0,0,0,1,196.8954513
1,0,1,1,1,1,0,0,0,1,0,187.0705898
1,0,1,1,1,1,0,0,0,1,1,187.2517862
1,0,1,1,1,1,0,0,1,0,0,169.2012179
1,0,1,1,1,1,0,0,1,0,1,173.6164036
1,0,1,1,1,1,0,0,1,1,0,187.0581572
1,0,1,1,1,1,0,0,1,1,1,187.092155
1,0,1,1,1,1,0,1,0,0,0,357.4877253
1,0,1,1,1,1,0,1,0,0,1,355.9416757
1,0,1,1,1,1,0,1,0,1,0,331.6316228
1,0,1,1,1,1,0,1,0,1,1,330.9104812
1,0,1,1,1,1,0,1,1,0,0,337.8613374
1,0,1,1,1,1,0,1,1,0,1,339.5625088
1,0,1,1,1,1,0,1,1,1,0,331.1946616
1,0,1,1,1,1,0,1,1,1,1,319.5255842
1,0,1,1,1,1,1,0,0,0,0,119.3668194
1,0,1,1,1,1,1,0,0,0,1,148.2415066
1,0,1,1,1,1,1,0,0,1,0,147.5326679
1,0,1,1,1,1,1,0,0,1,1,149.6604414
1,0,1,1,1,1,1,0,1,0,0,147.8926764
1,0,1,1,1,1,1,0,1,0,1,147.2013474
1,0,1,1,1,1,1,0,1,1,0,146.9238069
1,0,1,1,1,1,1,0,1,1,1,147.105058
1,0,1,1,1,1,1,1,0,0,0,267.7135651
1,0,1,1,1,1,1,1,0,0,1,267.8408604
1,0,1,1,1,1,1,1,0,1,0,262.7527986
1,0,1,1,1,1,1,1,0,1,1,264.6567905
1,0,1,1,1,1,1,1,1,0,0,263.8695982
1,0,1,1,1,1,1,1,1,0,1,280.1037955
1,0,1,1,1,1,1,1,1,1,0,220.9612331
1,0,1,1,1,1,1,1,1,1,1,264.1035945
1,1,0,0,0,0,0,0,0,0,0,108.9158282
1,1,0,0,0,0,0,0,0,0,1,109.0867257
1,1,0,0,0,0,0,0,0,1,0,108.7806807
1,1,0,0,0,0,0,0,0,1,1,108.7826335
1,1,0,0,0,0,0,0,1,0,0,109.1681292
1,1,0,0,0,0,0,0,1,0,1,109.3102558
1,1,0,0,0,0,0,0,1,1,0,108.8533494
1,1,0,0,0,0,0,0,1,1,1,109.7975068
1,1,0,0,0,0,0,1,0,0,0,171.2531147
1,1,0,0,0,0,0,1,0,0,1,171.1369445
1,1,0,0,0,0,0,1,0,1,0,171.3418183
1,1,0,0,0,0,0,1,0,1,1,172.8189044
1,1,0,0,0,0,0,1,1,0,0,171.9182673
1,1,0,0,0,0,0,1,1,0,1,171.4015009
1,1,0,0,0,0,0,1,1,1,0,140.5285635
1,1,0,0,0,0,0,1,1,1,1,164.1391487
1,1,0,0,0,0,1,0,0,0,0,83.8187387
1,1,0,0,0,0,1,0,0,0,1,84.0358603
1,1,0,0,0,0,1,0,0,1,0,83.47850156
1,1,0,0,0,0,1,0,0,1,1,83.95239329
1,1,0,0,0,0,1,0,1,0,0,83.62102103
1,1,0,0,0,0,1,0,1,0,1,82.95120335
1,1,0,0,0,0,1,0,1,1,0,83.38873744
1,1,0,0,0,0,1,0,1,1,1,83.70527053
1,1,0,0,0,0,1,1,0,0,0,128.4756517
1,1,0,0,0,0,1,1,0,0,1,128.3903227
1,1,0,0,0,0,1,1,0,1,0,130.0302553
1,1,0,0,0,0,1,1,0,1,1,129.3004854
1,1,0,0,0,0,1,1,1,0,0,129.4204719
1,1,0,0,0,0,1,1,1,0,1,129.1569753
1,1,0,0,0,0,1,1,1,1,0,129.2195661
1,1,0,0,0,0,1,1,1,1,1,128.989157
1,1,0,0,0,1,0,0,0,0,0,109.9205849
1,1,0,0,0,1,0,0,0,0,1,109.1570606
1,1,0,0,0,1,0,0,0,1,0,109.26266
1,1,0,0,0,1,0,0,0,1,1,109.6795745
1,1,0,0,0,1,0,0,1,0,0,109.5806189
1,1,0,0,0,1,0,0,1,0,1,110.2591407
1,1,0,0,0,1,0,0,1,1,0,109.9013383
1,1,0,0,0,1,0,0,1,1,1,109.5534644
1,1,0,0,0,1,0,1,0,0,0,166.778219
1,1,0,0,0,1,0,1,0,0,1,138.589781
1,1,0,0,0,1,0,1,0,1,0,172.2386019
1,1,0,0,0,1,0,1,0,1,1,172.2328143
1,1,0,0,0,1,0,1,1,0,0,172.335465
1,1,0,0,0,1,0,1,1,0,1,172.0958586
1,1,0,0,0,1,0,1,1,1,0,172.4425769
1,1,0,0,0,1,0,1,1,1,1,172.4853916
1,1,0,0,0,1,1,0,0,0,0,84.1182375
1,1,0,0,0,1,1,0,0,0,1,83.72764015
1,1,0,0,0,1,1,0,0,1,0,84.20533085
1,1,0,0,0,1,1,0,0,1,1,83.58203673
1,1,0,0,0,1,1,0,1,0,0,83.23160696
1,1,0,0,0,1,1,0,1,0,1,83.40443492
1,1,0,0,0,1,1,0,1,1,0,84.02296686
1,1,0,0,0,1,1,0,1,1,1,84.43493533
1,1,0,0,0,1,1,1,0,0,0,129.1789896
1,1,0,0,0,1,1,1,0,0,1,129.6796432
1,1,0,0,0,1,1,1,0,1,0,128.8448966
1,1,0,0,0,1,1,1,0,1,1,129.3388669
1,1,0,0,0,1,1,1,1,0,0,127.9222512
1,1,0,0,0,1,1,1,1,0,1,129.727051
1,1,0,0,0,1,1,1,1,1,0,129.1700668
1,1,0,0,0,1,1,1,1,1,1,129.4746621
1,1,0,0,1,0,0,0,0,0,0,66.60666609
1,1,0,0,1,0,0,0,0,0,1,109.0462575
1,1,0,0,1,0,0,0,0,1,0,109.0554092
1,1,0,0,1,0,0,0,0,1,1,109.0822132
1,1,0,0,1,0,0,0,1,0,0,108.778342
1,1,0,0,1,0,0,0,1,0,1,109.8752913
1,1,0,0,1,0,0,0,1,1,0,109.2760096
1,1,0,0,1,0,0,0,1,1,1,109.6568666
1,1,0,0,1,0,0,1,0,0,0,171.6033862
1,1,0,0,1,0,0,1,0,0,1,171.7551212
1,1,0,0,1,0,0,1,0,1,0,130.0753441
1,1,0,0,1,0,0,1,0,1,1,172.4431505
1,1,0,0,1,0,0,1,1,0,0,172.1887572
1,1,0,0,1,0,0,1,1,0,1,172.8357658
1,1,0,0,1,0,0,1,1,1,0,172.328439
1,1,0,0,1,0,0,1,1,1,1,172.5703216
1,1,0,0,1,0,1,0,0,0,0,82.96679544
1,1,0,0,1,0,1,0,0,0,1,83.68445992
1,1,0,0,1,0,1,0,0,1,0,83.56758976
1,1,0,0,1,0,1,0,0,1,1,83.90164566
1,1,0,0,1,0,1,0,1,0,0,83.25562835
1,1,0,0,1,0,1,0,1,0,1,83.86648369
1,1,0,0,1,0,1,0,1,1,0,83.73992825
1,1,0,0,1,0,1,0,1,1,1,83.00641274
1,1,0,0,1,0,1,1,0,0,0,128.6190622
1,1,0,0,1,0,1,1,0,0,1,127.7362702
1,1,0,0,1,0,1,1,0,1,0,128.7249081
1,1,0,0,1,0,1,1,0,1,1,127.9630225
1,1,0,0,1,0,1,1,1,0,0,129.6839647
1,1,0,0,1,0,1,1,1,0,1,129.5935221
1,1,0,0,1,0,1,1,1,1,0,129.1143999
1,1,0,0,1,0,1,1,1,1,1,129.1069503
1,1,0,0,1,1,0,0,0,0,0,109.2320697
1,1,0,0,1,1,0,0,0,0,1,109.5383501
1,1,0,0,1,1,0,0,0,1,0,110.2310913
1,1,0,0,1,1,0,0,0,1,1,108.7056663
1,1,0,0,1,1,0,0,1,0,0,108.6828878
1,1,0,0,1,1,0,0,1,0,1,109.6800416
1,1,0,0,1,1,0,0,1,1,0,110.0460639
1,1,0,0,1,1,0,0,1,1,1,109.8917918
1,1,0,0,1,1,0,1,0,0,0,172.4084296
1,1,0,0,1,1,0,1,0,0,1,172.6697364
1,1,0,0,1,1,0,1,0,1,0,172.9609494
1,1,0,0,1,1,0,1,0,1,1,174.0189347
1,1,0,0,1,1,0,1,1,0,0,172.9504652
1,1,0,0,1,1,0,1,1,0,1,130.5553551
1,1,0,0,1,1,0,1,1,1,0,174.0221801
1,1,0,0,1,1,0,1,1,1,1,172.927402
1,1,0,0,1,1,1,0,0,0,0,83.40249062
1,1,0,0,1,1,1,0,0,0,1,83.49787688
1,1,0,0,1,1,1,0,0,1,0,84.15314364
1,1,0,0,1,1,1,0,0,1,1,84.45240617
1,1,0,0,1,1,1,0,1,0,0,83.68512082
1,1,0,0,1,1,1,0,1,0,1,84.12208438
1,1,0,0,1,1,1,0,1,1,0,84.40438652
1,1,0,0,1,1,1,0,1,1,1,83.58109879
1,1,0,0,1,1,1,1,0,0,0,129.6378713
1,1,0,0,1,1,1,1,0,0,1,129.3060749
1,1,0,0,1,1,1,1,0,1,0,129.7523787
1,1,0,0,1,1,1,1,0,1,1,130.5723829
1,1,0,0,1,1,1,1,1,0,0,130.5318789
1,1,0,0,1,1,1,1,1,0,1,130.6521454
1,1,0,0,1,1,1,1,1,1,0,130.0811901
1,1,0,0,1,1,1,1,1,1,1,129.9313796
1,1,0,1,0,0,0,0,0,0,0,383.5170417
1,1,0,1,0,0,0,0,0,0,1,376.459965
1,1,0,1,0,0,0,0,0,1,0,334.8165696
1,1,0,1,0,0,0,0,0,1,1,362.830744
1,1,0,1,0,0,0,0,1,0,0,367.0025914
1,1,0,1,0,0,0,0,1,0,1,365.6942756
1,1,0,1,0,0,0,0,1,1,0,363.0157278
1,1,0,1,0,0,0,0,1,1,1,363.6255324
1,1,0,1,0,0,0,1,0,0,0,680.1862502
1,1,0,1,0,0,0,1,0,0,1,680.5409877
1,1,0,1,0,0,0,1,0,1,0,605.2088995
1,1,0,1,0,0,0,1,0,1,1,647.7092299
1,1,0,1,0,0,0,1,1,0,0,649.8514819
1,1,0,1,0,0,0,1,1,0,1,649.5184054
1,1,0,1,0,0,0,1,1,1,0,646.0986748
1,1,0,1,0,0,0,1,1,1,1,603.5362132
1,1,0,1,0,0,1,0,0,0,0,298.1904545
1,1,0,1,0,0,1,0,0,0,1,299.3743107
1,1,0,1,0,0,1,0,0,1,0,298.2137423
1,1,0,1,0,0,1,0,0,1,1,297.8674939
1,1,0,1,0,0,1,0,1,0,0,297.7531984
1,1,0,1,0,0,1,0,1,0,1,295.9310668
1,1,0,1,0,0,1,0,1,1,0,296.3284423
1,1,0,1,0,0,1,0,1,1,1,297.1888838
1,1,0,1,0,0,1,1,0,0,0,482.9866936
1,1,0,1,0,0,1,1,0,0,1,525.9621434
1,1,0,1,0,0,1,1,0,1,0,521.2980769
1,1,0,1,0,0,1,1,0,1,1,522.1991413
1,1,0,1,0,0,1,1,1,0,0,519.1613274
1,1,0,1,0,0,1,1,1,0,1,477.8026013
1,1,0,1,0,0,1,1,1,1,0,522.1604481
1,1,0,1,0,0,1,1,1,1,1,521.4291697
1,1,0,1,0,1,0,0,0,0,0,383.5178108
1,1,0,1,0,1,0,0,0,0,1,383.3138812
1,1,0,1,0,1,0,0,0,1,0,363.8846772
1,1,0,1,0,1,0,0,0,1,1,364.0647738
1,1,0,1,0,1,0,0,1,0,0,366.8185158
1,1,0,1,0,1,0,0,1,0,1,323.6260393
1,1,0,1,0,1,0,0,1,1,0,363.868566
1,1,0,1,0,1,0,0,1,1,1,363.5720072
1,1,0,1,0,1,0,1,0,0,0,679.8188579
1,1,0,1,0,1,0,1,0,0,1,679.0515242
1,1,0,1,0,1,0,1,0,1,0,675.9112759
1,1,0,1,0,1,0,1,0,1,1,604.8617992
1,1,0,1,0,1,0,1,1,0,0,652.0159316
1,1,0,1,0,1,0,1,1,0,1,651.0940545
1,1,0,1,0,1,0,1,1,1,0,603.7727983
1,1,0,1,0,1,0,1,1,1,1,646.050936
1,1,0,1,0,1,1,0,0,0,0,298.3397102
1,1,0,1,0,1,1,0,0,0,1,298.1434531
1,1,0,1,0,1,1,0,0,1,0,297.5319393
1,1,0,1,0,1,1,0,0,1,1,298.36901
1,1,0,1,0,1,1,0,1,0,0,296.4312389
1,1,0,1,0,1,1,0,1,0,1,296.3381062
1,1,0,1,0,1,1,0,1,1,0,298.2889733
1,1,0,1,0,1,1,0,1,1,1,298.1588104
1,1,0,1,0,1,1,1,0,0,0,487.2631967
1,1,0,1,0,1,1,1,0,0,1,529.6842048
1,1,0,1,0,1,1,1,0,1,0,525.7601736
1,1,0,1,0,1,1,1,0,1,1,526.3954971
1,1,0,1,0,1,1,1,1,0,0,524.1383445
1,1,0,1,0,1,1,1,1,0,1,481.1096456
1,1,0,1,0,1,1,1,1,1,0,527.7030897
1,1,0,1,0,1,1,1,1,1,1,527.1851242
1,1,0,1,1,0,0,0,0,0,0,394.8854806
1,1,0,1,1,0,0,0,0,0,1,395.6577742
1,1,0,1,1,0,0,0,0,1,0,373.2694647
1,1,0,1,1,0,0,0,0,1,1,367.4005253
1,1,0,1,1,0,0,0,1,0,0,350.8829386
1,1,0,1,1,0,0,0,1,0,1,379.5509531
1,1,0,1,1,0,0,0,1,1,0,371.0631399
1,1,0,1,1,0,0,0,1,1,1,370.8789465
1,1,0,1,1,0,0,1,0,0,0,712.0799413
1,1,0,1,1,0,0,1,0,0,1,712.5985804
1,1,0,1,1,0,0,1,0,1,0,620.7398796
1,1,0,1,1,0,0,1,0,1,1,663.1516709
1,1,0,1,1,0,0,1,1,0,0,677.2555349
1,1,0,1,1,0,0,1,1,0,1,678.672817
1,1,0,1,1,0,0,1,1,1,0,660.3146167
1,1,0,1,1,0,0,1,1,1,1,629.7703505
1,1,0,1,1,0,1,0,0,0,0,296.0071518
1,1,0,1,1,0,1,0,0,0,1,296.26179
1,1,0,1,1,0,1,0,0,1,0,292.9078531
1,1,0,1,1,0,1,0,0,1,1,294.0489874
1,1,0,1,1,0,1,0,1,0,0,294.9493923
1,1,0,1,1,0,1,0,1,0,1,295.1966102
1,1,0,1,1,0,1,0,1,1,0,294.2118461
1,1,0,1,1,0,1,0,1,1,1,249.345113
1,1,0,1,1,0,1,1,0,0,0,532.4308805
1,1,0,1,1,0,1,1,0,0,1,533.2021811
1,1,0,1,1,0,1,1,0,1,0,524.4942467
1,1,0,1,1,0,1,1,0,1,1,525.0364306
1,1,0,1,1,0,1,1,1,0,0,528.5899663
1,1,0,1,1,0,1,1,1,0,1,485.3083909
1,1,0,1,1,0,1,1,1,1,0,524.4912205
1,1,0,1,1,0,1,1,1,1,1,524.5017569
1,1,0,1,1,1,0,0,0,0,0,397.5268714
1,1,0,1,1,1,0,0,0,0,1,397.9149232
1,1,0,1,1,1,0,0,0,1,0,376.3122079
1,1,0,1,1,1,0,0,0,1,1,331.7709827
1,1,0,1,1,1,0,0,1,0,0,381.3495429
1,1,0,1,1,1,0,0,1,0,1,382.0221019
1,1,0,1,1,1,0,0,1,1,0,373.8619444
1,1,0,1,1,1,0,0,1,1,1,373.3989425
1,1,0,1,1,1,0,1,0,0,0,716.2735472
1,1,0,1,1,1,0,1,0,0,1,673.423924
1,1,0,1,1,1,0,1,0,1,0,666.1002266
1,1,0,1,1,1,0,1,0,1,1,666.3745322
1,1,0,1,1,1,0,1,1,0,0,680.0655277
1,1,0,1,1,1,0,1,1,0,1,680.9191864
1,1,0,1,1,1,0,1,1,1,0,623.38148
1,1,0,1,1,1,0,1,1,1,1,664.8426926
1,1,0,1,1,1,1,0,0,0,0,298.5457029
1,1,0,1,1,1,1,0,0,0,1,299.0642362
1,1,0,1,1,1,1,0,0,1,0,295.5497658
1,1,0,1,1,1,1,0,0,1,1,323.8242884
1,1,0,1,1,1,1,0,1,0,0,298.2332788
1,1,0,1,1,1,1,0,1,0,1,296.9537723
1,1,0,1,1,1,1,0,1,1,0,251.469336
1,1,0,1,1,1,1,0,1,1,1,295.3934121
1,1,0,1,1,1,1,1,0,0,0,537.015564
1,1,0,1,1,1,1,1,0,0,1,534.8879266
1,1,0,1,1,1,1,1,0,1,0,529.7421219
1,1,0,1,1,1,1,1,0,1,1,529.0008125
1,1,0,1,1,1,1,1,1,0,0,489.5838017
1,1,0,1,1,1,1,1,1,0,1,531.7878339
1,1,0,1,1,1,1,1,1,1,0,529.4614382
1,1,0,1,1,1,1,1,1,1,1,530.6100376
1,1,1,0,0,0,0,0,0,0,0,54.69778895
1,1,1,0,0,0,0,0,0,0,1,54.69478393
1,1,1,0,0,0,0,0,0,1,0,54.86338091
1,1,1,0,0,0,0,0,0,1,1,55.03817511
1,1,1,0,0,0,0,0,1,0,0,54.77873206
1,1,1,0,0,0,0,0,1,0,1,54.6471107
1,1,1,0,0,0,0,0,1,1,0,55.04532027
1,1,1,0,0,0,0,0,1,1,1,54.86647725
1,1,1,0,0,0,0,1,0,0,0,85.59699941
1,1,1,0,0,0,0,1,0,0,1,85.9752152
1,1,1,0,0,0,0,1,0,1,0,85.85885
1,1,1,0,0,0,0,1,0,1,1,85.78103971
1,1,1,0,0,0,0,1,1,0,0,86.52071452
1,1,1,0,0,0,0,1,1,0,1,85.85828471
1,1,1,0,0,0,0,1,1,1,0,85.74490499
1,1,1,0,0,0,0,1,1,1,1,85.78787565
1,1,1,0,0,0,1,0,0,0,0,23.77175283
1,1,1,0,0,0,1,0,0,0,1,18.74699736
1,1,1,0,0,0,1,0,0,1,0,41.8226068
1,1,1,0,0,0,1,0,0,1,1,41.7900281
1,1,1,0,0,0,1,0,1,0,0,42.12474179
1,1,1,0,0,0,1,0,1,0,1,41.67399311
1,1,1,0,0,0,1,0,1,1,0,41.56710982
1,1,1,0,0,0,1,0,1,1,1,42.04790735
1,1,1,0,0,0,1,1,0,0,0,64.53211164
1,1,1,0,0,0,1,1,0,0,1,64.64103937
1,1,1,0,0,0,1,1,0,1,0,64.58332777
1,1,1,0,0,0,1,1,0,1,1,64.42165112
1,1,1,0,0,0,1,1,1,0,0,64.90711856
1,1,1,0,0,0,1,1,1,0,1,64.20465589
1,1,1,0,0,0,1,1,1,1,0,64.38771725
1,1,1,0,0,0,1,1,1,1,1,64.44511294
1,1,1,0,0,1,0,0,0,0,0,54.78674316
1,1,1,0,0,1,0,0,0,0,1,55.12878394
1,1,1,0,0,1,0,0,0,1,0,55.07192922
1,1,1,0,0,1,0,0,0,1,1,54.65050149
1,1,1,0,0,1,0,0,1,0,0,54.96318054
1,1,1,0,0,1,0,0,1,0,1,54.65652752
1,1,1,0,0,1,0,0,1,1,0,54.96697021
1,1,1,0,0,1,0,0,1,1,1,54.79264855
1,1,1,0,0,1,0,1,0,0,0,85.72345924
1,1,1,0,0,1,0,1,0,0,1,85.91342735
1,1,1,0,0,1,0,1,0,1,0,86.09081793
1,1,1,0,0,1,0,1,0,1,1,85.89826226
1,1,1,0,0,1,0,1,1,0,0,85.80491853
1,1,1,0,0,1,0,1,1,0,1,85.9332006
1,1,1,0,0,1,0,1,1,1,0,86.41657996
1,1,1,0,0,1,0,1,1,1,1,85.77438068
1,1,1,0,0,1,1,0,0,0,0,41.92340231
1,1,1,0,0,1,1,0,0,0,1,41.82635856
1,1,1,0,0,1,1,0,0,1,0,41.81480336
1,1,1,0,0,1,1,0,0,1,1,42.20310569
1,1,1,0,0,1,1,0,1,0,0,41.80994654
1,1,1,0,0,1,1,0,1,0,1,41.76103449
1,1,1,0,0,1,1,0,1,1,0,41.93235636
1,1,1,0,0,1,1,0,1,1,1,41.6753273
1,1,1,0,0,1,1,1,0,0,0,64.79417658
1,1,1,0,0,1,1,1,0,0,1,64.38189077
1,1,1,0,0,1,1,1,0,1,0,64.78942442
1,1,1,0,0,1,1,1,0,1,1,65.08859324
1,1,1,0,0,1,1,1,1,0,0,64.42535305
1,1,1,0,0,1,1,1,1,0,1,64.60454893
1,1,1,0,0,1,1,1,1,1,0,64.63345504
1,1,1,0,0,1,1,1,1,1,1,64.65620279
1,1,1,0,1,0,0,0,0,0,0,54.4254663
1,1,1,0,1,0,0,0,0,0,1,54.35536027
1,1,1,0,1,0,0,0,0,1,0,54.51358891
1,1,1,0,1,0,0,0,0,1,1,54.72184825
1,1,1,0,1,0,0,0,1,0,0,54.82873869
1,1,1,0,1,0,0,0,1,0,1,54.16201591
1,1,1,0,1,0,0,0,1,1,0,54.51478314
1,1,1,0,1,0,0,0,1,1,1,54.24671936
1,1,1,0,1,0,0,1,0,0,0,44.08458519
1,1,1,0,1,0,0,1,0,0,1,85.8554244
1,1,1,0,1,0,0,1,0,1,0,85.63089633
1,1,1,0,1,0,0,1,0,1,1,85.58833814
1,1,1,0,1,0,0,1,1,0,0,86.00237346
1,1,1,0,1,0,0,1,1,0,1,85.51235032
1,1,1,0,1,0,0,1,1,1,0,85.93907213
1,1,1,0,1,0,0,1,1,1,1,86.07052445
1,1,1,0,1,0,1,0,0,0,0,41.73269558
1,1,1,0,1,0,1,0,0,0,1,41.72462273
1,1,1,0,1,0,1,0,0,1,0,41.52280974
1,1,1,0,1,0,1,0,0,1,1,41.50549531
1,1,1,0,1,0,1,0,1,0,0,41.56091475
1,1,1,0,1,0,1,0,1,0,1,41.91094041
1,1,1,0,1,0,1,0,1,1,0,41.87394047
1,1,1,0,1,0,1,0,1,1,1,41.51092005
1,1,1,0,1,0,1,1,0,0,0,64.63550377
1,1,1,0,1,0,1,1,0,0,1,64.32172918
1,1,1,0,1,0,1,1,0,1,0,64.42032194
1,1,1,0,1,0,1,1,0,1,1,64.29797602
1,1,1,0,1,0,1,1,1,0,0,64.20400834
1,1,1,0,1,0,1,1,1,0,1,64.48269606
1,1,1,0,1,0,1,1,1,1,0,65.05263758
1,1,1,0,1,0,1,1,1,1,1,64.67397046
1,1,1,0,1,1,0,0,0,0,0,54.41549969
1,1,1,0,1,1,0,0,0,0,1,54.54120684
1,1,1,0,1,1,0,0,0,1,0,54.96095848
1,1,1,0,1,1,0,0,0,1,1,54.58088088
1,1,1,0,1,1,0,0,1,0,0,54.53242993
1,1,1,0,1,1,0,0,1,0,1,54.8717103
1,1,1,0,1,1,0,0,1,1,0,55.05534053
1,1,1,0,1,1,0,0,1,1,1,54.57254434
1,1,1,0,1,1,0,1,0,0,0,85.84840441
1,1,1,0,1,1,0,1,0,0,1,85.82838964
1,1,1,0,1,1,0,1,0,1,0,85.85582376
1,1,1,0,1,1,0,1,0,1,1,85.82743835
1,1,1,0,1,1,0,1,1,0,0,85.88069892
1,1,1,0,1,1,0,1,1,0,1,86.30641913
1,1,1,0,1,1,0,1,1,1,0,86.18582559
1,1,1,0,1,1,0,1,1,1,1,86.23616982
1,1,1,0,1,1,1,0,0,0,0,41.93511176
1,1,1,0,1,1,1,0,0,0,1,42.12150049
1,1,1,0,1,1,1,0,0,1,0,41.9316783
1,1,1,0,1,1,1,0,0,1,1,41.66084766
1,1,1,0,1,1,1,0,1,0,0,41.72086096
1,1,1,0,1,1,1,0,1,0,1,41.69384861
1,1,1,0,1,1,1,0,1,1,0,42.25356817
1,1,1,0,1,1,1,0,1,1,1,41.82936597
1,1,1,0,1,1,1,1,0,0,0,22.21778131
1,1,1,0,1,1,1,1,0,0,1,64.75404906
1,1,1,0,1,1,1,1,0,1,0,65.31392837
1,1,1,0,1,1,1,1,0,1,1,64.92344737
1,1,1,0,1,1,1,1,1,0,0,64.88660669
1,1,1,0,1,1,1,1,1,0,1,64.43522859
1,1,1,0,1,1,1,1,1,1,0,64.87276435
1,1,1,0,1,1,1,1,1,1,1,64.99050641
1,1,1,1,0,0,0,0,0,0,0,197.897738
1,1,1,1,0,0,0,0,0,0,1,197.9014766
1,1,1,1,0,0,0,0,0,1,0,179.937866
1,1,1,1,0,0,0,0,0,1,1,179.886586
1,1,1,1,0,0,0,0,1,0,0,183.2583716
1,1,1,1,0,0,0,0,1,0,1,191.7337346
1,1,1,1,0,0,0,0,1,1,0,179.2456386
1,1,1,1,0,0,0,0,1,1,1,179.0007014
1,1,1,1,0,0,0,1,0,0,0,344.2160299
1,1,1,1,0,0,0,1,0,0,1,341.7982361
1,1,1,1,0,0,0,1,0,1,0,306.9774837
1,1,1,1,0,0,0,1,0,1,1,306.9080038
1,1,1,1,0,0,0,1,1,0,0,278.5395305
1,1,1,1,0,0,0,1,1,0,1,307.3285129
1,1,1,1,0,0,0,1,1,1,0,306.5970039
1,1,1,1,0,0,0,1,1,1,1,306.2071736
1,1,1,1,0,0,1,0,0,0,0,148.9092183
1,1,1,1,0,0,1,0,0,0,1,148.7969439
1,1,1,1,0,0,1,0,0,1,0,147.3803971
1,1,1,1,0,0,1,0,0,1,1,147.1491582
1,1,1,1,0,0,1,0,1,0,0,146.6635318
1,1,1,1,0,0,1,0,1,0,1,146.7326422
1,1,1,1,0,0,1,0,1,1,0,147.2381763
1,1,1,1,0,0,1,0,1,1,1,146.9789326
1,1,1,1,0,0,1,1,0,0,0,265.1325119
1,1,1,1,0,0,1,1,0,0,1,264.5022798
1,1,1,1,0,0,1,1,0,1,0,257.1172638
1,1,1,1,0,0,1,1,0,1,1,214.2037041
1,1,1,1,0,0,1,1,1,0,0,258.3073957
1,1,1,1,0,0,1,1,1,0,1,257.7926438
1,1,1,1,0,0,1,1,1,1,0,257.5849321
1,1,1,1,0,0,1,1,1,1,1,258.1076646
1,1,1,1,0,1,0,0,0,0,0,198.7492208
1,1,1,1,0,1,0,0,0,0,1,198.7564576
1,1,1,1,0,1,0,0,0,1,0,181.0415988
1,1,1,1,0,1,0,0,0,1,1,180.4984803
1,1,1,1,0,1,0,0,1,0,0,183.847964
1,1,1,1,0,1,0,0,1,0,1,183.7734456
1,1,1,1,0,1,0,0,1,1,0,180.2471566
1,1,1,1,0,1,0,0,1,1,1,141.1603656
1,1,1,1,0,1,0,1,0,0,0,343.3744349
1,1,1,1,0,1,0,1,0,0,1,343.403749
1,1,1,1,0,1,0,1,0,1,0,308.3621285
1,1,1,1,0,1,0,1,0,1,1,309.6929879
1,1,1,1,0,1,0,1,1,0,0,315.2416444
1,1,1,1,0,1,0,1,1,0,1,315.152854
1,1,1,1,0,1,0,1,1,1,0,308.9622545
1,1,1,1,0,1,0,1,1,1,1,266.1192744
1,1,1,1,0,1,1,0,0,0,0,150.6317024
1,1,1,1,0,1,1,0,0,0,1,150.5861897
1,1,1,1,0,1,1,0,0,1,0,148.9443495
1,1,1,1,0,1,1,0,0,1,1,148.8341353
1,1,1,1,0,1,1,0,1,0,0,148.4563193
1,1,1,1,0,1,1,0,1,0,1,147.9157097
1,1,1,1,0,1,1,0,1,1,0,149.1109564
1,1,1,1,0,1,1,0,1,1,1,148.7450969
1,1,1,1,0,1,1,1,0,0,0,267.8095548
1,1,1,1,0,1,1,1,0,0,1,267.1797082
1,1,1,1,0,1,1,1,0,1,0,259.7689402
1,1,1,1,0,1,1,1,0,1,1,259.2701974
1,1,1,1,0,1,1,1,1,0,0,260.7809725
1,1,1,1,0,1,1,1,1,0,1,259.9348168
1,1,1,1,0,1,1,1,1,1,0,261.3383372
1,1,1,1,0,1,1,1,1,1,1,260.5229626
1,1,1,1,1,0,0,0,0,0,0,198.0333128
1,1,1,1,1,0,0,0,0,0,1,183.3449409
1,1,1,1,1,0,0,0,0,1,0,161.7867167
1,1,1,1,1,0,0,0,0,1,1,186.9225955
1,1,1,1,1,0,0,0,1,0,0,190.3485479
1,1,1,1,1,0,0,0,1,0,1,190.3348293
1,1,1,1,1,0,0,0,1,1,0,186.1107097
1,1,1,1,1,0,0,0,1,1,1,185.8181405
1,1,1,1,1,0,0,1,0,0,0,356.0477991
1,1,1,1,1,0,0,1,0,0,1,356.4845884
1,1,1,1,1,0,0,1,0,1,0,332.0779798
1,1,1,1,1,0,0,1,0,1,1,331.6481001
1,1,1,1,1,0,0,1,1,0,0,297.377872
1,1,1,1,1,0,0,1,1,0,1,339.8132429
1,1,1,1,1,0,0,1,1,1,0,331.4038348
1,1,1,1,1,0,0,1,1,1,1,330.7197614
1,1,1,1,1,0,1,0,0,0,0,148.0261955
1,1,1,1,1,0,1,0,0,0,1,148.0699792
1,1,1,1,1,0,1,0,0,1,0,147.193023
1,1,1,1,1,0,1,0,0,1,1,147.1877182
1,1,1,1,1,0,1,0,1,0,0,147.3466961
1,1,1,1,1,0,1,0,1,0,1,147.164603
1,1,1,1,1,0,1,0,1,1,0,146.743418
1,1,1,1,1,0,1,0,1,1,1,146.879499
1,1,1,1,1,0,1,1,0,0,0,265.7094734
1,1,1,1,1,0,1,1,0,0,1,265.7474675
1,1,1,1,1,0,1,1,0,1,0,219.5950017
1,1,1,1,1,0,1,1,0,1,1,260.5588746
1,1,1,1,1,0,1,1,1,0,0,263.446594
1,1,1,1,1,0,1,1,1,0,1,263.8838098
1,1,1,1,1,0,1,1,1,1,0,261.617815
1,1,1,1,1,0,1,1,1,1,1,261.1570225
1,1,1,1,1,1,0,0,0,0,0,198.3479776
1,1,1,1,1,1,0,0,0,0,1,198.6230161
1,1,1,1,1,1,0,0,0,1,0,187.1896815
1,1,1,1,1,1,0,0,0,1,1,187.3795917
1,1,1,1,1,1,0,0,1,0,0,190.7539177
1,1,1,1,1,1,0,0,1,0,1,190.6530306
1,1,1,1,1,1,0,0,1,1,0,144.7544544
1,1,1,1,1,1,0,0,1,1,1,187.223094
1,1,1,1,1,1,0,1,0,0,0,357.4619849
1,1,1,1,1,1,0,1,0,0,1,357.8275144
1,1,1,1,1,1,0,1,0,1,0,333.4218087
1,1,1,1,1,1,0,1,0,1,1,333.6132286
1,1,1,1,1,1,0,1,1,0,0,340.9467516
1,1,1,1,1,1,0,1,1,0,1,340.3937249
1,1,1,1,1,1,0,1,1,1,0,332.939271
1,1,1,1,1,1,0,1,1,1,1,303.5082331
1,1,1,1,1,1,1,0,0,0,0,137.8771944
1,1,1,1,1,1,1,0,0,0,1,149.4366686
1,1,1,1,1,1,1,0,0,1,0,148.0331314
1,1,1,1,1,1,1,0,0,1,1,148.8520136
1,1,1,1,1,1,1,0,1,0,0,148.2595119
1,1,1,1,1,1,1,0,1,0,1,148.8103435
1,1,1,1,1,1,1,0,1,1,0,148.3673627
1,1,1,1,1,1,1,0,1,1,1,148.2323153
1,1,1,1,1,1,1,1,0,0,0,268.7173691
1,1,1,1,1,1,1,1,0,0,1,268.2244463
1,1,1,1,1,1,1,1,0,1,0,264.6334209
1,1,1,1,1,1,1,1,0,1,1,265.3552818
1,1,1,1,1,1,1,1,1,0,0,266.5110354
1,1,1,1,1,1,1,1,1,0,1,266.1781747
1,1,1,1,1,1,1,1,1,1,0,264.2928493
1,1,1,1,1,1,1,1,1,1,1,224.5671396
